changeId,changeType,filePath,logicalCueKey,physicalCueKey,voiceId,beforeStatus,afterStatus,staticRequirePath,verifyAudioImpact,featureGateImpact,reason,notes
manifest-change-001,refresh_generated_voice_v21_pair,src/audio/manifest.ts,checkup-balance-feet-together-v21,checkup-balance-feet-together-v21,clara;marcus,static_require_registered,static_require_registered,"assets/audio/voice/{clara,marcus}/checkup-balance-feet-together-v21.mp3",covered_by_verify_audio_voice_v21_backlog,none_feature_defaults_remain_closed,stale_fingerprint_refresh,Voice V2.1 refresh from final cue registry. Existing generic cue omits eyes-open/support language.
manifest-change-002,refresh_generated_voice_v21_pair,src/audio/manifest.ts,checkup-balance-next-stance-v21,checkup-balance-next-stance-v21,clara;marcus,static_require_registered,static_require_registered,"assets/audio/voice/{clara,marcus}/checkup-balance-next-stance-v21.mp3",covered_by_verify_audio_voice_v21_backlog,none_feature_defaults_remain_closed,stale_fingerprint_refresh,Voice V2.1 refresh from final cue registry. Generic completion lacks next-stance meaning.
manifest-change-003,refresh_generated_voice_v21_pair,src/audio/manifest.ts,checkup-balance-semi-tandem-left-v21,checkup-balance-semi-tandem-left-v21,clara;marcus,static_require_registered,static_require_registered,"assets/audio/voice/{clara,marcus}/checkup-balance-semi-tandem-left-v21.mp3",covered_by_verify_audio_voice_v21_backlog,none_feature_defaults_remain_closed,stale_fingerprint_refresh,Voice V2.1 refresh from final cue registry. Existing cue has no selected lead-foot side.
manifest-change-004,refresh_generated_voice_v21_pair,src/audio/manifest.ts,checkup-balance-semi-tandem-right-v21,checkup-balance-semi-tandem-right-v21,clara;marcus,static_require_registered,static_require_registered,"assets/audio/voice/{clara,marcus}/checkup-balance-semi-tandem-right-v21.mp3",covered_by_verify_audio_voice_v21_backlog,none_feature_defaults_remain_closed,stale_fingerprint_refresh,Voice V2.1 refresh from final cue registry. Existing cue has no selected lead-foot side.
manifest-change-005,refresh_generated_voice_v21_pair,src/audio/manifest.ts,checkup-balance-single-leg-left-v21,checkup-balance-single-leg-left-v21,clara;marcus,static_require_registered,static_require_registered,"assets/audio/voice/{clara,marcus}/checkup-balance-single-leg-left-v21.mp3",covered_by_verify_audio_voice_v21_backlog,none_feature_defaults_remain_closed,stale_fingerprint_refresh,Voice V2.1 refresh from final cue registry. Existing cue uses placeholder selected leg.
manifest-change-006,refresh_generated_voice_v21_pair,src/audio/manifest.ts,checkup-balance-single-leg-right-v21,checkup-balance-single-leg-right-v21,clara;marcus,static_require_registered,static_require_registered,"assets/audio/voice/{clara,marcus}/checkup-balance-single-leg-right-v21.mp3",covered_by_verify_audio_voice_v21_backlog,none_feature_defaults_remain_closed,stale_fingerprint_refresh,Voice V2.1 refresh from final cue registry. Existing cue uses placeholder selected leg.
manifest-change-007,refresh_generated_voice_v21_pair,src/audio/manifest.ts,checkup-balance-support-touch-v21,checkup-balance-support-touch-v21,clara;marcus,static_require_registered,static_require_registered,"assets/audio/voice/{clara,marcus}/checkup-balance-support-touch-v21.mp3",covered_by_verify_audio_voice_v21_backlog,none_feature_defaults_remain_closed,stale_fingerprint_refresh,Voice V2.1 refresh from final cue registry. Needed if explicit support-touch action should be acknowledged by voice.
manifest-change-008,refresh_generated_voice_v21_pair,src/audio/manifest.ts,checkup-balance-tandem-left-v21,checkup-balance-tandem-left-v21,clara;marcus,static_require_registered,static_require_registered,"assets/audio/voice/{clara,marcus}/checkup-balance-tandem-left-v21.mp3",covered_by_verify_audio_voice_v21_backlog,none_feature_defaults_remain_closed,stale_fingerprint_refresh,Voice V2.1 refresh from final cue registry. Existing cue has no selected lead-foot side.
manifest-change-009,refresh_generated_voice_v21_pair,src/audio/manifest.ts,checkup-balance-tandem-right-v21,checkup-balance-tandem-right-v21,clara;marcus,static_require_registered,static_require_registered,"assets/audio/voice/{clara,marcus}/checkup-balance-tandem-right-v21.mp3",covered_by_verify_audio_voice_v21_backlog,none_feature_defaults_remain_closed,stale_fingerprint_refresh,Voice V2.1 refresh from final cue registry. Existing cue has no selected lead-foot side.
manifest-change-010,refresh_generated_voice_v21_pair,src/audio/manifest.ts,equip-balance-support-v21,equip-balance-support-v21,clara;marcus,static_require_registered,static_require_registered,"assets/audio/voice/{clara,marcus}/equip-balance-support-v21.mp3",covered_by_verify_audio_voice_v21_backlog,none_feature_defaults_remain_closed,stale_fingerprint_refresh,Voice V2.1 refresh from final cue registry. Exact Clara/Marcus pair exists in the current physical manifest.
manifest-change-011,refresh_generated_voice_v21_pair,src/audio/manifest.ts,equip-chair-stable-v21,equip-chair-stable-v21,clara;marcus,static_require_registered,static_require_registered,"assets/audio/voice/{clara,marcus}/equip-chair-stable-v21.mp3",covered_by_verify_audio_voice_v21_backlog,none_feature_defaults_remain_closed,stale_fingerprint_refresh,Voice V2.1 refresh from final cue registry. Exact Clara/Marcus pair exists in the current physical manifest.
manifest-change-012,refresh_generated_voice_v21_pair,src/audio/manifest.ts,equip-door-anchor-v21,equip-door-anchor-v21,clara;marcus,static_require_registered,static_require_registered,"assets/audio/voice/{clara,marcus}/equip-door-anchor-v21.mp3",covered_by_verify_audio_voice_v21_backlog,none_feature_defaults_remain_closed,stale_fingerprint_refresh,Voice V2.1 refresh from final cue registry. Exact Clara/Marcus pair exists in the current physical manifest.
manifest-change-013,refresh_generated_voice_v21_pair,src/audio/manifest.ts,equip-floor-transition-v21,equip-floor-transition-v21,clara;marcus,static_require_registered,static_require_registered,"assets/audio/voice/{clara,marcus}/equip-floor-transition-v21.mp3",covered_by_verify_audio_voice_v21_backlog,none_feature_defaults_remain_closed,stale_fingerprint_refresh,Voice V2.1 refresh from final cue registry. Exact Clara/Marcus pair exists in the current physical manifest.
manifest-change-014,refresh_generated_voice_v21_pair,src/audio/manifest.ts,equip-long-band-v21,equip-long-band-v21,clara;marcus,static_require_registered,static_require_registered,"assets/audio/voice/{clara,marcus}/equip-long-band-v21.mp3",covered_by_verify_audio_voice_v21_backlog,none_feature_defaults_remain_closed,stale_fingerprint_refresh,Voice V2.1 refresh from final cue registry. Exact Clara/Marcus pair exists in the current physical manifest.
manifest-change-015,refresh_generated_voice_v21_pair,src/audio/manifest.ts,equip-step-stable-v21,equip-step-stable-v21,clara;marcus,static_require_registered,static_require_registered,"assets/audio/voice/{clara,marcus}/equip-step-stable-v21.mp3",covered_by_verify_audio_voice_v21_backlog,none_feature_defaults_remain_closed,stale_fingerprint_refresh,Voice V2.1 refresh from final cue registry. Exact Clara/Marcus pair exists in the current physical manifest.
manifest-change-016,refresh_generated_voice_v21_pair,src/audio/manifest.ts,equip-support-close-v21,equip-support-close-v21,clara;marcus,static_require_registered,static_require_registered,"assets/audio/voice/{clara,marcus}/equip-support-close-v21.mp3",covered_by_verify_audio_voice_v21_backlog,none_feature_defaults_remain_closed,stale_fingerprint_refresh,Voice V2.1 refresh from final cue registry. Exact Clara/Marcus pair exists in the current physical manifest.
manifest-change-017,refresh_generated_voice_v21_pair,src/audio/manifest.ts,ex-balance-feet-together-hold-first-v21,ex-balance-feet-together-hold-first-v21,clara;marcus,static_require_registered,static_require_registered,"assets/audio/voice/{clara,marcus}/ex-balance-feet-together-hold-first-v21.mp3",covered_by_verify_audio_voice_v21_backlog,none_feature_defaults_remain_closed,stale_fingerprint_refresh,Voice V2.1 refresh from final cue registry. Exact Clara/Marcus pair exists in the current physical manifest.
manifest-change-018,refresh_generated_voice_v21_pair,src/audio/manifest.ts,ex-balance-feet-together-hold-next-v21,ex-balance-feet-together-hold-next-v21,clara;marcus,static_require_registered,static_require_registered,"assets/audio/voice/{clara,marcus}/ex-balance-feet-together-hold-next-v21.mp3",covered_by_verify_audio_voice_v21_backlog,none_feature_defaults_remain_closed,stale_fingerprint_refresh,Voice V2.1 refresh from final cue registry. Exact Clara/Marcus pair exists in the current physical manifest.
manifest-change-019,refresh_generated_voice_v21_pair,src/audio/manifest.ts,ex-balance-single-leg-hold-first-v21,ex-balance-single-leg-hold-first-v21,clara;marcus,static_require_registered,static_require_registered,"assets/audio/voice/{clara,marcus}/ex-balance-single-leg-hold-first-v21.mp3",covered_by_verify_audio_voice_v21_backlog,none_feature_defaults_remain_closed,stale_fingerprint_refresh,Voice V2.1 refresh from final cue registry. Exact Clara/Marcus pair exists in the current physical manifest.
manifest-change-020,refresh_generated_voice_v21_pair,src/audio/manifest.ts,ex-balance-single-leg-hold-next-v21,ex-balance-single-leg-hold-next-v21,clara;marcus,static_require_registered,static_require_registered,"assets/audio/voice/{clara,marcus}/ex-balance-single-leg-hold-next-v21.mp3",covered_by_verify_audio_voice_v21_backlog,none_feature_defaults_remain_closed,stale_fingerprint_refresh,Voice V2.1 refresh from final cue registry. Exact Clara/Marcus pair exists in the current physical manifest.
manifest-change-021,refresh_generated_voice_v21_pair,src/audio/manifest.ts,ex-balance-tandem-hold-first-v21,ex-balance-tandem-hold-first-v21,clara;marcus,static_require_registered,static_require_registered,"assets/audio/voice/{clara,marcus}/ex-balance-tandem-hold-first-v21.mp3",covered_by_verify_audio_voice_v21_backlog,none_feature_defaults_remain_closed,stale_fingerprint_refresh,Voice V2.1 refresh from final cue registry. Exact Clara/Marcus pair exists in the current physical manifest.
manifest-change-022,refresh_generated_voice_v21_pair,src/audio/manifest.ts,ex-balance-tandem-hold-next-v21,ex-balance-tandem-hold-next-v21,clara;marcus,static_require_registered,static_require_registered,"assets/audio/voice/{clara,marcus}/ex-balance-tandem-hold-next-v21.mp3",covered_by_verify_audio_voice_v21_backlog,none_feature_defaults_remain_closed,stale_fingerprint_refresh,Voice V2.1 refresh from final cue registry. Exact Clara/Marcus pair exists in the current physical manifest.
manifest-change-023,refresh_generated_voice_v21_pair,src/audio/manifest.ts,ex-band-pull-apart-first-v21,ex-band-pull-apart-first-v21,clara;marcus,static_require_registered,static_require_registered,"assets/audio/voice/{clara,marcus}/ex-band-pull-apart-first-v21.mp3",covered_by_verify_audio_voice_v21_backlog,none_feature_defaults_remain_closed,stale_fingerprint_refresh,Voice V2.1 refresh from final cue registry. Exact Clara/Marcus pair exists in the current physical manifest.
manifest-change-024,refresh_generated_voice_v21_pair,src/audio/manifest.ts,ex-band-pull-apart-next-v21,ex-band-pull-apart-next-v21,clara;marcus,static_require_registered,static_require_registered,"assets/audio/voice/{clara,marcus}/ex-band-pull-apart-next-v21.mp3",covered_by_verify_audio_voice_v21_backlog,none_feature_defaults_remain_closed,stale_fingerprint_refresh,Voice V2.1 refresh from final cue registry. Exact Clara/Marcus pair exists in the current physical manifest.
manifest-change-025,refresh_generated_voice_v21_pair,src/audio/manifest.ts,ex-chair-supported-split-squat-first-v21,ex-chair-supported-split-squat-first-v21,clara;marcus,static_require_registered,static_require_registered,"assets/audio/voice/{clara,marcus}/ex-chair-supported-split-squat-first-v21.mp3",covered_by_verify_audio_voice_v21_backlog,none_feature_defaults_remain_closed,stale_fingerprint_refresh,Voice V2.1 refresh from final cue registry. Exact Clara/Marcus pair exists in the current physical manifest.
manifest-change-026,refresh_generated_voice_v21_pair,src/audio/manifest.ts,ex-chair-supported-split-squat-next-v21,ex-chair-supported-split-squat-next-v21,clara;marcus,static_require_registered,static_require_registered,"assets/audio/voice/{clara,marcus}/ex-chair-supported-split-squat-next-v21.mp3",covered_by_verify_audio_voice_v21_backlog,none_feature_defaults_remain_closed,stale_fingerprint_refresh,Voice V2.1 refresh from final cue registry. Exact Clara/Marcus pair exists in the current physical manifest.
manifest-change-027,refresh_generated_voice_v21_pair,src/audio/manifest.ts,ex-glute-bridge-hold-first-v21,ex-glute-bridge-hold-first-v21,clara;marcus,static_require_registered,static_require_registered,"assets/audio/voice/{clara,marcus}/ex-glute-bridge-hold-first-v21.mp3",covered_by_verify_audio_voice_v21_backlog,none_feature_defaults_remain_closed,stale_fingerprint_refresh,Voice V2.1 refresh from final cue registry. Exact Clara/Marcus pair exists in the current physical manifest.
manifest-change-028,refresh_generated_voice_v21_pair,src/audio/manifest.ts,ex-glute-bridge-hold-next-v21,ex-glute-bridge-hold-next-v21,clara;marcus,static_require_registered,static_require_registered,"assets/audio/voice/{clara,marcus}/ex-glute-bridge-hold-next-v21.mp3",covered_by_verify_audio_voice_v21_backlog,none_feature_defaults_remain_closed,stale_fingerprint_refresh,Voice V2.1 refresh from final cue registry. Exact Clara/Marcus pair exists in the current physical manifest.
manifest-change-029,refresh_generated_voice_v21_pair,src/audio/manifest.ts,ex-glute-bridge-reps-first-v21,ex-glute-bridge-reps-first-v21,clara;marcus,static_require_registered,static_require_registered,"assets/audio/voice/{clara,marcus}/ex-glute-bridge-reps-first-v21.mp3",covered_by_verify_audio_voice_v21_backlog,none_feature_defaults_remain_closed,stale_fingerprint_refresh,Voice V2.1 refresh from final cue registry. Exact Clara/Marcus pair exists in the current physical manifest.
manifest-change-030,refresh_generated_voice_v21_pair,src/audio/manifest.ts,ex-glute-bridge-reps-next-v21,ex-glute-bridge-reps-next-v21,clara;marcus,static_require_registered,static_require_registered,"assets/audio/voice/{clara,marcus}/ex-glute-bridge-reps-next-v21.mp3",covered_by_verify_audio_voice_v21_backlog,none_feature_defaults_remain_closed,stale_fingerprint_refresh,Voice V2.1 refresh from final cue registry. Exact Clara/Marcus pair exists in the current physical manifest.
manifest-change-031,refresh_generated_voice_v21_pair,src/audio/manifest.ts,ex-heel-raise-free-first-v21,ex-heel-raise-free-first-v21,clara;marcus,static_require_registered,static_require_registered,"assets/audio/voice/{clara,marcus}/ex-heel-raise-free-first-v21.mp3",covered_by_verify_audio_voice_v21_backlog,none_feature_defaults_remain_closed,stale_fingerprint_refresh,Voice V2.1 refresh from final cue registry. Exact Clara/Marcus pair exists in the current physical manifest.
manifest-change-032,refresh_generated_voice_v21_pair,src/audio/manifest.ts,ex-heel-raise-free-next-v21,ex-heel-raise-free-next-v21,clara;marcus,static_require_registered,static_require_registered,"assets/audio/voice/{clara,marcus}/ex-heel-raise-free-next-v21.mp3",covered_by_verify_audio_voice_v21_backlog,none_feature_defaults_remain_closed,stale_fingerprint_refresh,Voice V2.1 refresh from final cue registry. Exact Clara/Marcus pair exists in the current physical manifest.
manifest-change-033,refresh_generated_voice_v21_pair,src/audio/manifest.ts,ex-heel-raise-supported-first-v21,ex-heel-raise-supported-first-v21,clara;marcus,static_require_registered,static_require_registered,"assets/audio/voice/{clara,marcus}/ex-heel-raise-supported-first-v21.mp3",covered_by_verify_audio_voice_v21_backlog,none_feature_defaults_remain_closed,stale_fingerprint_refresh,Voice V2.1 refresh from final cue registry. Exact Clara/Marcus pair exists in the current physical manifest.
manifest-change-034,refresh_generated_voice_v21_pair,src/audio/manifest.ts,ex-heel-raise-supported-next-v21,ex-heel-raise-supported-next-v21,clara;marcus,static_require_registered,static_require_registered,"assets/audio/voice/{clara,marcus}/ex-heel-raise-supported-next-v21.mp3",covered_by_verify_audio_voice_v21_backlog,none_feature_defaults_remain_closed,stale_fingerprint_refresh,Voice V2.1 refresh from final cue registry. Exact Clara/Marcus pair exists in the current physical manifest.
manifest-change-035,refresh_generated_voice_v21_pair,src/audio/manifest.ts,ex-hip-hinge-free-first-v21,ex-hip-hinge-free-first-v21,clara;marcus,static_require_registered,static_require_registered,"assets/audio/voice/{clara,marcus}/ex-hip-hinge-free-first-v21.mp3",covered_by_verify_audio_voice_v21_backlog,none_feature_defaults_remain_closed,stale_fingerprint_refresh,Voice V2.1 refresh from final cue registry. Exact Clara/Marcus pair exists in the current physical manifest.
manifest-change-036,refresh_generated_voice_v21_pair,src/audio/manifest.ts,ex-hip-hinge-free-next-v21,ex-hip-hinge-free-next-v21,clara;marcus,static_require_registered,static_require_registered,"assets/audio/voice/{clara,marcus}/ex-hip-hinge-free-next-v21.mp3",covered_by_verify_audio_voice_v21_backlog,none_feature_defaults_remain_closed,stale_fingerprint_refresh,Voice V2.1 refresh from final cue registry. Exact Clara/Marcus pair exists in the current physical manifest.
manifest-change-037,refresh_generated_voice_v21_pair,src/audio/manifest.ts,ex-hip-hinge-wall-first-v21,ex-hip-hinge-wall-first-v21,clara;marcus,static_require_registered,static_require_registered,"assets/audio/voice/{clara,marcus}/ex-hip-hinge-wall-first-v21.mp3",covered_by_verify_audio_voice_v21_backlog,none_feature_defaults_remain_closed,stale_fingerprint_refresh,Voice V2.1 refresh from final cue registry. Exact Clara/Marcus pair exists in the current physical manifest.
manifest-change-038,refresh_generated_voice_v21_pair,src/audio/manifest.ts,ex-hip-hinge-wall-next-v21,ex-hip-hinge-wall-next-v21,clara;marcus,static_require_registered,static_require_registered,"assets/audio/voice/{clara,marcus}/ex-hip-hinge-wall-next-v21.mp3",covered_by_verify_audio_voice_v21_backlog,none_feature_defaults_remain_closed,stale_fingerprint_refresh,Voice V2.1 refresh from final cue registry. Exact Clara/Marcus pair exists in the current physical manifest.
manifest-change-039,refresh_generated_voice_v21_pair,src/audio/manifest.ts,ex-loaded-march-first-v21,ex-loaded-march-first-v21,clara;marcus,static_require_registered,static_require_registered,"assets/audio/voice/{clara,marcus}/ex-loaded-march-first-v21.mp3",covered_by_verify_audio_voice_v21_backlog,none_feature_defaults_remain_closed,stale_fingerprint_refresh,Voice V2.1 refresh from final cue registry. Exact Clara/Marcus pair exists in the current physical manifest.
manifest-change-040,refresh_generated_voice_v21_pair,src/audio/manifest.ts,ex-loaded-march-next-v21,ex-loaded-march-next-v21,clara;marcus,static_require_registered,static_require_registered,"assets/audio/voice/{clara,marcus}/ex-loaded-march-next-v21.mp3",covered_by_verify_audio_voice_v21_backlog,none_feature_defaults_remain_closed,stale_fingerprint_refresh,Voice V2.1 refresh from final cue registry. Exact Clara/Marcus pair exists in the current physical manifest.
manifest-change-041,refresh_generated_voice_v21_pair,src/audio/manifest.ts,ex-loaded-sit-to-stand-first-v21,ex-loaded-sit-to-stand-first-v21,clara;marcus,static_require_registered,static_require_registered,"assets/audio/voice/{clara,marcus}/ex-loaded-sit-to-stand-first-v21.mp3",covered_by_verify_audio_voice_v21_backlog,none_feature_defaults_remain_closed,stale_fingerprint_refresh,Voice V2.1 refresh from final cue registry. Exact Clara/Marcus pair exists in the current physical manifest.
manifest-change-042,refresh_generated_voice_v21_pair,src/audio/manifest.ts,ex-loaded-sit-to-stand-next-v21,ex-loaded-sit-to-stand-next-v21,clara;marcus,static_require_registered,static_require_registered,"assets/audio/voice/{clara,marcus}/ex-loaded-sit-to-stand-next-v21.mp3",covered_by_verify_audio_voice_v21_backlog,none_feature_defaults_remain_closed,stale_fingerprint_refresh,Voice V2.1 refresh from final cue registry. Exact Clara/Marcus pair exists in the current physical manifest.
manifest-change-043,refresh_generated_voice_v21_pair,src/audio/manifest.ts,ex-mini-band-lateral-walk-first-v21,ex-mini-band-lateral-walk-first-v21,clara;marcus,static_require_registered,static_require_registered,"assets/audio/voice/{clara,marcus}/ex-mini-band-lateral-walk-first-v21.mp3",covered_by_verify_audio_voice_v21_backlog,none_feature_defaults_remain_closed,stale_fingerprint_refresh,Voice V2.1 refresh from final cue registry. Exact Clara/Marcus pair exists in the current physical manifest.
manifest-change-044,refresh_generated_voice_v21_pair,src/audio/manifest.ts,ex-mini-band-lateral-walk-next-v21,ex-mini-band-lateral-walk-next-v21,clara;marcus,static_require_registered,static_require_registered,"assets/audio/voice/{clara,marcus}/ex-mini-band-lateral-walk-next-v21.mp3",covered_by_verify_audio_voice_v21_backlog,none_feature_defaults_remain_closed,stale_fingerprint_refresh,Voice V2.1 refresh from final cue registry. Exact Clara/Marcus pair exists in the current physical manifest.
manifest-change-045,refresh_generated_voice_v21_pair,src/audio/manifest.ts,ex-neck-rotation-first-v21,ex-neck-rotation-first-v21,clara;marcus,static_require_registered,static_require_registered,"assets/audio/voice/{clara,marcus}/ex-neck-rotation-first-v21.mp3",covered_by_verify_audio_voice_v21_backlog,none_feature_defaults_remain_closed,stale_fingerprint_refresh,Voice V2.1 refresh from final cue registry. Exact Clara/Marcus pair exists in the current physical manifest.
manifest-change-046,refresh_generated_voice_v21_pair,src/audio/manifest.ts,ex-neck-rotation-next-v21,ex-neck-rotation-next-v21,clara;marcus,static_require_registered,static_require_registered,"assets/audio/voice/{clara,marcus}/ex-neck-rotation-next-v21.mp3",covered_by_verify_audio_voice_v21_backlog,none_feature_defaults_remain_closed,stale_fingerprint_refresh,Voice V2.1 refresh from final cue registry. Exact Clara/Marcus pair exists in the current physical manifest.
manifest-change-047,refresh_generated_voice_v21_pair,src/audio/manifest.ts,ex-overhead-press-band-first-v21,ex-overhead-press-band-first-v21,clara;marcus,static_require_registered,static_require_registered,"assets/audio/voice/{clara,marcus}/ex-overhead-press-band-first-v21.mp3",covered_by_verify_audio_voice_v21_backlog,none_feature_defaults_remain_closed,stale_fingerprint_refresh,Voice V2.1 refresh from final cue registry. Exact Clara/Marcus pair exists in the current physical manifest.
manifest-change-048,refresh_generated_voice_v21_pair,src/audio/manifest.ts,ex-overhead-press-band-next-v21,ex-overhead-press-band-next-v21,clara;marcus,static_require_registered,static_require_registered,"assets/audio/voice/{clara,marcus}/ex-overhead-press-band-next-v21.mp3",covered_by_verify_audio_voice_v21_backlog,none_feature_defaults_remain_closed,stale_fingerprint_refresh,Voice V2.1 refresh from final cue registry. Exact Clara/Marcus pair exists in the current physical manifest.
manifest-change-049,refresh_generated_voice_v21_pair,src/audio/manifest.ts,ex-overhead-reach-first-v21,ex-overhead-reach-first-v21,clara;marcus,static_require_registered,static_require_registered,"assets/audio/voice/{clara,marcus}/ex-overhead-reach-first-v21.mp3",covered_by_verify_audio_voice_v21_backlog,none_feature_defaults_remain_closed,stale_fingerprint_refresh,Voice V2.1 refresh from final cue registry. Exact Clara/Marcus pair exists in the current physical manifest.
manifest-change-050,refresh_generated_voice_v21_pair,src/audio/manifest.ts,ex-overhead-reach-next-v21,ex-overhead-reach-next-v21,clara;marcus,static_require_registered,static_require_registered,"assets/audio/voice/{clara,marcus}/ex-overhead-reach-next-v21.mp3",covered_by_verify_audio_voice_v21_backlog,none_feature_defaults_remain_closed,stale_fingerprint_refresh,Voice V2.1 refresh from final cue registry. Exact Clara/Marcus pair exists in the current physical manifest.
manifest-change-051,refresh_generated_voice_v21_pair,src/audio/manifest.ts,ex-push-up-incline-first-v21,ex-push-up-incline-first-v21,clara;marcus,static_require_registered,static_require_registered,"assets/audio/voice/{clara,marcus}/ex-push-up-incline-first-v21.mp3",covered_by_verify_audio_voice_v21_backlog,none_feature_defaults_remain_closed,stale_fingerprint_refresh,Voice V2.1 refresh from final cue registry. Exact Clara/Marcus pair exists in the current physical manifest.
manifest-change-052,refresh_generated_voice_v21_pair,src/audio/manifest.ts,ex-push-up-incline-next-v21,ex-push-up-incline-next-v21,clara;marcus,static_require_registered,static_require_registered,"assets/audio/voice/{clara,marcus}/ex-push-up-incline-next-v21.mp3",covered_by_verify_audio_voice_v21_backlog,none_feature_defaults_remain_closed,stale_fingerprint_refresh,Voice V2.1 refresh from final cue registry. Exact Clara/Marcus pair exists in the current physical manifest.
manifest-change-053,refresh_generated_voice_v21_pair,src/audio/manifest.ts,ex-push-up-standard-first-v21,ex-push-up-standard-first-v21,clara;marcus,static_require_registered,static_require_registered,"assets/audio/voice/{clara,marcus}/ex-push-up-standard-first-v21.mp3",covered_by_verify_audio_voice_v21_backlog,none_feature_defaults_remain_closed,stale_fingerprint_refresh,Voice V2.1 refresh from final cue registry. Exact Clara/Marcus pair exists in the current physical manifest.
manifest-change-054,refresh_generated_voice_v21_pair,src/audio/manifest.ts,ex-push-up-standard-next-v21,ex-push-up-standard-next-v21,clara;marcus,static_require_registered,static_require_registered,"assets/audio/voice/{clara,marcus}/ex-push-up-standard-next-v21.mp3",covered_by_verify_audio_voice_v21_backlog,none_feature_defaults_remain_closed,stale_fingerprint_refresh,Voice V2.1 refresh from final cue registry. Exact Clara/Marcus pair exists in the current physical manifest.
manifest-change-055,refresh_generated_voice_v21_pair,src/audio/manifest.ts,ex-push-up-wall-first-v21,ex-push-up-wall-first-v21,clara;marcus,static_require_registered,static_require_registered,"assets/audio/voice/{clara,marcus}/ex-push-up-wall-first-v21.mp3",covered_by_verify_audio_voice_v21_backlog,none_feature_defaults_remain_closed,stale_fingerprint_refresh,Voice V2.1 refresh from final cue registry. Exact Clara/Marcus pair exists in the current physical manifest.
manifest-change-056,refresh_generated_voice_v21_pair,src/audio/manifest.ts,ex-push-up-wall-next-v21,ex-push-up-wall-next-v21,clara;marcus,static_require_registered,static_require_registered,"assets/audio/voice/{clara,marcus}/ex-push-up-wall-next-v21.mp3",covered_by_verify_audio_voice_v21_backlog,none_feature_defaults_remain_closed,stale_fingerprint_refresh,Voice V2.1 refresh from final cue registry. Exact Clara/Marcus pair exists in the current physical manifest.
manifest-change-057,refresh_generated_voice_v21_pair,src/audio/manifest.ts,ex-seated-band-row-first-v21,ex-seated-band-row-first-v21,clara;marcus,static_require_registered,static_require_registered,"assets/audio/voice/{clara,marcus}/ex-seated-band-row-first-v21.mp3",covered_by_verify_audio_voice_v21_backlog,none_feature_defaults_remain_closed,stale_fingerprint_refresh,Voice V2.1 refresh from final cue registry. Exact Clara/Marcus pair exists in the current physical manifest.
manifest-change-058,refresh_generated_voice_v21_pair,src/audio/manifest.ts,ex-seated-band-row-next-v21,ex-seated-band-row-next-v21,clara;marcus,static_require_registered,static_require_registered,"assets/audio/voice/{clara,marcus}/ex-seated-band-row-next-v21.mp3",covered_by_verify_audio_voice_v21_backlog,none_feature_defaults_remain_closed,stale_fingerprint_refresh,Voice V2.1 refresh from final cue registry. Exact Clara/Marcus pair exists in the current physical manifest.
manifest-change-059,refresh_generated_voice_v21_pair,src/audio/manifest.ts,ex-seated-hamstring-reach-first-v21,ex-seated-hamstring-reach-first-v21,clara;marcus,static_require_registered,static_require_registered,"assets/audio/voice/{clara,marcus}/ex-seated-hamstring-reach-first-v21.mp3",covered_by_verify_audio_voice_v21_backlog,none_feature_defaults_remain_closed,stale_fingerprint_refresh,Voice V2.1 refresh from final cue registry. Exact Clara/Marcus pair exists in the current physical manifest.
manifest-change-060,refresh_generated_voice_v21_pair,src/audio/manifest.ts,ex-seated-hamstring-reach-next-v21,ex-seated-hamstring-reach-next-v21,clara;marcus,static_require_registered,static_require_registered,"assets/audio/voice/{clara,marcus}/ex-seated-hamstring-reach-next-v21.mp3",covered_by_verify_audio_voice_v21_backlog,none_feature_defaults_remain_closed,stale_fingerprint_refresh,Voice V2.1 refresh from final cue registry. Exact Clara/Marcus pair exists in the current physical manifest.
manifest-change-061,refresh_generated_voice_v21_pair,src/audio/manifest.ts,ex-squat-free-first-v21,ex-squat-free-first-v21,clara;marcus,static_require_registered,static_require_registered,"assets/audio/voice/{clara,marcus}/ex-squat-free-first-v21.mp3",covered_by_verify_audio_voice_v21_backlog,none_feature_defaults_remain_closed,stale_fingerprint_refresh,Voice V2.1 refresh from final cue registry. Exact Clara/Marcus pair exists in the current physical manifest.
manifest-change-062,refresh_generated_voice_v21_pair,src/audio/manifest.ts,ex-squat-free-next-v21,ex-squat-free-next-v21,clara;marcus,static_require_registered,static_require_registered,"assets/audio/voice/{clara,marcus}/ex-squat-free-next-v21.mp3",covered_by_verify_audio_voice_v21_backlog,none_feature_defaults_remain_closed,stale_fingerprint_refresh,Voice V2.1 refresh from final cue registry. Exact Clara/Marcus pair exists in the current physical manifest.
manifest-change-063,refresh_generated_voice_v21_pair,src/audio/manifest.ts,ex-squat-loaded-first-v21,ex-squat-loaded-first-v21,clara;marcus,static_require_registered,static_require_registered,"assets/audio/voice/{clara,marcus}/ex-squat-loaded-first-v21.mp3",covered_by_verify_audio_voice_v21_backlog,none_feature_defaults_remain_closed,stale_fingerprint_refresh,Voice V2.1 refresh from final cue registry. Exact Clara/Marcus pair exists in the current physical manifest.
manifest-change-064,refresh_generated_voice_v21_pair,src/audio/manifest.ts,ex-squat-loaded-next-v21,ex-squat-loaded-next-v21,clara;marcus,static_require_registered,static_require_registered,"assets/audio/voice/{clara,marcus}/ex-squat-loaded-next-v21.mp3",covered_by_verify_audio_voice_v21_backlog,none_feature_defaults_remain_closed,stale_fingerprint_refresh,Voice V2.1 refresh from final cue registry. Exact Clara/Marcus pair exists in the current physical manifest.
manifest-change-065,refresh_generated_voice_v21_pair,src/audio/manifest.ts,ex-squat-slow-eccentric-first-v21,ex-squat-slow-eccentric-first-v21,clara;marcus,static_require_registered,static_require_registered,"assets/audio/voice/{clara,marcus}/ex-squat-slow-eccentric-first-v21.mp3",covered_by_verify_audio_voice_v21_backlog,none_feature_defaults_remain_closed,stale_fingerprint_refresh,Voice V2.1 refresh from final cue registry. Exact Clara/Marcus pair exists in the current physical manifest.
manifest-change-066,refresh_generated_voice_v21_pair,src/audio/manifest.ts,ex-squat-slow-eccentric-next-v21,ex-squat-slow-eccentric-next-v21,clara;marcus,static_require_registered,static_require_registered,"assets/audio/voice/{clara,marcus}/ex-squat-slow-eccentric-next-v21.mp3",covered_by_verify_audio_voice_v21_backlog,none_feature_defaults_remain_closed,stale_fingerprint_refresh,Voice V2.1 refresh from final cue registry. Exact Clara/Marcus pair exists in the current physical manifest.
manifest-change-067,refresh_generated_voice_v21_pair,src/audio/manifest.ts,ex-squat-supported-first-v21,ex-squat-supported-first-v21,clara;marcus,static_require_registered,static_require_registered,"assets/audio/voice/{clara,marcus}/ex-squat-supported-first-v21.mp3",covered_by_verify_audio_voice_v21_backlog,none_feature_defaults_remain_closed,stale_fingerprint_refresh,Voice V2.1 refresh from final cue registry. Exact Clara/Marcus pair exists in the current physical manifest.
manifest-change-068,refresh_generated_voice_v21_pair,src/audio/manifest.ts,ex-squat-supported-next-v21,ex-squat-supported-next-v21,clara;marcus,static_require_registered,static_require_registered,"assets/audio/voice/{clara,marcus}/ex-squat-supported-next-v21.mp3",covered_by_verify_audio_voice_v21_backlog,none_feature_defaults_remain_closed,stale_fingerprint_refresh,Voice V2.1 refresh from final cue registry. Exact Clara/Marcus pair exists in the current physical manifest.
manifest-change-069,refresh_generated_voice_v21_pair,src/audio/manifest.ts,ex-standing-band-row-first-v21,ex-standing-band-row-first-v21,clara;marcus,static_require_registered,static_require_registered,"assets/audio/voice/{clara,marcus}/ex-standing-band-row-first-v21.mp3",covered_by_verify_audio_voice_v21_backlog,none_feature_defaults_remain_closed,stale_fingerprint_refresh,Voice V2.1 refresh from final cue registry. Exact Clara/Marcus pair exists in the current physical manifest.
manifest-change-070,refresh_generated_voice_v21_pair,src/audio/manifest.ts,ex-standing-band-row-next-v21,ex-standing-band-row-next-v21,clara;marcus,static_require_registered,static_require_registered,"assets/audio/voice/{clara,marcus}/ex-standing-band-row-next-v21.mp3",covered_by_verify_audio_voice_v21_backlog,none_feature_defaults_remain_closed,stale_fingerprint_refresh,Voice V2.1 refresh from final cue registry. Exact Clara/Marcus pair exists in the current physical manifest.
manifest-change-071,refresh_generated_voice_v21_pair,src/audio/manifest.ts,ex-step-up-first-v21,ex-step-up-first-v21,clara;marcus,static_require_registered,static_require_registered,"assets/audio/voice/{clara,marcus}/ex-step-up-first-v21.mp3",covered_by_verify_audio_voice_v21_backlog,none_feature_defaults_remain_closed,stale_fingerprint_refresh,Voice V2.1 refresh from final cue registry. Exact Clara/Marcus pair exists in the current physical manifest.
manifest-change-072,refresh_generated_voice_v21_pair,src/audio/manifest.ts,ex-step-up-next-v21,ex-step-up-next-v21,clara;marcus,static_require_registered,static_require_registered,"assets/audio/voice/{clara,marcus}/ex-step-up-next-v21.mp3",covered_by_verify_audio_voice_v21_backlog,none_feature_defaults_remain_closed,stale_fingerprint_refresh,Voice V2.1 refresh from final cue registry. Exact Clara/Marcus pair exists in the current physical manifest.
manifest-change-073,refresh_generated_voice_v21_pair,src/audio/manifest.ts,ex-sts-cushion-first-v21,ex-sts-cushion-first-v21,clara;marcus,static_require_registered,static_require_registered,"assets/audio/voice/{clara,marcus}/ex-sts-cushion-first-v21.mp3",covered_by_verify_audio_voice_v21_backlog,none_feature_defaults_remain_closed,stale_fingerprint_refresh,Voice V2.1 refresh from final cue registry. Exact Clara/Marcus pair exists in the current physical manifest.
manifest-change-074,refresh_generated_voice_v21_pair,src/audio/manifest.ts,ex-sts-cushion-next-v21,ex-sts-cushion-next-v21,clara;marcus,static_require_registered,static_require_registered,"assets/audio/voice/{clara,marcus}/ex-sts-cushion-next-v21.mp3",covered_by_verify_audio_voice_v21_backlog,none_feature_defaults_remain_closed,stale_fingerprint_refresh,Voice V2.1 refresh from final cue registry. Exact Clara/Marcus pair exists in the current physical manifest.
manifest-change-075,refresh_generated_voice_v21_pair,src/audio/manifest.ts,ex-sts-power-first-v21,ex-sts-power-first-v21,clara;marcus,static_require_registered,static_require_registered,"assets/audio/voice/{clara,marcus}/ex-sts-power-first-v21.mp3",covered_by_verify_audio_voice_v21_backlog,none_feature_defaults_remain_closed,stale_fingerprint_refresh,Voice V2.1 refresh from final cue registry. Exact Clara/Marcus pair exists in the current physical manifest.
manifest-change-076,refresh_generated_voice_v21_pair,src/audio/manifest.ts,ex-sts-power-next-v21,ex-sts-power-next-v21,clara;marcus,static_require_registered,static_require_registered,"assets/audio/voice/{clara,marcus}/ex-sts-power-next-v21.mp3",covered_by_verify_audio_voice_v21_backlog,none_feature_defaults_remain_closed,stale_fingerprint_refresh,Voice V2.1 refresh from final cue registry. Exact Clara/Marcus pair exists in the current physical manifest.
manifest-change-077,refresh_generated_voice_v21_pair,src/audio/manifest.ts,ex-sts-slow-eccentric-first-v21,ex-sts-slow-eccentric-first-v21,clara;marcus,static_require_registered,static_require_registered,"assets/audio/voice/{clara,marcus}/ex-sts-slow-eccentric-first-v21.mp3",covered_by_verify_audio_voice_v21_backlog,none_feature_defaults_remain_closed,stale_fingerprint_refresh,Voice V2.1 refresh from final cue registry. Exact Clara/Marcus pair exists in the current physical manifest.
manifest-change-078,refresh_generated_voice_v21_pair,src/audio/manifest.ts,ex-sts-slow-eccentric-next-v21,ex-sts-slow-eccentric-next-v21,clara;marcus,static_require_registered,static_require_registered,"assets/audio/voice/{clara,marcus}/ex-sts-slow-eccentric-next-v21.mp3",covered_by_verify_audio_voice_v21_backlog,none_feature_defaults_remain_closed,stale_fingerprint_refresh,Voice V2.1 refresh from final cue registry. Exact Clara/Marcus pair exists in the current physical manifest.
manifest-change-079,refresh_generated_voice_v21_pair,src/audio/manifest.ts,ex-sts-standard-first-v21,ex-sts-standard-first-v21,clara;marcus,static_require_registered,static_require_registered,"assets/audio/voice/{clara,marcus}/ex-sts-standard-first-v21.mp3",covered_by_verify_audio_voice_v21_backlog,none_feature_defaults_remain_closed,stale_fingerprint_refresh,Voice V2.1 refresh from final cue registry. Exact Clara/Marcus pair exists in the current physical manifest.
manifest-change-080,refresh_generated_voice_v21_pair,src/audio/manifest.ts,ex-sts-standard-next-v21,ex-sts-standard-next-v21,clara;marcus,static_require_registered,static_require_registered,"assets/audio/voice/{clara,marcus}/ex-sts-standard-next-v21.mp3",covered_by_verify_audio_voice_v21_backlog,none_feature_defaults_remain_closed,stale_fingerprint_refresh,Voice V2.1 refresh from final cue registry. Exact Clara/Marcus pair exists in the current physical manifest.
manifest-change-081,refresh_generated_voice_v21_pair,src/audio/manifest.ts,ex-supported-hip-flexor-stretch-first-v21,ex-supported-hip-flexor-stretch-first-v21,clara;marcus,static_require_registered,static_require_registered,"assets/audio/voice/{clara,marcus}/ex-supported-hip-flexor-stretch-first-v21.mp3",covered_by_verify_audio_voice_v21_backlog,none_feature_defaults_remain_closed,stale_fingerprint_refresh,Voice V2.1 refresh from final cue registry. Exact Clara/Marcus pair exists in the current physical manifest.
manifest-change-082,refresh_generated_voice_v21_pair,src/audio/manifest.ts,ex-supported-hip-flexor-stretch-next-v21,ex-supported-hip-flexor-stretch-next-v21,clara;marcus,static_require_registered,static_require_registered,"assets/audio/voice/{clara,marcus}/ex-supported-hip-flexor-stretch-next-v21.mp3",covered_by_verify_audio_voice_v21_backlog,none_feature_defaults_remain_closed,stale_fingerprint_refresh,Voice V2.1 refresh from final cue registry. Exact Clara/Marcus pair exists in the current physical manifest.
manifest-change-083,refresh_generated_voice_v21_pair,src/audio/manifest.ts,ex-supported-side-step-first-v21,ex-supported-side-step-first-v21,clara;marcus,static_require_registered,static_require_registered,"assets/audio/voice/{clara,marcus}/ex-supported-side-step-first-v21.mp3",covered_by_verify_audio_voice_v21_backlog,none_feature_defaults_remain_closed,stale_fingerprint_refresh,Voice V2.1 refresh from final cue registry. Exact Clara/Marcus pair exists in the current physical manifest.
manifest-change-084,refresh_generated_voice_v21_pair,src/audio/manifest.ts,ex-supported-side-step-next-v21,ex-supported-side-step-next-v21,clara;marcus,static_require_registered,static_require_registered,"assets/audio/voice/{clara,marcus}/ex-supported-side-step-next-v21.mp3",covered_by_verify_audio_voice_v21_backlog,none_feature_defaults_remain_closed,stale_fingerprint_refresh,Voice V2.1 refresh from final cue registry. Exact Clara/Marcus pair exists in the current physical manifest.
manifest-change-085,refresh_generated_voice_v21_pair,src/audio/manifest.ts,ex-thoracic-rotation-first-v21,ex-thoracic-rotation-first-v21,clara;marcus,static_require_registered,static_require_registered,"assets/audio/voice/{clara,marcus}/ex-thoracic-rotation-first-v21.mp3",covered_by_verify_audio_voice_v21_backlog,none_feature_defaults_remain_closed,stale_fingerprint_refresh,Voice V2.1 refresh from final cue registry. Exact Clara/Marcus pair exists in the current physical manifest.
manifest-change-086,refresh_generated_voice_v21_pair,src/audio/manifest.ts,ex-thoracic-rotation-next-v21,ex-thoracic-rotation-next-v21,clara;marcus,static_require_registered,static_require_registered,"assets/audio/voice/{clara,marcus}/ex-thoracic-rotation-next-v21.mp3",covered_by_verify_audio_voice_v21_backlog,none_feature_defaults_remain_closed,stale_fingerprint_refresh,Voice V2.1 refresh from final cue registry. Exact Clara/Marcus pair exists in the current physical manifest.
manifest-change-087,refresh_generated_voice_v21_pair,src/audio/manifest.ts,ex-toe-raise-supported-first-v21,ex-toe-raise-supported-first-v21,clara;marcus,static_require_registered,static_require_registered,"assets/audio/voice/{clara,marcus}/ex-toe-raise-supported-first-v21.mp3",covered_by_verify_audio_voice_v21_backlog,none_feature_defaults_remain_closed,stale_fingerprint_refresh,Voice V2.1 refresh from final cue registry. Exact Clara/Marcus pair exists in the current physical manifest.
manifest-change-088,refresh_generated_voice_v21_pair,src/audio/manifest.ts,ex-toe-raise-supported-next-v21,ex-toe-raise-supported-next-v21,clara;marcus,static_require_registered,static_require_registered,"assets/audio/voice/{clara,marcus}/ex-toe-raise-supported-next-v21.mp3",covered_by_verify_audio_voice_v21_backlog,none_feature_defaults_remain_closed,stale_fingerprint_refresh,Voice V2.1 refresh from final cue registry. Exact Clara/Marcus pair exists in the current physical manifest.
manifest-change-089,refresh_generated_voice_v21_pair,src/audio/manifest.ts,ex-wall-calf-stretch-first-v21,ex-wall-calf-stretch-first-v21,clara;marcus,static_require_registered,static_require_registered,"assets/audio/voice/{clara,marcus}/ex-wall-calf-stretch-first-v21.mp3",covered_by_verify_audio_voice_v21_backlog,none_feature_defaults_remain_closed,stale_fingerprint_refresh,Voice V2.1 refresh from final cue registry. Exact Clara/Marcus pair exists in the current physical manifest.
manifest-change-090,refresh_generated_voice_v21_pair,src/audio/manifest.ts,ex-wall-calf-stretch-next-v21,ex-wall-calf-stretch-next-v21,clara;marcus,static_require_registered,static_require_registered,"assets/audio/voice/{clara,marcus}/ex-wall-calf-stretch-next-v21.mp3",covered_by_verify_audio_voice_v21_backlog,none_feature_defaults_remain_closed,stale_fingerprint_refresh,Voice V2.1 refresh from final cue registry. Exact Clara/Marcus pair exists in the current physical manifest.
manifest-change-091,refresh_generated_voice_v21_pair,src/audio/manifest.ts,five-seconds-left-v21,five-seconds-left-v21,clara;marcus,static_require_registered,static_require_registered,"assets/audio/voice/{clara,marcus}/five-seconds-left-v21.mp3",covered_by_verify_audio_voice_v21_backlog,none_feature_defaults_remain_closed,stale_fingerprint_refresh,Voice V2.1 refresh from final cue registry. Exact Clara/Marcus pair exists in the current physical manifest.
manifest-change-092,refresh_generated_voice_v21_pair,src/audio/manifest.ts,floor-gate-question-v21,floor-gate-question-v21,clara;marcus,static_require_registered,static_require_registered,"assets/audio/voice/{clara,marcus}/floor-gate-question-v21.mp3",covered_by_verify_audio_voice_v21_backlog,none_feature_defaults_remain_closed,stale_fingerprint_refresh,Voice V2.1 refresh from final cue registry. Exact Clara/Marcus pair exists in the current physical manifest.
manifest-change-093,refresh_generated_voice_v21_pair,src/audio/manifest.ts,halfway-v21,halfway-v21,clara;marcus,static_require_registered,static_require_registered,"assets/audio/voice/{clara,marcus}/halfway-v21.mp3",covered_by_verify_audio_voice_v21_backlog,none_feature_defaults_remain_closed,stale_fingerprint_refresh,Voice V2.1 refresh from final cue registry. Exact Clara/Marcus pair exists in the current physical manifest.
manifest-change-094,refresh_generated_voice_v21_pair,src/audio/manifest.ts,last-set-v21,last-set-v21,clara;marcus,static_require_registered,static_require_registered,"assets/audio/voice/{clara,marcus}/last-set-v21.mp3",covered_by_verify_audio_voice_v21_backlog,none_feature_defaults_remain_closed,stale_fingerprint_refresh,Voice V2.1 refresh from final cue registry. Exact Clara/Marcus pair exists in the current physical manifest.
manifest-change-095,refresh_generated_voice_v21_pair,src/audio/manifest.ts,micro-chair-power-v21,micro-chair-power-v21,clara;marcus,static_require_registered,static_require_registered,"assets/audio/voice/{clara,marcus}/micro-chair-power-v21.mp3",covered_by_verify_audio_voice_v21_backlog,none_feature_defaults_remain_closed,stale_fingerprint_refresh,Voice V2.1 refresh from final cue registry. Exact Clara/Marcus physical pair exists in the current bundled corpus.
manifest-change-096,refresh_generated_voice_v21_pair,src/audio/manifest.ts,micro-discard-v21,micro-discard-v21,clara;marcus,static_require_registered,static_require_registered,"assets/audio/voice/{clara,marcus}/micro-discard-v21.mp3",covered_by_verify_audio_voice_v21_backlog,none_feature_defaults_remain_closed,stale_fingerprint_refresh,Voice V2.1 refresh from final cue registry. Exact Clara/Marcus physical pair exists in the current bundled corpus.
manifest-change-097,refresh_generated_voice_v21_pair,src/audio/manifest.ts,micro-mobility-left-v21,micro-mobility-left-v21,clara;marcus,static_require_registered,static_require_registered,"assets/audio/voice/{clara,marcus}/micro-mobility-left-v21.mp3",covered_by_verify_audio_voice_v21_backlog,none_feature_defaults_remain_closed,current_candidate_script_mismatch,Voice V2.1 refresh from final cue registry. Exact Clara/Marcus physical pair exists in the current bundled corpus.
manifest-change-098,refresh_generated_voice_v21_pair,src/audio/manifest.ts,micro-mobility-right-v21,micro-mobility-right-v21,clara;marcus,static_require_registered,static_require_registered,"assets/audio/voice/{clara,marcus}/micro-mobility-right-v21.mp3",covered_by_verify_audio_voice_v21_backlog,none_feature_defaults_remain_closed,current_candidate_script_mismatch,Voice V2.1 refresh from final cue registry. Exact Clara/Marcus physical pair exists in the current bundled corpus.
manifest-change-099,refresh_generated_voice_v21_pair,src/audio/manifest.ts,micro-relax-v21,micro-relax-v21,clara;marcus,static_require_registered,static_require_registered,"assets/audio/voice/{clara,marcus}/micro-relax-v21.mp3",covered_by_verify_audio_voice_v21_backlog,none_feature_defaults_remain_closed,stale_fingerprint_refresh,Voice V2.1 refresh from final cue registry. Exact Clara/Marcus physical pair exists in the current bundled corpus.
manifest-change-100,refresh_generated_voice_v21_pair,src/audio/manifest.ts,micro-single-leg-left-v21,micro-single-leg-left-v21,clara;marcus,static_require_registered,static_require_registered,"assets/audio/voice/{clara,marcus}/micro-single-leg-left-v21.mp3",covered_by_verify_audio_voice_v21_backlog,none_feature_defaults_remain_closed,stale_fingerprint_refresh,Voice V2.1 refresh from final cue registry. Exact Clara/Marcus physical pair exists in the current bundled corpus.
manifest-change-101,refresh_generated_voice_v21_pair,src/audio/manifest.ts,micro-single-leg-right-v21,micro-single-leg-right-v21,clara;marcus,static_require_registered,static_require_registered,"assets/audio/voice/{clara,marcus}/micro-single-leg-right-v21.mp3",covered_by_verify_audio_voice_v21_backlog,none_feature_defaults_remain_closed,stale_fingerprint_refresh,Voice V2.1 refresh from final cue registry. Exact Clara/Marcus physical pair exists in the current bundled corpus.
manifest-change-102,refresh_generated_voice_v21_pair,src/audio/manifest.ts,microcheck-complete-v21,microcheck-complete-v21,clara;marcus,static_require_registered,static_require_registered,"assets/audio/voice/{clara,marcus}/microcheck-complete-v21.mp3",covered_by_verify_audio_voice_v21_backlog,none_feature_defaults_remain_closed,stale_fingerprint_refresh,Voice V2.1 refresh from final cue registry. Exact Clara/Marcus physical pair exists in the current bundled corpus.
manifest-change-103,refresh_generated_voice_v21_pair,src/audio/manifest.ts,next-exercise-v21,next-exercise-v21,clara;marcus,static_require_registered,static_require_registered,"assets/audio/voice/{clara,marcus}/next-exercise-v21.mp3",covered_by_verify_audio_voice_v21_backlog,none_feature_defaults_remain_closed,stale_fingerprint_refresh,Voice V2.1 refresh from final cue registry. Exact Clara/Marcus pair exists in the current physical manifest.
manifest-change-104,refresh_generated_voice_v21_pair,src/audio/manifest.ts,paused-v21,paused-v21,clara;marcus,static_require_registered,static_require_registered,"assets/audio/voice/{clara,marcus}/paused-v21.mp3",covered_by_verify_audio_voice_v21_backlog,none_feature_defaults_remain_closed,stale_fingerprint_refresh,Voice V2.1 refresh from final cue registry. Exact Clara/Marcus pair exists in the current physical manifest. Exact Clara/Marcus physical pair exists in the current bundled corpus.
manifest-change-105,refresh_generated_voice_v21_pair,src/audio/manifest.ts,rest-now-v21,rest-now-v21,clara;marcus,static_require_registered,static_require_registered,"assets/audio/voice/{clara,marcus}/rest-now-v21.mp3",covered_by_verify_audio_voice_v21_backlog,none_feature_defaults_remain_closed,stale_fingerprint_refresh,Voice V2.1 refresh from final cue registry. Exact Clara/Marcus pair exists in the current physical manifest.
manifest-change-106,refresh_generated_voice_v21_pair,src/audio/manifest.ts,resuming-v21,resuming-v21,clara;marcus,static_require_registered,static_require_registered,"assets/audio/voice/{clara,marcus}/resuming-v21.mp3",covered_by_verify_audio_voice_v21_backlog,none_feature_defaults_remain_closed,stale_fingerprint_refresh,Voice V2.1 refresh from final cue registry. Exact Clara/Marcus pair exists in the current physical manifest. Exact Clara/Marcus physical pair exists in the current bundled corpus.
manifest-change-107,refresh_generated_voice_v21_pair,src/audio/manifest.ts,safe-session-start-v21,safe-session-start-v21,clara;marcus,static_require_registered,static_require_registered,"assets/audio/voice/{clara,marcus}/safe-session-start-v21.mp3",covered_by_verify_audio_voice_v21_backlog,none_feature_defaults_remain_closed,stale_fingerprint_refresh,Voice V2.1 refresh from final cue registry. Exact Clara/Marcus pair exists in the current physical manifest.
manifest-change-108,refresh_generated_voice_v21_pair,src/audio/manifest.ts,session-complete-v21,session-complete-v21,clara;marcus,static_require_registered,static_require_registered,"assets/audio/voice/{clara,marcus}/session-complete-v21.mp3",covered_by_verify_audio_voice_v21_backlog,none_feature_defaults_remain_closed,stale_fingerprint_refresh,Voice V2.1 refresh from final cue registry. Exact Clara/Marcus pair exists in the current physical manifest.
manifest-change-109,refresh_generated_voice_v21_pair,src/audio/manifest.ts,set-complete-v21,set-complete-v21,clara;marcus,static_require_registered,static_require_registered,"assets/audio/voice/{clara,marcus}/set-complete-v21.mp3",covered_by_verify_audio_voice_v21_backlog,none_feature_defaults_remain_closed,stale_fingerprint_refresh,Voice V2.1 refresh from final cue registry. Exact Clara/Marcus pair exists in the current physical manifest.
manifest-change-110,refresh_generated_voice_v21_pair,src/audio/manifest.ts,setup-back-v21,setup-back-v21,clara;marcus,static_require_registered,static_require_registered,"assets/audio/voice/{clara,marcus}/setup-back-v21.mp3",covered_by_verify_audio_voice_v21_backlog,none_feature_defaults_remain_closed,stale_fingerprint_refresh,Voice V2.1 refresh from final cue registry. Exact Clara/Marcus pair exists in the current physical manifest.
manifest-change-111,refresh_generated_voice_v21_pair,src/audio/manifest.ts,setup-center-v21,setup-center-v21,clara;marcus,static_require_registered,static_require_registered,"assets/audio/voice/{clara,marcus}/setup-center-v21.mp3",covered_by_verify_audio_voice_v21_backlog,none_feature_defaults_remain_closed,stale_fingerprint_refresh,Voice V2.1 refresh from final cue registry. Exact Clara/Marcus pair exists in the current physical manifest.
manifest-change-112,refresh_generated_voice_v21_pair,src/audio/manifest.ts,setup-clearer-view-v21,setup-clearer-view-v21,clara;marcus,static_require_registered,static_require_registered,"assets/audio/voice/{clara,marcus}/setup-clearer-view-v21.mp3",covered_by_verify_audio_voice_v21_backlog,none_feature_defaults_remain_closed,stale_fingerprint_refresh,Voice V2.1 refresh from final cue registry. Exact Clara/Marcus pair exists in the current physical manifest.
manifest-change-113,refresh_generated_voice_v21_pair,src/audio/manifest.ts,setup-closer-v21,setup-closer-v21,clara;marcus,static_require_registered,static_require_registered,"assets/audio/voice/{clara,marcus}/setup-closer-v21.mp3",covered_by_verify_audio_voice_v21_backlog,none_feature_defaults_remain_closed,stale_fingerprint_refresh,Voice V2.1 refresh from final cue registry. Exact Clara/Marcus pair exists in the current physical manifest.
manifest-change-114,refresh_generated_voice_v21_pair,src/audio/manifest.ts,setup-enter-view-v21,setup-enter-view-v21,clara;marcus,static_require_registered,static_require_registered,"assets/audio/voice/{clara,marcus}/setup-enter-view-v21.mp3",covered_by_verify_audio_voice_v21_backlog,none_feature_defaults_remain_closed,stale_fingerprint_refresh,Voice V2.1 refresh from final cue registry. Exact Clara/Marcus pair exists in the current physical manifest.
manifest-change-115,refresh_generated_voice_v21_pair,src/audio/manifest.ts,setup-hold-still-v21,setup-hold-still-v21,clara;marcus,static_require_registered,static_require_registered,"assets/audio/voice/{clara,marcus}/setup-hold-still-v21.mp3",covered_by_verify_audio_voice_v21_backlog,none_feature_defaults_remain_closed,stale_fingerprint_refresh,Voice V2.1 refresh from final cue registry. Exact Clara/Marcus pair exists in the current physical manifest.
manifest-change-116,refresh_generated_voice_v21_pair,src/audio/manifest.ts,setup-light-v21,setup-light-v21,clara;marcus,static_require_registered,static_require_registered,"assets/audio/voice/{clara,marcus}/setup-light-v21.mp3",covered_by_verify_audio_voice_v21_backlog,none_feature_defaults_remain_closed,stale_fingerprint_refresh,Voice V2.1 refresh from final cue registry. Exact Clara/Marcus pair exists in the current physical manifest.
manifest-change-117,refresh_generated_voice_v21_pair,src/audio/manifest.ts,side-calf-left-back-v21,side-calf-left-back-v21,clara;marcus,static_require_registered,static_require_registered,"assets/audio/voice/{clara,marcus}/side-calf-left-back-v21.mp3",covered_by_verify_audio_voice_v21_backlog,none_feature_defaults_remain_closed,stale_fingerprint_refresh,Voice V2.1 refresh from final cue registry. Exact Clara/Marcus pair exists in the current physical manifest.
manifest-change-118,refresh_generated_voice_v21_pair,src/audio/manifest.ts,side-calf-right-back-v21,side-calf-right-back-v21,clara;marcus,static_require_registered,static_require_registered,"assets/audio/voice/{clara,marcus}/side-calf-right-back-v21.mp3",covered_by_verify_audio_voice_v21_backlog,none_feature_defaults_remain_closed,stale_fingerprint_refresh,Voice V2.1 refresh from final cue registry. Exact Clara/Marcus pair exists in the current physical manifest.
manifest-change-119,refresh_generated_voice_v21_pair,src/audio/manifest.ts,side-hamstring-left-extended-v21,side-hamstring-left-extended-v21,clara;marcus,static_require_registered,static_require_registered,"assets/audio/voice/{clara,marcus}/side-hamstring-left-extended-v21.mp3",covered_by_verify_audio_voice_v21_backlog,none_feature_defaults_remain_closed,stale_fingerprint_refresh,Voice V2.1 refresh from final cue registry. Exact Clara/Marcus pair exists in the current physical manifest.
manifest-change-120,refresh_generated_voice_v21_pair,src/audio/manifest.ts,side-hamstring-right-extended-v21,side-hamstring-right-extended-v21,clara;marcus,static_require_registered,static_require_registered,"assets/audio/voice/{clara,marcus}/side-hamstring-right-extended-v21.mp3",covered_by_verify_audio_voice_v21_backlog,none_feature_defaults_remain_closed,stale_fingerprint_refresh,Voice V2.1 refresh from final cue registry. Exact Clara/Marcus pair exists in the current physical manifest.
manifest-change-121,refresh_generated_voice_v21_pair,src/audio/manifest.ts,side-hip-flexor-left-back-v21,side-hip-flexor-left-back-v21,clara;marcus,static_require_registered,static_require_registered,"assets/audio/voice/{clara,marcus}/side-hip-flexor-left-back-v21.mp3",covered_by_verify_audio_voice_v21_backlog,none_feature_defaults_remain_closed,stale_fingerprint_refresh,Voice V2.1 refresh from final cue registry. Exact Clara/Marcus pair exists in the current physical manifest.
manifest-change-122,refresh_generated_voice_v21_pair,src/audio/manifest.ts,side-hip-flexor-right-back-v21,side-hip-flexor-right-back-v21,clara;marcus,static_require_registered,static_require_registered,"assets/audio/voice/{clara,marcus}/side-hip-flexor-right-back-v21.mp3",covered_by_verify_audio_voice_v21_backlog,none_feature_defaults_remain_closed,stale_fingerprint_refresh,Voice V2.1 refresh from final cue registry. Exact Clara/Marcus pair exists in the current physical manifest.
manifest-change-123,refresh_generated_voice_v21_pair,src/audio/manifest.ts,side-single-leg-left-v21,side-single-leg-left-v21,clara;marcus,static_require_registered,static_require_registered,"assets/audio/voice/{clara,marcus}/side-single-leg-left-v21.mp3",covered_by_verify_audio_voice_v21_backlog,none_feature_defaults_remain_closed,stale_fingerprint_refresh,Voice V2.1 refresh from final cue registry. Exact Clara/Marcus pair exists in the current physical manifest.
manifest-change-124,refresh_generated_voice_v21_pair,src/audio/manifest.ts,side-single-leg-right-v21,side-single-leg-right-v21,clara;marcus,static_require_registered,static_require_registered,"assets/audio/voice/{clara,marcus}/side-single-leg-right-v21.mp3",covered_by_verify_audio_voice_v21_backlog,none_feature_defaults_remain_closed,stale_fingerprint_refresh,Voice V2.1 refresh from final cue registry. Exact Clara/Marcus pair exists in the current physical manifest.
manifest-change-125,refresh_generated_voice_v21_pair,src/audio/manifest.ts,side-split-squat-left-forward-v21,side-split-squat-left-forward-v21,clara;marcus,static_require_registered,static_require_registered,"assets/audio/voice/{clara,marcus}/side-split-squat-left-forward-v21.mp3",covered_by_verify_audio_voice_v21_backlog,none_feature_defaults_remain_closed,stale_fingerprint_refresh,Voice V2.1 refresh from final cue registry. Exact Clara/Marcus pair exists in the current physical manifest.
manifest-change-126,refresh_generated_voice_v21_pair,src/audio/manifest.ts,side-split-squat-right-forward-v21,side-split-squat-right-forward-v21,clara;marcus,static_require_registered,static_require_registered,"assets/audio/voice/{clara,marcus}/side-split-squat-right-forward-v21.mp3",covered_by_verify_audio_voice_v21_backlog,none_feature_defaults_remain_closed,stale_fingerprint_refresh,Voice V2.1 refresh from final cue registry. Exact Clara/Marcus pair exists in the current physical manifest.
manifest-change-127,refresh_generated_voice_v21_pair,src/audio/manifest.ts,side-tandem-left-front-v21,side-tandem-left-front-v21,clara;marcus,static_require_registered,static_require_registered,"assets/audio/voice/{clara,marcus}/side-tandem-left-front-v21.mp3",covered_by_verify_audio_voice_v21_backlog,none_feature_defaults_remain_closed,stale_fingerprint_refresh,Voice V2.1 refresh from final cue registry. Exact Clara/Marcus pair exists in the current physical manifest.
manifest-change-128,refresh_generated_voice_v21_pair,src/audio/manifest.ts,side-tandem-right-front-v21,side-tandem-right-front-v21,clara;marcus,static_require_registered,static_require_registered,"assets/audio/voice/{clara,marcus}/side-tandem-right-front-v21.mp3",covered_by_verify_audio_voice_v21_backlog,none_feature_defaults_remain_closed,stale_fingerprint_refresh,Voice V2.1 refresh from final cue registry. Exact Clara/Marcus pair exists in the current physical manifest.
manifest-change-129,refresh_generated_voice_v21_pair,src/audio/manifest.ts,step-up-next-left-v21,step-up-next-left-v21,clara;marcus,static_require_registered,static_require_registered,"assets/audio/voice/{clara,marcus}/step-up-next-left-v21.mp3",covered_by_verify_audio_voice_v21_backlog,none_feature_defaults_remain_closed,stale_fingerprint_refresh,Voice V2.1 refresh from final cue registry. Exact Clara/Marcus pair exists in the current physical manifest.
manifest-change-130,refresh_generated_voice_v21_pair,src/audio/manifest.ts,step-up-next-right-v21,step-up-next-right-v21,clara;marcus,static_require_registered,static_require_registered,"assets/audio/voice/{clara,marcus}/step-up-next-right-v21.mp3",covered_by_verify_audio_voice_v21_backlog,none_feature_defaults_remain_closed,stale_fingerprint_refresh,Voice V2.1 refresh from final cue registry. Exact Clara/Marcus pair exists in the current physical manifest.
manifest-change-131,refresh_generated_voice_v21_pair,src/audio/manifest.ts,step-up-start-left-v21,step-up-start-left-v21,clara;marcus,static_require_registered,static_require_registered,"assets/audio/voice/{clara,marcus}/step-up-start-left-v21.mp3",covered_by_verify_audio_voice_v21_backlog,none_feature_defaults_remain_closed,stale_fingerprint_refresh,Voice V2.1 refresh from final cue registry. Exact Clara/Marcus pair exists in the current physical manifest.
manifest-change-132,refresh_generated_voice_v21_pair,src/audio/manifest.ts,step-up-start-right-v21,step-up-start-right-v21,clara;marcus,static_require_registered,static_require_registered,"assets/audio/voice/{clara,marcus}/step-up-start-right-v21.mp3",covered_by_verify_audio_voice_v21_backlog,none_feature_defaults_remain_closed,stale_fingerprint_refresh,Voice V2.1 refresh from final cue registry. Exact Clara/Marcus pair exists in the current physical manifest.
manifest-change-133,refresh_generated_voice_v21_pair,src/audio/manifest.ts,step-up-wrong-left-v21,step-up-wrong-left-v21,clara;marcus,static_require_registered,static_require_registered,"assets/audio/voice/{clara,marcus}/step-up-wrong-left-v21.mp3",covered_by_verify_audio_voice_v21_backlog,none_feature_defaults_remain_closed,stale_fingerprint_refresh,Voice V2.1 refresh from final cue registry. Exact Clara/Marcus pair exists in the current physical manifest.
manifest-change-134,refresh_generated_voice_v21_pair,src/audio/manifest.ts,step-up-wrong-right-v21,step-up-wrong-right-v21,clara;marcus,static_require_registered,static_require_registered,"assets/audio/voice/{clara,marcus}/step-up-wrong-right-v21.mp3",covered_by_verify_audio_voice_v21_backlog,none_feature_defaults_remain_closed,stale_fingerprint_refresh,Voice V2.1 refresh from final cue registry. Exact Clara/Marcus pair exists in the current physical manifest.
manifest-change-135,refresh_generated_voice_v21_pair,src/audio/manifest.ts,switch-foot-positions-v21,switch-foot-positions-v21,clara;marcus,static_require_registered,static_require_registered,"assets/audio/voice/{clara,marcus}/switch-foot-positions-v21.mp3",covered_by_verify_audio_voice_v21_backlog,none_feature_defaults_remain_closed,stale_fingerprint_refresh,Voice V2.1 refresh from final cue registry. Exact Clara/Marcus pair exists in the current physical manifest.
manifest-change-136,refresh_generated_voice_v21_pair,src/audio/manifest.ts,switch-legs-v21,switch-legs-v21,clara;marcus,static_require_registered,static_require_registered,"assets/audio/voice/{clara,marcus}/switch-legs-v21.mp3",covered_by_verify_audio_voice_v21_backlog,none_feature_defaults_remain_closed,stale_fingerprint_refresh,Voice V2.1 refresh from final cue registry. Exact Clara/Marcus pair exists in the current physical manifest.
manifest-change-137,refresh_generated_voice_v21_pair,src/audio/manifest.ts,switch-sides-v21,switch-sides-v21,clara;marcus,static_require_registered,static_require_registered,"assets/audio/voice/{clara,marcus}/switch-sides-v21.mp3",covered_by_verify_audio_voice_v21_backlog,none_feature_defaults_remain_closed,stale_fingerprint_refresh,Voice V2.1 refresh from final cue registry. Exact Clara/Marcus pair exists in the current physical manifest.
manifest-change-138,refresh_generated_voice_v21_pair,src/audio/manifest.ts,target-balance-feet-together-hold-v21,target-balance-feet-together-hold-v21,clara;marcus,static_require_registered,static_require_registered,"assets/audio/voice/{clara,marcus}/target-balance-feet-together-hold-v21.mp3",covered_by_verify_audio_voice_v21_backlog,none_feature_defaults_remain_closed,stale_fingerprint_refresh,Voice V2.1 refresh from final cue registry. Exact Clara/Marcus pair exists in the current physical manifest.
manifest-change-139,refresh_generated_voice_v21_pair,src/audio/manifest.ts,target-balance-single-leg-hold-v21,target-balance-single-leg-hold-v21,clara;marcus,static_require_registered,static_require_registered,"assets/audio/voice/{clara,marcus}/target-balance-single-leg-hold-v21.mp3",covered_by_verify_audio_voice_v21_backlog,none_feature_defaults_remain_closed,stale_fingerprint_refresh,Voice V2.1 refresh from final cue registry. Exact Clara/Marcus pair exists in the current physical manifest.
manifest-change-140,refresh_generated_voice_v21_pair,src/audio/manifest.ts,target-balance-tandem-hold-v21,target-balance-tandem-hold-v21,clara;marcus,static_require_registered,static_require_registered,"assets/audio/voice/{clara,marcus}/target-balance-tandem-hold-v21.mp3",covered_by_verify_audio_voice_v21_backlog,none_feature_defaults_remain_closed,stale_fingerprint_refresh,Voice V2.1 refresh from final cue registry. Exact Clara/Marcus pair exists in the current physical manifest.
manifest-change-141,refresh_generated_voice_v21_pair,src/audio/manifest.ts,target-band-pull-apart-v21,target-band-pull-apart-v21,clara;marcus,static_require_registered,static_require_registered,"assets/audio/voice/{clara,marcus}/target-band-pull-apart-v21.mp3",covered_by_verify_audio_voice_v21_backlog,none_feature_defaults_remain_closed,stale_fingerprint_refresh,Voice V2.1 refresh from final cue registry. Exact Clara/Marcus pair exists in the current physical manifest.
manifest-change-142,refresh_generated_voice_v21_pair,src/audio/manifest.ts,target-chair-supported-split-squat-v21,target-chair-supported-split-squat-v21,clara;marcus,static_require_registered,static_require_registered,"assets/audio/voice/{clara,marcus}/target-chair-supported-split-squat-v21.mp3",covered_by_verify_audio_voice_v21_backlog,none_feature_defaults_remain_closed,stale_fingerprint_refresh,Voice V2.1 refresh from final cue registry. Exact Clara/Marcus pair exists in the current physical manifest.
manifest-change-143,refresh_generated_voice_v21_pair,src/audio/manifest.ts,target-glute-bridge-hold-v21,target-glute-bridge-hold-v21,clara;marcus,static_require_registered,static_require_registered,"assets/audio/voice/{clara,marcus}/target-glute-bridge-hold-v21.mp3",covered_by_verify_audio_voice_v21_backlog,none_feature_defaults_remain_closed,stale_fingerprint_refresh,Voice V2.1 refresh from final cue registry. Exact Clara/Marcus pair exists in the current physical manifest.
manifest-change-144,refresh_generated_voice_v21_pair,src/audio/manifest.ts,target-glute-bridge-reps-v21,target-glute-bridge-reps-v21,clara;marcus,static_require_registered,static_require_registered,"assets/audio/voice/{clara,marcus}/target-glute-bridge-reps-v21.mp3",covered_by_verify_audio_voice_v21_backlog,none_feature_defaults_remain_closed,stale_fingerprint_refresh,Voice V2.1 refresh from final cue registry. Exact Clara/Marcus pair exists in the current physical manifest.
manifest-change-145,refresh_generated_voice_v21_pair,src/audio/manifest.ts,target-heel-raise-free-v21,target-heel-raise-free-v21,clara;marcus,static_require_registered,static_require_registered,"assets/audio/voice/{clara,marcus}/target-heel-raise-free-v21.mp3",covered_by_verify_audio_voice_v21_backlog,none_feature_defaults_remain_closed,stale_fingerprint_refresh,Voice V2.1 refresh from final cue registry. Exact Clara/Marcus pair exists in the current physical manifest.
manifest-change-146,refresh_generated_voice_v21_pair,src/audio/manifest.ts,target-heel-raise-supported-v21,target-heel-raise-supported-v21,clara;marcus,static_require_registered,static_require_registered,"assets/audio/voice/{clara,marcus}/target-heel-raise-supported-v21.mp3",covered_by_verify_audio_voice_v21_backlog,none_feature_defaults_remain_closed,stale_fingerprint_refresh,Voice V2.1 refresh from final cue registry. Exact Clara/Marcus pair exists in the current physical manifest.
manifest-change-147,refresh_generated_voice_v21_pair,src/audio/manifest.ts,target-hip-hinge-free-v21,target-hip-hinge-free-v21,clara;marcus,static_require_registered,static_require_registered,"assets/audio/voice/{clara,marcus}/target-hip-hinge-free-v21.mp3",covered_by_verify_audio_voice_v21_backlog,none_feature_defaults_remain_closed,stale_fingerprint_refresh,Voice V2.1 refresh from final cue registry. Exact Clara/Marcus pair exists in the current physical manifest.
manifest-change-148,refresh_generated_voice_v21_pair,src/audio/manifest.ts,target-hip-hinge-wall-v21,target-hip-hinge-wall-v21,clara;marcus,static_require_registered,static_require_registered,"assets/audio/voice/{clara,marcus}/target-hip-hinge-wall-v21.mp3",covered_by_verify_audio_voice_v21_backlog,none_feature_defaults_remain_closed,stale_fingerprint_refresh,Voice V2.1 refresh from final cue registry. Exact Clara/Marcus pair exists in the current physical manifest.
manifest-change-149,refresh_generated_voice_v21_pair,src/audio/manifest.ts,target-loaded-march-v21,target-loaded-march-v21,clara;marcus,static_require_registered,static_require_registered,"assets/audio/voice/{clara,marcus}/target-loaded-march-v21.mp3",covered_by_verify_audio_voice_v21_backlog,none_feature_defaults_remain_closed,stale_fingerprint_refresh,Voice V2.1 refresh from final cue registry. Exact Clara/Marcus pair exists in the current physical manifest.
manifest-change-150,refresh_generated_voice_v21_pair,src/audio/manifest.ts,target-loaded-sit-to-stand-v21,target-loaded-sit-to-stand-v21,clara;marcus,static_require_registered,static_require_registered,"assets/audio/voice/{clara,marcus}/target-loaded-sit-to-stand-v21.mp3",covered_by_verify_audio_voice_v21_backlog,none_feature_defaults_remain_closed,stale_fingerprint_refresh,Voice V2.1 refresh from final cue registry. Exact Clara/Marcus pair exists in the current physical manifest.
manifest-change-151,refresh_generated_voice_v21_pair,src/audio/manifest.ts,target-mini-band-lateral-walk-v21,target-mini-band-lateral-walk-v21,clara;marcus,static_require_registered,static_require_registered,"assets/audio/voice/{clara,marcus}/target-mini-band-lateral-walk-v21.mp3",covered_by_verify_audio_voice_v21_backlog,none_feature_defaults_remain_closed,stale_fingerprint_refresh,Voice V2.1 refresh from final cue registry. Exact Clara/Marcus pair exists in the current physical manifest.
manifest-change-152,refresh_generated_voice_v21_pair,src/audio/manifest.ts,target-neck-rotation-v21,target-neck-rotation-v21,clara;marcus,static_require_registered,static_require_registered,"assets/audio/voice/{clara,marcus}/target-neck-rotation-v21.mp3",covered_by_verify_audio_voice_v21_backlog,none_feature_defaults_remain_closed,stale_fingerprint_refresh,Voice V2.1 refresh from final cue registry. Exact Clara/Marcus pair exists in the current physical manifest.
manifest-change-153,refresh_generated_voice_v21_pair,src/audio/manifest.ts,target-overhead-press-band-v21,target-overhead-press-band-v21,clara;marcus,static_require_registered,static_require_registered,"assets/audio/voice/{clara,marcus}/target-overhead-press-band-v21.mp3",covered_by_verify_audio_voice_v21_backlog,none_feature_defaults_remain_closed,stale_fingerprint_refresh,Voice V2.1 refresh from final cue registry. Exact Clara/Marcus pair exists in the current physical manifest.
manifest-change-154,refresh_generated_voice_v21_pair,src/audio/manifest.ts,target-overhead-reach-v21,target-overhead-reach-v21,clara;marcus,static_require_registered,static_require_registered,"assets/audio/voice/{clara,marcus}/target-overhead-reach-v21.mp3",covered_by_verify_audio_voice_v21_backlog,none_feature_defaults_remain_closed,stale_fingerprint_refresh,Voice V2.1 refresh from final cue registry. Exact Clara/Marcus pair exists in the current physical manifest.
manifest-change-155,refresh_generated_voice_v21_pair,src/audio/manifest.ts,target-push-up-incline-v21,target-push-up-incline-v21,clara;marcus,static_require_registered,static_require_registered,"assets/audio/voice/{clara,marcus}/target-push-up-incline-v21.mp3",covered_by_verify_audio_voice_v21_backlog,none_feature_defaults_remain_closed,stale_fingerprint_refresh,Voice V2.1 refresh from final cue registry. Exact Clara/Marcus pair exists in the current physical manifest.
manifest-change-156,refresh_generated_voice_v21_pair,src/audio/manifest.ts,target-push-up-standard-v21,target-push-up-standard-v21,clara;marcus,static_require_registered,static_require_registered,"assets/audio/voice/{clara,marcus}/target-push-up-standard-v21.mp3",covered_by_verify_audio_voice_v21_backlog,none_feature_defaults_remain_closed,stale_fingerprint_refresh,Voice V2.1 refresh from final cue registry. Exact Clara/Marcus pair exists in the current physical manifest.
manifest-change-157,refresh_generated_voice_v21_pair,src/audio/manifest.ts,target-push-up-wall-v21,target-push-up-wall-v21,clara;marcus,static_require_registered,static_require_registered,"assets/audio/voice/{clara,marcus}/target-push-up-wall-v21.mp3",covered_by_verify_audio_voice_v21_backlog,none_feature_defaults_remain_closed,stale_fingerprint_refresh,Voice V2.1 refresh from final cue registry. Exact Clara/Marcus pair exists in the current physical manifest.
manifest-change-158,refresh_generated_voice_v21_pair,src/audio/manifest.ts,target-seated-band-row-v21,target-seated-band-row-v21,clara;marcus,static_require_registered,static_require_registered,"assets/audio/voice/{clara,marcus}/target-seated-band-row-v21.mp3",covered_by_verify_audio_voice_v21_backlog,none_feature_defaults_remain_closed,stale_fingerprint_refresh,Voice V2.1 refresh from final cue registry. Exact Clara/Marcus pair exists in the current physical manifest.
manifest-change-159,refresh_generated_voice_v21_pair,src/audio/manifest.ts,target-seated-hamstring-reach-v21,target-seated-hamstring-reach-v21,clara;marcus,static_require_registered,static_require_registered,"assets/audio/voice/{clara,marcus}/target-seated-hamstring-reach-v21.mp3",covered_by_verify_audio_voice_v21_backlog,none_feature_defaults_remain_closed,stale_fingerprint_refresh,Voice V2.1 refresh from final cue registry. Exact Clara/Marcus pair exists in the current physical manifest.
manifest-change-160,refresh_generated_voice_v21_pair,src/audio/manifest.ts,target-squat-free-v21,target-squat-free-v21,clara;marcus,static_require_registered,static_require_registered,"assets/audio/voice/{clara,marcus}/target-squat-free-v21.mp3",covered_by_verify_audio_voice_v21_backlog,none_feature_defaults_remain_closed,stale_fingerprint_refresh,Voice V2.1 refresh from final cue registry. Exact Clara/Marcus pair exists in the current physical manifest.
manifest-change-161,refresh_generated_voice_v21_pair,src/audio/manifest.ts,target-squat-loaded-v21,target-squat-loaded-v21,clara;marcus,static_require_registered,static_require_registered,"assets/audio/voice/{clara,marcus}/target-squat-loaded-v21.mp3",covered_by_verify_audio_voice_v21_backlog,none_feature_defaults_remain_closed,stale_fingerprint_refresh,Voice V2.1 refresh from final cue registry. Exact Clara/Marcus pair exists in the current physical manifest.
manifest-change-162,refresh_generated_voice_v21_pair,src/audio/manifest.ts,target-squat-slow-eccentric-v21,target-squat-slow-eccentric-v21,clara;marcus,static_require_registered,static_require_registered,"assets/audio/voice/{clara,marcus}/target-squat-slow-eccentric-v21.mp3",covered_by_verify_audio_voice_v21_backlog,none_feature_defaults_remain_closed,stale_fingerprint_refresh,Voice V2.1 refresh from final cue registry. Exact Clara/Marcus pair exists in the current physical manifest.
manifest-change-163,refresh_generated_voice_v21_pair,src/audio/manifest.ts,target-squat-supported-v21,target-squat-supported-v21,clara;marcus,static_require_registered,static_require_registered,"assets/audio/voice/{clara,marcus}/target-squat-supported-v21.mp3",covered_by_verify_audio_voice_v21_backlog,none_feature_defaults_remain_closed,stale_fingerprint_refresh,Voice V2.1 refresh from final cue registry. Exact Clara/Marcus pair exists in the current physical manifest.
manifest-change-164,refresh_generated_voice_v21_pair,src/audio/manifest.ts,target-standing-band-row-v21,target-standing-band-row-v21,clara;marcus,static_require_registered,static_require_registered,"assets/audio/voice/{clara,marcus}/target-standing-band-row-v21.mp3",covered_by_verify_audio_voice_v21_backlog,none_feature_defaults_remain_closed,stale_fingerprint_refresh,Voice V2.1 refresh from final cue registry. Exact Clara/Marcus pair exists in the current physical manifest.
manifest-change-165,refresh_generated_voice_v21_pair,src/audio/manifest.ts,target-step-up-v21,target-step-up-v21,clara;marcus,static_require_registered,static_require_registered,"assets/audio/voice/{clara,marcus}/target-step-up-v21.mp3",covered_by_verify_audio_voice_v21_backlog,none_feature_defaults_remain_closed,stale_fingerprint_refresh,Voice V2.1 refresh from final cue registry. Exact Clara/Marcus pair exists in the current physical manifest.
manifest-change-166,refresh_generated_voice_v21_pair,src/audio/manifest.ts,target-sts-cushion-v21,target-sts-cushion-v21,clara;marcus,static_require_registered,static_require_registered,"assets/audio/voice/{clara,marcus}/target-sts-cushion-v21.mp3",covered_by_verify_audio_voice_v21_backlog,none_feature_defaults_remain_closed,stale_fingerprint_refresh,Voice V2.1 refresh from final cue registry. Exact Clara/Marcus pair exists in the current physical manifest.
manifest-change-167,refresh_generated_voice_v21_pair,src/audio/manifest.ts,target-sts-power-v21,target-sts-power-v21,clara;marcus,static_require_registered,static_require_registered,"assets/audio/voice/{clara,marcus}/target-sts-power-v21.mp3",covered_by_verify_audio_voice_v21_backlog,none_feature_defaults_remain_closed,stale_fingerprint_refresh,Voice V2.1 refresh from final cue registry. Exact Clara/Marcus pair exists in the current physical manifest.
manifest-change-168,refresh_generated_voice_v21_pair,src/audio/manifest.ts,target-sts-slow-eccentric-v21,target-sts-slow-eccentric-v21,clara;marcus,static_require_registered,static_require_registered,"assets/audio/voice/{clara,marcus}/target-sts-slow-eccentric-v21.mp3",covered_by_verify_audio_voice_v21_backlog,none_feature_defaults_remain_closed,stale_fingerprint_refresh,Voice V2.1 refresh from final cue registry. Exact Clara/Marcus pair exists in the current physical manifest.
manifest-change-169,refresh_generated_voice_v21_pair,src/audio/manifest.ts,target-sts-standard-v21,target-sts-standard-v21,clara;marcus,static_require_registered,static_require_registered,"assets/audio/voice/{clara,marcus}/target-sts-standard-v21.mp3",covered_by_verify_audio_voice_v21_backlog,none_feature_defaults_remain_closed,stale_fingerprint_refresh,Voice V2.1 refresh from final cue registry. Exact Clara/Marcus pair exists in the current physical manifest.
manifest-change-170,refresh_generated_voice_v21_pair,src/audio/manifest.ts,target-supported-hip-flexor-stretch-v21,target-supported-hip-flexor-stretch-v21,clara;marcus,static_require_registered,static_require_registered,"assets/audio/voice/{clara,marcus}/target-supported-hip-flexor-stretch-v21.mp3",covered_by_verify_audio_voice_v21_backlog,none_feature_defaults_remain_closed,stale_fingerprint_refresh,Voice V2.1 refresh from final cue registry. Exact Clara/Marcus pair exists in the current physical manifest.
manifest-change-171,refresh_generated_voice_v21_pair,src/audio/manifest.ts,target-supported-side-step-v21,target-supported-side-step-v21,clara;marcus,static_require_registered,static_require_registered,"assets/audio/voice/{clara,marcus}/target-supported-side-step-v21.mp3",covered_by_verify_audio_voice_v21_backlog,none_feature_defaults_remain_closed,stale_fingerprint_refresh,Voice V2.1 refresh from final cue registry. Exact Clara/Marcus pair exists in the current physical manifest.
manifest-change-172,refresh_generated_voice_v21_pair,src/audio/manifest.ts,target-thoracic-rotation-v21,target-thoracic-rotation-v21,clara;marcus,static_require_registered,static_require_registered,"assets/audio/voice/{clara,marcus}/target-thoracic-rotation-v21.mp3",covered_by_verify_audio_voice_v21_backlog,none_feature_defaults_remain_closed,stale_fingerprint_refresh,Voice V2.1 refresh from final cue registry. Exact Clara/Marcus pair exists in the current physical manifest.
manifest-change-173,refresh_generated_voice_v21_pair,src/audio/manifest.ts,target-toe-raise-supported-v21,target-toe-raise-supported-v21,clara;marcus,static_require_registered,static_require_registered,"assets/audio/voice/{clara,marcus}/target-toe-raise-supported-v21.mp3",covered_by_verify_audio_voice_v21_backlog,none_feature_defaults_remain_closed,stale_fingerprint_refresh,Voice V2.1 refresh from final cue registry. Exact Clara/Marcus pair exists in the current physical manifest.
manifest-change-174,refresh_generated_voice_v21_pair,src/audio/manifest.ts,target-wall-calf-stretch-v21,target-wall-calf-stretch-v21,clara;marcus,static_require_registered,static_require_registered,"assets/audio/voice/{clara,marcus}/target-wall-calf-stretch-v21.mp3",covered_by_verify_audio_voice_v21_backlog,none_feature_defaults_remain_closed,stale_fingerprint_refresh,Voice V2.1 refresh from final cue registry. Exact Clara/Marcus pair exists in the current physical manifest.
manifest-change-175,refresh_generated_voice_v21_pair,src/audio/manifest.ts,training-intro-v21,training-intro-v21,clara;marcus,static_require_registered,static_require_registered,"assets/audio/voice/{clara,marcus}/training-intro-v21.mp3",covered_by_verify_audio_voice_v21_backlog,none_feature_defaults_remain_closed,stale_fingerprint_refresh,Voice V2.1 refresh from final cue registry. Exact Clara/Marcus pair exists in the current physical manifest.
manifest-change-176,refresh_generated_voice_v21_pair,src/audio/manifest.ts,training-skip-v21,training-skip-v21,clara;marcus,static_require_registered,static_require_registered,"assets/audio/voice/{clara,marcus}/training-skip-v21.mp3",covered_by_verify_audio_voice_v21_backlog,none_feature_defaults_remain_closed,stale_fingerprint_refresh,Voice V2.1 refresh from final cue registry. Exact Clara/Marcus pair exists in the current physical manifest.
