scenarioId,category,exerciseId,capabilityStatus,floorSpace,dailyContext,releaseStatus,entryPath,planOutcome,substituteExerciseId,skipReason,capabilitySnapshotValid,floorTransitionDue,finalPositionPhase,countdownAllowed,activeAllowed,voiceCueKeys,blockers,passed,testCoverage,notes
floor_capability_yes,capability_ui,,confirmed,,ready,,capability_ui,confirmed_written,,,,,,false,false,,,true,SafetyProfileScreen.floorTransfer.test.ts,Yes maps to confirmed.
floor_capability_no,capability_ui,,avoid_for_now,,ready,,capability_ui,avoid_written,,,,,,false,false,,,true,SafetyProfileScreen.floorTransfer.test.ts,No maps to avoid_for_now.
floor_capability_unsure,capability_ui,,avoid_for_now,,ready,,capability_ui,avoid_written,,,,,,false,false,,,true,SafetyProfileScreen.floorTransfer.test.ts,Not sure maps to avoid_for_now.
floor_capability_cancel,capability_ui,,not_confirmed,,ready,,capability_ui,unchanged_no_start,,,,,,false,false,,,true,Safety/Profile edit contract,Cancel leaves canonical status unchanged.
floor_capability_missing_legacy,capability,,not_confirmed,,ready,,capability,blocked_missing_normalizes,,,,,,false,false,,,true,profile movementCapabilities tests,Missing profile defaults to not_confirmed.
floor_capability_malformed,capability,glute-bridge-hold,not_confirmed,true,ready,,capability,blocked_malformed,,floor_transfer_not_confirmed,,,,false,false,,,true,floorExerciseEligibility.test.ts,Malformed capability fails closed.
floor_capability_settings_edit,capability_ui,,avoid_for_now,,ready,,capability_ui,future_plans_only,,,,,,false,false,,,true,SafetyProfileScreen.floorTransfer.test.ts,Settings edit writes canonical status.
glute-bridge-hold_floor_space_confirmed,eligibility,glute-bridge-hold,confirmed,true,ready,v1_core,eligibility,eligible,,,,,,true,true,,,true,floorExerciseEligibility.test.ts,Production eligibility helper result.
glute-bridge-hold_floor_space_avoid,eligibility,glute-bridge-hold,avoid_for_now,true,ready,v1_core,eligibility,blocked,,floor_transfer_not_confirmed,,,,false,false,,,true,floorExerciseEligibility.test.ts,Production eligibility helper result.
glute-bridge-hold_floor_space_unconfirmed,eligibility,glute-bridge-hold,not_confirmed,true,ready,v1_core,eligibility,blocked,,floor_transfer_not_confirmed,,,,false,false,,,true,floorExerciseEligibility.test.ts,Production eligibility helper result.
glute-bridge-hold_confirmed_without_floor_space,eligibility,glute-bridge-hold,confirmed,false,ready,v1_core,eligibility,blocked,,floor_space_missing,,,,false,false,,,true,floorExerciseEligibility.test.ts,Production eligibility helper result.
glute-bridge-hold_neither,eligibility,glute-bridge-hold,not_confirmed,false,ready,v1_core,eligibility,blocked,,floor_space_missing|floor_transfer_not_confirmed,,,,false,false,,,true,floorExerciseEligibility.test.ts,Production eligibility helper result.
glute-bridge-hold_hip_discomfort,eligibility,glute-bridge-hold,confirmed,true,hip_discomfort,v1_core,eligibility,blocked,,daily_context_blocked,,,,false,false,,,true,floorExerciseEligibility.test.ts,Production eligibility helper result.
glute-bridge-reps_floor_space_confirmed,eligibility,glute-bridge-reps,confirmed,true,ready,v1_core,eligibility,eligible,,,,,,true,true,,,true,floorExerciseEligibility.test.ts,Production eligibility helper result.
glute-bridge-reps_floor_space_avoid,eligibility,glute-bridge-reps,avoid_for_now,true,ready,v1_core,eligibility,blocked,,floor_transfer_not_confirmed,,,,false,false,,,true,floorExerciseEligibility.test.ts,Production eligibility helper result.
glute-bridge-reps_floor_space_unconfirmed,eligibility,glute-bridge-reps,not_confirmed,true,ready,v1_core,eligibility,blocked,,floor_transfer_not_confirmed,,,,false,false,,,true,floorExerciseEligibility.test.ts,Production eligibility helper result.
glute-bridge-reps_confirmed_without_floor_space,eligibility,glute-bridge-reps,confirmed,false,ready,v1_core,eligibility,blocked,,floor_space_missing,,,,false,false,,,true,floorExerciseEligibility.test.ts,Production eligibility helper result.
glute-bridge-reps_neither,eligibility,glute-bridge-reps,not_confirmed,false,ready,v1_core,eligibility,blocked,,floor_space_missing|floor_transfer_not_confirmed,,,,false,false,,,true,floorExerciseEligibility.test.ts,Production eligibility helper result.
glute-bridge-reps_hip_discomfort,eligibility,glute-bridge-reps,confirmed,true,hip_discomfort,v1_core,eligibility,blocked,,daily_context_blocked,,,,false,false,,,true,floorExerciseEligibility.test.ts,Production eligibility helper result.
push-up-standard_floor_space_confirmed,eligibility,push-up-standard,confirmed,true,ready,v1_optional,eligibility,blocked,,release_policy_blocked,,,,false,false,,,true,floorExerciseEligibility.test.ts,Optional push-up remains blocked by release policy.
push-up-standard_floor_space_avoid,eligibility,push-up-standard,avoid_for_now,true,ready,v1_optional,eligibility,blocked,,floor_transfer_not_confirmed|release_policy_blocked,,,,false,false,,,true,floorExerciseEligibility.test.ts,Optional push-up remains blocked by release policy.
push-up-standard_floor_space_unconfirmed,eligibility,push-up-standard,not_confirmed,true,ready,v1_optional,eligibility,blocked,,floor_transfer_not_confirmed|release_policy_blocked,,,,false,false,,,true,floorExerciseEligibility.test.ts,Optional push-up remains blocked by release policy.
push-up-standard_confirmed_without_floor_space,eligibility,push-up-standard,confirmed,false,ready,v1_optional,eligibility,blocked,,floor_space_missing|release_policy_blocked,,,,false,false,,,true,floorExerciseEligibility.test.ts,Optional push-up remains blocked by release policy.
push-up-standard_neither,eligibility,push-up-standard,not_confirmed,false,ready,v1_optional,eligibility,blocked,,floor_space_missing|floor_transfer_not_confirmed|release_policy_blocked,,,,false,false,,,true,floorExerciseEligibility.test.ts,Optional push-up remains blocked by release policy.
direct_helper_cannot_bypass,planning,glute-bridge-hold,not_confirmed,true,ready,,planning,blocked_or_substituted,,floor_transfer_not_confirmed,,,,false,false,,,true,workoutGeneration/sessionPlanning/exploreViewModel suites,Central eligibility helper is shared by generated/manual/direct planning paths.
main_plan_floor_eligible,planning,glute-bridge-hold,confirmed,true,ready,,planning,eligible,,,,,,false,false,,,true,workoutGeneration/sessionPlanning/exploreViewModel suites,Central eligibility helper is shared by generated/manual/direct planning paths.
main_plan_floor_substituted,planning,glute-bridge-hold,not_confirmed,true,ready,,planning,blocked_or_substituted,hip-hinge-wall,floor_transfer_not_confirmed,,,,false,false,,,true,workoutGeneration/sessionPlanning/exploreViewModel suites,Central eligibility helper is shared by generated/manual/direct planning paths.
main_plan_floor_skipped_honestly,planning,glute-bridge-hold,not_confirmed,true,ready,,planning,blocked_or_substituted,,floor_transfer_not_confirmed,,,,false,false,,,true,workoutGeneration/sessionPlanning/exploreViewModel suites,Central eligibility helper is shared by generated/manual/direct planning paths.
short_session_floor_gate,planning,glute-bridge-hold,not_confirmed,true,ready,,planning,blocked_or_substituted,,floor_transfer_not_confirmed,,,,false,false,,,true,workoutGeneration/sessionPlanning/exploreViewModel suites,Central eligibility helper is shared by generated/manual/direct planning paths.
restart_session_floor_gate,planning,glute-bridge-hold,not_confirmed,true,ready,,planning,blocked_or_substituted,,floor_transfer_not_confirmed,,,,false,false,,,true,workoutGeneration/sessionPlanning/exploreViewModel suites,Central eligibility helper is shared by generated/manual/direct planning paths.
supporting_session_floor_gate,planning,glute-bridge-hold,not_confirmed,true,ready,,planning,blocked_or_substituted,,floor_transfer_not_confirmed,,,,false,false,,,true,workoutGeneration/sessionPlanning/exploreViewModel suites,Central eligibility helper is shared by generated/manual/direct planning paths.
manual_floor_gate,planning,glute-bridge-hold,not_confirmed,true,ready,,planning,blocked_or_substituted,,floor_transfer_not_confirmed,,,,false,false,,,true,workoutGeneration/sessionPlanning/exploreViewModel suites,Central eligibility helper is shared by generated/manual/direct planning paths.
explore_detail_floor_gate,planning,glute-bridge-hold,not_confirmed,true,ready,,planning,blocked_or_substituted,,floor_transfer_not_confirmed,,,,false,false,,,true,workoutGeneration/sessionPlanning/exploreViewModel suites,Central eligibility helper is shared by generated/manual/direct planning paths.
explore_preset_floor_gate,planning,glute-bridge-hold,not_confirmed,true,ready,,planning,blocked_or_substituted,,floor_transfer_not_confirmed,,,,false,false,,,true,workoutGeneration/sessionPlanning/exploreViewModel suites,Central eligibility helper is shared by generated/manual/direct planning paths.
manual_substitute_requires_confirmation,planning,glute-bridge-hold,not_confirmed,true,ready,,planning,blocked_or_substituted,,floor_transfer_not_confirmed,,,,false,false,,,true,workoutGeneration/sessionPlanning/exploreViewModel suites,Central eligibility helper is shared by generated/manual/direct planning paths.
floor_denial_no_false_focus_credit,planning,glute-bridge-hold,not_confirmed,true,ready,,planning,blocked_or_substituted,,floor_transfer_not_confirmed,,,,false,false,,,true,workoutGeneration/sessionPlanning/exploreViewModel suites,Central eligibility helper is shared by generated/manual/direct planning paths.
local_profile_roundtrip,persistence,,confirmed,,ready,,persistence,roundtrip_preserved,,,,,,false,false,,,true,profile serialize tests,Local serialization preserves movementCapabilities.floorTransfer.status.
backend_profile_roundtrip,persistence,,confirmed,,ready,,persistence,roundtrip_preserved,,,,,,false,false,,,true,profileSyncService/restoreService tests,Backend safety_json merge/restore preserves canonical capability.
restore_does_not_promote_capability,persistence,,not_confirmed,,ready,,persistence,blocked_not_promoted,,default_unknown,,,,false,false,,,true,restoreService tests,Training state cannot promote capability.
capability_change_invalidates_plan,stale_plan,,avoid_for_now,,ready,,stale_plan,capability_changed,,plan_movement_capability_fingerprint_mismatch,false,,,false,false,,,true,profile movementCapabilities/sessionPlanning tests,Snapshot fingerprint changes on floor capability change.
missing_snapshot_fails_closed,stale_plan,,confirmed,,ready,,stale_plan,missing_plan_snapshot,,,false,,,false,false,,,true,profile movementCapabilities tests,Current plans missing movement capability snapshot fail closed.
legacy_plan_refreshes_conservatively,stale_plan,,not_confirmed,,ready,,stale_plan,legacy_refresh_required,,,false,,,false,false,,,true,sessionPlanning tests,Legacy missing snapshot follows conservative refresh path.
richer_capability_metadata_preserved,persistence,,confirmed,,ready,,persistence,richer_metadata_preserved,,,,,,false,false,,,true,profileSyncService tests,Merge uses current movement capability record authority.
standing_framing_not_floor_ready,final_position,glute-bridge-hold,confirmed,true,ready,,final_position,blocked_until_ready,,,,,awaiting_user_transition,false,false,floor_slow_transition|ex-glute-bridge,,true,sessionPlayer.test.ts,Default-closed floor V2.1 runtime gate requires explicit confirmation plus movement camera readiness.
bridge_hold_final_position,final_position,glute-bridge-hold,confirmed,true,ready,,final_position,ready_then_countdown,,,,,ready,true,true,floor_slow_transition|ex-glute-bridge|final-position-set-v21|countdown-three|go,,true,sessionPlayer.test.ts,Default-closed floor V2.1 runtime gate requires explicit confirmation plus movement camera readiness.
bridge_reps_final_position,final_position,glute-bridge-hold,confirmed,true,ready,,final_position,ready_then_countdown,,,,,ready,true,true,floor_slow_transition|ex-glute-bridge|final-position-set-v21|countdown-three|go,,true,sessionPlayer.test.ts,Default-closed floor V2.1 runtime gate requires explicit confirmation plus movement camera readiness.
pushup_standard_final_position,final_position,push-up-standard,confirmed,true,ready,,final_position,ready_then_countdown,,,,,ready,true,true,floor_slow_transition|ex-push-up|final-position-set-v21|countdown-three|go,,true,sessionPlayer.test.ts,Default-closed floor V2.1 runtime gate requires explicit confirmation plus movement camera readiness.
user_confirmation_without_visibility_blocked,final_position,glute-bridge-hold,confirmed,true,ready,,final_position,blocked_until_ready,,,,,awaiting_visibility,false,false,floor_slow_transition|ex-glute-bridge,,true,sessionPlayer.test.ts,Default-closed floor V2.1 runtime gate requires explicit confirmation plus movement camera readiness.
visibility_without_required_confirmation_blocked,final_position,glute-bridge-hold,confirmed,true,ready,,final_position,blocked_until_ready,,,,,awaiting_user_transition,false,false,floor_slow_transition|ex-glute-bridge,,true,sessionPlayer.test.ts,Default-closed floor V2.1 runtime gate requires explicit confirmation plus movement camera readiness.
final_position_then_target_then_countdown,final_position,glute-bridge-hold,confirmed,true,ready,,final_position,ready_then_countdown,,,,,ready,true,true,floor_slow_transition|ex-glute-bridge|final-position-set-v21|countdown-three|go,,true,sessionPlayer.test.ts,Default-closed floor V2.1 runtime gate requires explicit confirmation plus movement camera readiness.
rapid_ready_tap_deduplicated,final_position,glute-bridge-hold,confirmed,true,ready,,final_position,blocked_until_ready,,,,,awaiting_visibility,false,false,floor_slow_transition|ex-glute-bridge,,true,sessionPlayer.test.ts,Default-closed floor V2.1 runtime gate requires explicit confirmation plus movement camera readiness.
tracking_loss_during_floor_setup,final_position,glute-bridge-hold,confirmed,true,ready,,final_position,blocked_until_ready,,,,,awaiting_visibility,false,false,floor_slow_transition|ex-glute-bridge|final-position-set-v21,,true,sessionPlayer.test.ts,Default-closed floor V2.1 runtime gate requires explicit confirmation plus movement camera readiness.
background_during_floor_setup,final_position,glute-bridge-hold,confirmed,true,ready,,final_position,blocked_until_ready,,,,,awaiting_visibility,false,false,floor_slow_transition|ex-glute-bridge,,true,sessionPlayer.test.ts,Default-closed floor V2.1 runtime gate requires explicit confirmation plus movement camera readiness.
restore_floor_setup_no_auto_start,final_position,glute-bridge-hold,confirmed,true,ready,,final_position,blocked_until_ready,,,,,awaiting_visibility,false,false,floor_slow_transition|ex-glute-bridge,,true,sessionPlayer.test.ts,Default-closed floor V2.1 runtime gate requires explicit confirmation plus movement camera readiness.
voice_change_does_not_mark_ready,final_position,glute-bridge-hold,confirmed,true,ready,,final_position,blocked_until_ready,,,,,awaiting_user_transition,false,false,floor_slow_transition|ex-glute-bridge,,true,sessionPlayer.test.ts,Default-closed floor V2.1 runtime gate requires explicit confirmation plus movement camera readiness.
first_floor_item_transition_once,session_memory,glute-bridge-hold,confirmed,true,ready,,session_memory,transition_due_once,,,,true,awaiting_user_transition,false,false,floor_slow_transition|ex-glute-bridge,,true,sessionPlayer.test.ts,
later_floor_set_no_transition,session_memory,glute-bridge-hold,confirmed,true,ready,,session_memory,no_transition_repeat,,,,false,awaiting_user_transition,false,false,ex-glute-bridge,,true,sessionPlayer.test.ts,
contiguous_floor_item_no_duplicate_family_transition,session_memory,glute-bridge-reps,confirmed,true,ready,,session_memory,no_duplicate_family_transition,,,,false,awaiting_user_transition,false,false,ex-glute-bridge,,true,sequencePlanner/sessionPlayer design,
new_session_resets_transition_memory,session_memory,glute-bridge-hold,confirmed,true,ready,,session_memory,transition_due_new_session,,,,true,,false,false,floor_slow_transition|ex-glute-bridge,,true,sessionPlayer.test.ts,
pause_preserves_floor_memory,session_memory,glute-bridge-hold,confirmed,true,ready,,session_memory,memory_preserved,,,,false,,false,false,,,true,sessionPlayer pause/shiftTiming,
restore_preserves_floor_memory,session_memory,glute-bridge-hold,confirmed,true,ready,,session_memory,restore_setup_boundary,,,,false,,false,false,,,true,documented restore boundary,
stale_item_transition_callback_ignored,session_memory,glute-bridge-hold,confirmed,true,ready,,session_memory,guard_rejected,,,,false,,false,false,,,true,sessionPlayer.test.ts,
floor_contract_blockers_reconciled_glute-bridge-hold,voice_readiness,glute-bridge-hold,confirmed,true,ready,v1_core,voice_readiness,contract_reconciled,,,,,ready,false,false,equip-floor-transition-v21|ex-glute-bridge-hold-first-v21|final-position-set-v21|target-glute-bridge-hold-v21,,true,voiceV21 foundation.test.ts,"Floor gate, final-position, and safety-subsumption implementation blockers are removed in the post-safety baseline."
floor_contract_blockers_reconciled_glute-bridge-reps,voice_readiness,glute-bridge-reps,confirmed,true,ready,v1_core,voice_readiness,contract_reconciled,,,,,ready,false,false,equip-floor-transition-v21|ex-glute-bridge-reps-first-v21|final-position-set-v21|target-glute-bridge-reps-v21,,true,voiceV21 foundation.test.ts,"Floor gate, final-position, and safety-subsumption implementation blockers are removed in the post-safety baseline."
floor_contract_blockers_reconciled_push-up-standard,voice_readiness,push-up-standard,confirmed,true,ready,v1_optional,voice_readiness,contract_reconciled,,,,,ready,false,false,equip-floor-transition-v21|ex-push-up-standard-first-v21|final-position-set-v21|target-push-up-standard-v21,,true,voiceV21 foundation.test.ts,"Floor gate, final-position, and safety-subsumption implementation blockers are removed in the post-safety baseline."
floor_first_use_logical_sequence,voice_readiness,glute-bridge-hold,confirmed,true,ready,,voice_readiness,logical_sequence_ready,,,,,ready,false,false,equip-floor-transition-v21|ex-glute-bridge-hold-first-v21|final-position-set-v21|target-glute-bridge-hold-v21,,true,voiceV21 foundation.test.ts,
floor_later_set_logical_sequence,voice_readiness,glute-bridge-hold,confirmed,true,ready,,voice_readiness,later_set_omits_transition,,,,,ready,false,false,ex-glute-bridge-hold-next-v21|target-glute-bridge-hold-v21,,true,voiceV21 foundation.test.ts,
repeat_instructions_no_capability_question,voice_readiness,glute-bridge-hold,confirmed,true,ready,,voice_readiness,repeat_no_question,,,,,awaiting_user_transition,false,false,ex-glute-bridge-hold-first-v21|target-glute-bridge-hold-v21,,true,voiceV21 foundation.test.ts,
post_safety_safety_subsumption_removed,voice_readiness,glute-bridge-hold,confirmed,true,ready,,voice_readiness,post_safety_removed,,,,,,false,false,,,true,voiceV21 foundation.test.ts,Safety integration is complete; IR-VOICE-SAFETY-SUBSUMPTION is expected to be absent.
physical_manifest_unchanged_this_task,voice_readiness,,,,ready,,voice_readiness,audio_unchanged,,,,,,false,false,,,true,task-start audio hashes,"Audio integrity is checked against task-start hashes, not Git HEAD."
training_voice_stays_closed,defaults,,,,ready,,defaults,legacy,,,,,,false,false,,audio_ready_false|global_audio_ready_false|missing_audio:equip-floor-transition-v21|missing_audio:ex-glute-bridge-hold-first-v21|missing_audio:ex-glute-bridge-hold-next-v21|missing_audio:target-glute-bridge-hold-v21,true,voiceV21 foundation.test.ts,
balance_v2_stays_closed,defaults,,,,ready,,defaults,default_closed_audio_pending,,,,,,false,false,,,true,project default audit,
step_up_stays_closed,defaults,,,,ready,,defaults,default_off,,,,,,false,false,,,true,step-up closure tests,
