logicalCueKey,exactScript,flow,category,policyId,requiredForVoiceFirst,voiceIdsNeeded,currentPhysicalCandidate,reuseDecision,reasonForGeneration,budgetClass,sourceArtifact,notes
checkup-balance-feet-together-v21,Feet together. Keep your eyes open and support within reach.,balance_v2,balance_setup,instruction,true,clara;marcus,balance-feet-together,existing_pair_script_mismatch,current_candidate_script_mismatch,balance_v2_stage_setup,docs/audits/HALE_EYES_OPEN_BALANCE_V2_VOICE_ASSET_REQUIREMENTS.csv;src/movements/balanceEyesOpenV2.ts,Existing generic cue omits eyes-open/support language.
checkup-balance-next-stance-v21,Nicely done. I will guide the next stance.,balance_v2,balance_control,result_transition,true,clara;marcus,item-complete-v21,existing_pair_script_mismatch,current_candidate_script_mismatch,balance_v2_control,docs/audits/HALE_EYES_OPEN_BALANCE_V2_VOICE_ASSET_REQUIREMENTS.csv;src/movements/balanceEyesOpenV2.ts,Generic completion lacks next-stance meaning.
checkup-balance-semi-tandem-left-v21,Place your left foot half a step forward. Keep your eyes open.,balance_v2,balance_setup,instruction,true,clara;marcus,balance-semi-tandem,existing_pair_script_mismatch,current_candidate_script_mismatch,balance_v2_stage_setup,docs/audits/HALE_EYES_OPEN_BALANCE_V2_VOICE_ASSET_REQUIREMENTS.csv;src/movements/balanceEyesOpenV2.ts,Existing cue has no selected lead-foot side.
checkup-balance-semi-tandem-right-v21,Place your right foot half a step forward. Keep your eyes open.,balance_v2,balance_setup,instruction,true,clara;marcus,balance-semi-tandem,existing_pair_script_mismatch,current_candidate_script_mismatch,balance_v2_stage_setup,docs/audits/HALE_EYES_OPEN_BALANCE_V2_VOICE_ASSET_REQUIREMENTS.csv;src/movements/balanceEyesOpenV2.ts,Existing cue has no selected lead-foot side.
checkup-balance-single-leg-left-v21,Stand on your left leg and lift your right foot slightly.,balance_v2,balance_setup,instruction,true,clara;marcus,checkup-balance-single-leg-v21,existing_pair_script_mismatch,current_candidate_script_mismatch,balance_v2_stage_setup,docs/audits/HALE_EYES_OPEN_BALANCE_V2_VOICE_ASSET_REQUIREMENTS.csv;src/movements/balanceEyesOpenV2.ts,Existing cue uses placeholder selected leg.
checkup-balance-single-leg-right-v21,Stand on your right leg and lift your left foot slightly.,balance_v2,balance_setup,instruction,true,clara;marcus,checkup-balance-single-leg-v21,existing_pair_script_mismatch,current_candidate_script_mismatch,balance_v2_stage_setup,docs/audits/HALE_EYES_OPEN_BALANCE_V2_VOICE_ASSET_REQUIREMENTS.csv;src/movements/balanceEyesOpenV2.ts,Existing cue uses placeholder selected leg.
checkup-balance-support-touch-v21,Support touch noted. Balance check complete.,balance_v2,balance_control,instruction,true,clara;marcus,checkup-balance-support-touch-v21,new_pair_required,missing_exact_clara_marcus_pair,balance_v2_control,docs/audits/HALE_EYES_OPEN_BALANCE_V2_VOICE_ASSET_REQUIREMENTS.csv;src/movements/balanceEyesOpenV2.ts,Needed if explicit support-touch action should be acknowledged by voice.
checkup-balance-tandem-left-v21,Place your left foot directly in front heel to toe. Keep your eyes open.,balance_v2,balance_setup,instruction,true,clara;marcus,balance-tandem,existing_pair_script_mismatch,current_candidate_script_mismatch,balance_v2_stage_setup,docs/audits/HALE_EYES_OPEN_BALANCE_V2_VOICE_ASSET_REQUIREMENTS.csv;src/movements/balanceEyesOpenV2.ts,Existing cue has no selected lead-foot side.
checkup-balance-tandem-right-v21,Place your right foot directly in front heel to toe. Keep your eyes open.,balance_v2,balance_setup,instruction,true,clara;marcus,balance-tandem,existing_pair_script_mismatch,current_candidate_script_mismatch,balance_v2_stage_setup,docs/audits/HALE_EYES_OPEN_BALANCE_V2_VOICE_ASSET_REQUIREMENTS.csv;src/movements/balanceEyesOpenV2.ts,Existing cue has no selected lead-foot side.
equip-balance-support-v21,Keep support within easy reach.,training,equipment_first_use,instruction,true,clara;marcus,balance_support_within_reach,existing_pair_script_mismatch,current_candidate_script_mismatch,ordinary_first_use_pre_countdown,src/training/voiceV21/assets.ts;src/training/voiceV21/contracts.ts,"A physical candidate exists, but V2.1 requires a separate exact logical cue."
equip-chair-stable-v21,Use a sturdy chair that will not slide.,training,equipment_first_use,instruction,true,clara;marcus,chair_use_sturdy_chair,existing_pair_script_mismatch,current_candidate_script_mismatch,ordinary_first_use_pre_countdown,src/training/voiceV21/assets.ts;src/training/voiceV21/contracts.ts,"A physical candidate exists, but V2.1 requires a separate exact logical cue."
equip-door-anchor-v21,Use a secure closed door anchor and test light tension first.,training,equipment_first_use,instruction,true,clara;marcus,door_anchor_fully_closed+door_anchor_test_light_tension,existing_pair_script_mismatch,current_candidate_script_mismatch,ordinary_first_use_pre_countdown,src/training/voiceV21/assets.ts;src/training/voiceV21/contracts.ts,"A physical candidate exists, but V2.1 requires a separate exact logical cue."
equip-floor-transition-v21,Move down to the floor and settle into the start position.,training,equipment_first_use,instruction,true,clara;marcus,floor_slow_transition,existing_pair_script_mismatch,current_candidate_script_mismatch,ordinary_first_use_pre_countdown,src/training/voiceV21/assets.ts;src/training/voiceV21/contracts.ts,"A physical candidate exists, but V2.1 requires a separate exact logical cue."
equip-long-band-v21,Check the band first and keep it away from your face.,training,equipment_first_use,instruction,true,clara;marcus,band_inspect_before_use+band_face_and_eyes_clear,existing_pair_script_mismatch,current_candidate_script_mismatch,ordinary_first_use_pre_countdown,src/training/voiceV21/assets.ts;src/training/voiceV21/contracts.ts,"A physical candidate exists, but V2.1 requires a separate exact logical cue."
equip-step-stable-v21,"Use the lowest stable step, with support nearby.",training,equipment_first_use,instruction,true,clara;marcus,step_use_low_stable_step+step_fixed_support_nearby,existing_pair_script_mismatch,current_candidate_script_mismatch,ordinary_first_use_pre_countdown,src/training/voiceV21/assets.ts;src/training/voiceV21/contracts.ts,"A physical candidate exists, but V2.1 requires a separate exact logical cue."
equip-support-close-v21,Keep sturdy support within easy reach.,training,equipment_first_use,instruction,true,clara;marcus,support_keep_support_within_reach,existing_pair_script_mismatch,current_candidate_script_mismatch,ordinary_first_use_pre_countdown,src/training/voiceV21/assets.ts;src/training/voiceV21/contracts.ts,"A physical candidate exists, but V2.1 requires a separate exact logical cue."
ex-balance-feet-together-hold-first-v21,"Feet-together hold. Stand with feet together, fingertips near support, eyes open.",training,exercise_first_use,instruction,true,clara;marcus,ex-balance-feet-together-hold-first-v21,new_pair_required,missing_exact_clara_marcus_pair,ordinary_first_use_pre_countdown,src/training/voiceV21/assets.ts;src/training/voiceV21/contracts.ts,No current physical pair exists for this logical Training Voice V2.1 cue.
ex-balance-feet-together-hold-next-v21,Feet-together hold.,training,exercise_later_set,instruction,true,clara;marcus,ex-balance-feet-together-hold-next-v21,new_pair_required,missing_exact_clara_marcus_pair,later_set_reminder,src/training/voiceV21/assets.ts;src/training/voiceV21/contracts.ts,No current physical pair exists for this logical Training Voice V2.1 cue.
ex-balance-single-leg-hold-first-v21,Single-leg hold. Keep support close.,training,exercise_first_use,instruction,true,clara;marcus,ex-balance-single-leg-hold-first-v21,new_pair_required,missing_exact_clara_marcus_pair,ordinary_first_use_pre_countdown,src/training/voiceV21/assets.ts;src/training/voiceV21/contracts.ts,No current physical pair exists for this logical Training Voice V2.1 cue.
ex-balance-single-leg-hold-next-v21,Single-leg hold.,training,exercise_later_set,instruction,true,clara;marcus,ex-balance-single-leg-hold-next-v21,new_pair_required,missing_exact_clara_marcus_pair,later_set_reminder,src/training/voiceV21/assets.ts;src/training/voiceV21/contracts.ts,No current physical pair exists for this logical Training Voice V2.1 cue.
ex-balance-tandem-hold-first-v21,Tandem hold. Keep support close.,training,exercise_first_use,instruction,true,clara;marcus,ex-balance-tandem-hold-first-v21,new_pair_required,missing_exact_clara_marcus_pair,ordinary_first_use_pre_countdown,src/training/voiceV21/assets.ts;src/training/voiceV21/contracts.ts,No current physical pair exists for this logical Training Voice V2.1 cue.
ex-balance-tandem-hold-next-v21,Tandem hold.,training,exercise_later_set,instruction,true,clara;marcus,ex-balance-tandem-hold-next-v21,new_pair_required,missing_exact_clara_marcus_pair,later_set_reminder,src/training/voiceV21/assets.ts;src/training/voiceV21/contracts.ts,No current physical pair exists for this logical Training Voice V2.1 cue.
ex-band-pull-apart-first-v21,"Band pull-apart. Hold a light band at chest height. Pull your hands wide, then return slowly.",training,exercise_first_use,instruction,true,clara;marcus,ex-band-pull-apart-first-v21,new_pair_required,missing_exact_clara_marcus_pair,ordinary_first_use_pre_countdown,src/training/voiceV21/assets.ts;src/training/voiceV21/contracts.ts,No current physical pair exists for this logical Training Voice V2.1 cue.
ex-band-pull-apart-next-v21,Band pull-apart.,training,exercise_later_set,instruction,true,clara;marcus,ex-band-pull-apart-next-v21,new_pair_required,missing_exact_clara_marcus_pair,later_set_reminder,src/training/voiceV21/assets.ts;src/training/voiceV21/contracts.ts,No current physical pair exists for this logical Training Voice V2.1 cue.
ex-chair-supported-split-squat-first-v21,Supported split squat. Keep fingertips near sturdy support.,training,exercise_first_use,instruction,true,clara;marcus,ex-chair-supported-split-squat-first-v21,new_pair_required,missing_exact_clara_marcus_pair,ordinary_first_use_pre_countdown,src/training/voiceV21/assets.ts;src/training/voiceV21/contracts.ts,No current physical pair exists for this logical Training Voice V2.1 cue.
ex-chair-supported-split-squat-next-v21,Supported split squat.,training,exercise_later_set,instruction,true,clara;marcus,ex-chair-supported-split-squat-next-v21,new_pair_required,missing_exact_clara_marcus_pair,later_set_reminder,src/training/voiceV21/assets.ts;src/training/voiceV21/contracts.ts,No current physical pair exists for this logical Training Voice V2.1 cue.
ex-glute-bridge-hold-first-v21,"Bridge hold. Lie on your back, knees bent, feet flat. Lift your hips and hold.",training,exercise_first_use,instruction,true,clara;marcus,ex-glute-bridge-hold-first-v21,new_pair_required,missing_exact_clara_marcus_pair,ordinary_first_use_pre_countdown,src/training/voiceV21/assets.ts;src/training/voiceV21/contracts.ts,No current physical pair exists for this logical Training Voice V2.1 cue.
ex-glute-bridge-hold-next-v21,Bridge hold.,training,exercise_later_set,instruction,true,clara;marcus,ex-glute-bridge-hold-next-v21,new_pair_required,missing_exact_clara_marcus_pair,later_set_reminder,src/training/voiceV21/assets.ts;src/training/voiceV21/contracts.ts,No current physical pair exists for this logical Training Voice V2.1 cue.
ex-glute-bridge-reps-first-v21,"Glute bridge. Lie on your back, knees bent, feet flat. Lift your hips, then lower with control.",training,exercise_first_use,instruction,true,clara;marcus,ex-glute-bridge-reps-first-v21,new_pair_required,missing_exact_clara_marcus_pair,ordinary_first_use_pre_countdown,src/training/voiceV21/assets.ts;src/training/voiceV21/contracts.ts,No current physical pair exists for this logical Training Voice V2.1 cue.
ex-glute-bridge-reps-next-v21,Glute bridge.,training,exercise_later_set,instruction,true,clara;marcus,ex-glute-bridge-reps-next-v21,new_pair_required,missing_exact_clara_marcus_pair,later_set_reminder,src/training/voiceV21/assets.ts;src/training/voiceV21/contracts.ts,No current physical pair exists for this logical Training Voice V2.1 cue.
ex-heel-raise-free-first-v21,"Heel raise. Stand tall. Rise onto the balls of your feet, then lower slowly.",training,exercise_first_use,instruction,true,clara;marcus,ex-heel-raise-free-first-v21,new_pair_required,missing_exact_clara_marcus_pair,ordinary_first_use_pre_countdown,src/training/voiceV21/assets.ts;src/training/voiceV21/contracts.ts,No current physical pair exists for this logical Training Voice V2.1 cue.
ex-heel-raise-free-next-v21,Heel raise.,training,exercise_later_set,instruction,true,clara;marcus,ex-heel-raise-free-next-v21,new_pair_required,missing_exact_clara_marcus_pair,later_set_reminder,src/training/voiceV21/assets.ts;src/training/voiceV21/contracts.ts,No current physical pair exists for this logical Training Voice V2.1 cue.
ex-heel-raise-supported-first-v21,"Supported heel raise. Fingertips near support. Rise onto the balls of your feet, then lower slowly.",training,exercise_first_use,instruction,true,clara;marcus,ex-heel-raise-supported-first-v21,new_pair_required,missing_exact_clara_marcus_pair,ordinary_first_use_pre_countdown,src/training/voiceV21/assets.ts;src/training/voiceV21/contracts.ts,No current physical pair exists for this logical Training Voice V2.1 cue.
ex-heel-raise-supported-next-v21,Supported heel raise.,training,exercise_later_set,instruction,true,clara;marcus,ex-heel-raise-supported-next-v21,new_pair_required,missing_exact_clara_marcus_pair,later_set_reminder,src/training/voiceV21/assets.ts;src/training/voiceV21/contracts.ts,No current physical pair exists for this logical Training Voice V2.1 cue.
ex-hip-hinge-free-first-v21,"Hip hinge. Feet under hips. Send hips back with a long spine, then stand tall.",training,exercise_first_use,instruction,true,clara;marcus,ex-hip-hinge-free-first-v21,new_pair_required,missing_exact_clara_marcus_pair,ordinary_first_use_pre_countdown,src/training/voiceV21/assets.ts;src/training/voiceV21/contracts.ts,No current physical pair exists for this logical Training Voice V2.1 cue.
ex-hip-hinge-free-next-v21,Hip hinge.,training,exercise_later_set,instruction,true,clara;marcus,ex-hip-hinge-free-next-v21,new_pair_required,missing_exact_clara_marcus_pair,later_set_reminder,src/training/voiceV21/assets.ts;src/training/voiceV21/contracts.ts,No current physical pair exists for this logical Training Voice V2.1 cue.
ex-hip-hinge-wall-first-v21,"Wall-tap hinge. Stand a step from the wall. Send hips back to tap the wall, then stand tall.",training,exercise_first_use,instruction,true,clara;marcus,ex-hip-hinge-wall-first-v21,new_pair_required,missing_exact_clara_marcus_pair,ordinary_first_use_pre_countdown,src/training/voiceV21/assets.ts;src/training/voiceV21/contracts.ts,No current physical pair exists for this logical Training Voice V2.1 cue.
ex-hip-hinge-wall-next-v21,Wall-tap hinge.,training,exercise_later_set,instruction,true,clara;marcus,ex-hip-hinge-wall-next-v21,new_pair_required,missing_exact_clara_marcus_pair,later_set_reminder,src/training/voiceV21/assets.ts;src/training/voiceV21/contracts.ts,No current physical pair exists for this logical Training Voice V2.1 cue.
ex-loaded-march-first-v21,March in place. Stand tall near support and march with a steady rhythm.,training,exercise_first_use,instruction,true,clara;marcus,ex-loaded-march-first-v21,new_pair_required,missing_exact_clara_marcus_pair,ordinary_first_use_pre_countdown,src/training/voiceV21/assets.ts;src/training/voiceV21/contracts.ts,No current physical pair exists for this logical Training Voice V2.1 cue.
ex-loaded-march-next-v21,March in place.,training,exercise_later_set,instruction,true,clara;marcus,ex-loaded-march-next-v21,new_pair_required,missing_exact_clara_marcus_pair,later_set_reminder,src/training/voiceV21/assets.ts;src/training/voiceV21/contracts.ts,No current physical pair exists for this logical Training Voice V2.1 cue.
ex-loaded-sit-to-stand-first-v21,"Loaded sit-to-stand. Hold the load close to your chest. Stand fully, then sit with control.",training,exercise_first_use,instruction,true,clara;marcus,ex-loaded-sit-to-stand-first-v21,new_pair_required,missing_exact_clara_marcus_pair,ordinary_first_use_pre_countdown,src/training/voiceV21/assets.ts;src/training/voiceV21/contracts.ts,No current physical pair exists for this logical Training Voice V2.1 cue.
ex-loaded-sit-to-stand-next-v21,Loaded sit-to-stand.,training,exercise_later_set,instruction,true,clara;marcus,ex-loaded-sit-to-stand-next-v21,new_pair_required,missing_exact_clara_marcus_pair,later_set_reminder,src/training/voiceV21/assets.ts;src/training/voiceV21/contracts.ts,No current physical pair exists for this logical Training Voice V2.1 cue.
ex-mini-band-lateral-walk-first-v21,Mini-band lateral walk. Band above your knees. Take small controlled steps both directions.,training,exercise_first_use,instruction,true,clara;marcus,ex-mini-band-lateral-walk-first-v21,new_pair_required,missing_exact_clara_marcus_pair,ordinary_first_use_pre_countdown,src/training/voiceV21/assets.ts;src/training/voiceV21/contracts.ts,No current physical pair exists for this logical Training Voice V2.1 cue.
ex-mini-band-lateral-walk-next-v21,Mini-band lateral walk.,training,exercise_later_set,instruction,true,clara;marcus,ex-mini-band-lateral-walk-next-v21,new_pair_required,missing_exact_clara_marcus_pair,later_set_reminder,src/training/voiceV21/assets.ts;src/training/voiceV21/contracts.ts,No current physical pair exists for this logical Training Voice V2.1 cue.
ex-neck-rotation-first-v21,"Neck rotations. Face the phone, sit or stand tall, and slowly look over one shoulder, then the other.",training,exercise_first_use,instruction,true,clara;marcus,ex-neck-rotation-first-v21,new_pair_required,missing_exact_clara_marcus_pair,ordinary_first_use_pre_countdown,src/training/voiceV21/assets.ts;src/training/voiceV21/contracts.ts,No current physical pair exists for this logical Training Voice V2.1 cue.
ex-neck-rotation-next-v21,Neck rotations.,training,exercise_later_set,instruction,true,clara;marcus,ex-neck-rotation-next-v21,new_pair_required,missing_exact_clara_marcus_pair,later_set_reminder,src/training/voiceV21/assets.ts;src/training/voiceV21/contracts.ts,No current physical pair exists for this logical Training Voice V2.1 cue.
ex-overhead-press-band-first-v21,"Band overhead press. Stand tall with light band tension. Press overhead, then return slowly.",training,exercise_first_use,instruction,true,clara;marcus,ex-overhead-press-band-first-v21,new_pair_required,missing_exact_clara_marcus_pair,ordinary_first_use_pre_countdown,src/training/voiceV21/assets.ts;src/training/voiceV21/contracts.ts,No current physical pair exists for this logical Training Voice V2.1 cue.
ex-overhead-press-band-next-v21,Band overhead press.,training,exercise_later_set,instruction,true,clara;marcus,ex-overhead-press-band-next-v21,new_pair_required,missing_exact_clara_marcus_pair,later_set_reminder,src/training/voiceV21/assets.ts;src/training/voiceV21/contracts.ts,No current physical pair exists for this logical Training Voice V2.1 cue.
ex-overhead-reach-first-v21,"Overhead reach. Stand tall. Reach both arms overhead as far as comfortable, then lower.",training,exercise_first_use,instruction,true,clara;marcus,ex-overhead-reach-first-v21,new_pair_required,missing_exact_clara_marcus_pair,ordinary_first_use_pre_countdown,src/training/voiceV21/assets.ts;src/training/voiceV21/contracts.ts,No current physical pair exists for this logical Training Voice V2.1 cue.
ex-overhead-reach-next-v21,Overhead reach.,training,exercise_later_set,instruction,true,clara;marcus,ex-overhead-reach-next-v21,new_pair_required,missing_exact_clara_marcus_pair,later_set_reminder,src/training/voiceV21/assets.ts;src/training/voiceV21/contracts.ts,No current physical pair exists for this logical Training Voice V2.1 cue.
ex-push-up-incline-first-v21,"Incline push-up. Hands on a stable counter or sturdy chair. Lower in with control, then press away.",training,exercise_first_use,instruction,true,clara;marcus,ex-push-up-incline-first-v21,new_pair_required,missing_exact_clara_marcus_pair,ordinary_first_use_pre_countdown,src/training/voiceV21/assets.ts;src/training/voiceV21/contracts.ts,No current physical pair exists for this logical Training Voice V2.1 cue.
ex-push-up-incline-next-v21,Incline push-up.,training,exercise_later_set,instruction,true,clara;marcus,ex-push-up-incline-next-v21,new_pair_required,missing_exact_clara_marcus_pair,later_set_reminder,src/training/voiceV21/assets.ts;src/training/voiceV21/contracts.ts,No current physical pair exists for this logical Training Voice V2.1 cue.
ex-push-up-standard-first-v21,"Push-up. Start from the floor position. Lower with control, then press up.",training,exercise_first_use,instruction,true,clara;marcus,ex-push-up-standard-first-v21,new_pair_required,missing_exact_clara_marcus_pair,ordinary_first_use_pre_countdown,src/training/voiceV21/assets.ts;src/training/voiceV21/contracts.ts,No current physical pair exists for this logical Training Voice V2.1 cue.
ex-push-up-standard-next-v21,Push-up.,training,exercise_later_set,instruction,true,clara;marcus,ex-push-up-standard-next-v21,new_pair_required,missing_exact_clara_marcus_pair,later_set_reminder,src/training/voiceV21/assets.ts;src/training/voiceV21/contracts.ts,No current physical pair exists for this logical Training Voice V2.1 cue.
ex-push-up-wall-first-v21,"Wall push-up. Hands on the wall. Lower in with control, then press away.",training,exercise_first_use,instruction,true,clara;marcus,ex-push-up-wall-first-v21,new_pair_required,missing_exact_clara_marcus_pair,ordinary_first_use_pre_countdown,src/training/voiceV21/assets.ts;src/training/voiceV21/contracts.ts,No current physical pair exists for this logical Training Voice V2.1 cue.
ex-push-up-wall-next-v21,Wall push-up.,training,exercise_later_set,instruction,true,clara;marcus,ex-push-up-wall-next-v21,new_pair_required,missing_exact_clara_marcus_pair,later_set_reminder,src/training/voiceV21/assets.ts;src/training/voiceV21/contracts.ts,No current physical pair exists for this logical Training Voice V2.1 cue.
ex-seated-band-row-first-v21,"Seated band row. Sit tall on a sturdy chair with the band anchored under both feet. Pull elbows back, then return slowly.",training,exercise_first_use,instruction,true,clara;marcus,ex-seated-band-row-first-v21,new_pair_required,missing_exact_clara_marcus_pair,ordinary_first_use_pre_countdown,src/training/voiceV21/assets.ts;src/training/voiceV21/contracts.ts,No current physical pair exists for this logical Training Voice V2.1 cue.
ex-seated-band-row-next-v21,Seated band row.,training,exercise_later_set,instruction,true,clara;marcus,ex-seated-band-row-next-v21,new_pair_required,missing_exact_clara_marcus_pair,later_set_reminder,src/training/voiceV21/assets.ts;src/training/voiceV21/contracts.ts,No current physical pair exists for this logical Training Voice V2.1 cue.
ex-seated-hamstring-reach-first-v21,Seated hamstring reach. Sit tall at the chair edge.,training,exercise_first_use,instruction,true,clara;marcus,ex-seated-hamstring-reach-first-v21,new_pair_required,missing_exact_clara_marcus_pair,ordinary_first_use_pre_countdown,src/training/voiceV21/assets.ts;src/training/voiceV21/contracts.ts,No current physical pair exists for this logical Training Voice V2.1 cue.
ex-seated-hamstring-reach-next-v21,Seated hamstring reach.,training,exercise_later_set,instruction,true,clara;marcus,ex-seated-hamstring-reach-next-v21,new_pair_required,missing_exact_clara_marcus_pair,later_set_reminder,src/training/voiceV21/assets.ts;src/training/voiceV21/contracts.ts,No current physical pair exists for this logical Training Voice V2.1 cue.
ex-squat-free-first-v21,"Squat. Feet about hip width. Lower as if to sit, then stand with control.",training,exercise_first_use,instruction,true,clara;marcus,ex-squat-free-first-v21,new_pair_required,missing_exact_clara_marcus_pair,ordinary_first_use_pre_countdown,src/training/voiceV21/assets.ts;src/training/voiceV21/contracts.ts,No current physical pair exists for this logical Training Voice V2.1 cue.
ex-squat-free-next-v21,Squat.,training,exercise_later_set,instruction,true,clara;marcus,ex-squat-free-next-v21,new_pair_required,missing_exact_clara_marcus_pair,later_set_reminder,src/training/voiceV21/assets.ts;src/training/voiceV21/contracts.ts,No current physical pair exists for this logical Training Voice V2.1 cue.
ex-squat-loaded-first-v21,"Loaded squat. Hold the load close to your chest. Lower into a squat, then stand with control.",training,exercise_first_use,instruction,true,clara;marcus,ex-squat-loaded-first-v21,new_pair_required,missing_exact_clara_marcus_pair,ordinary_first_use_pre_countdown,src/training/voiceV21/assets.ts;src/training/voiceV21/contracts.ts,No current physical pair exists for this logical Training Voice V2.1 cue.
ex-squat-loaded-next-v21,Loaded squat.,training,exercise_later_set,instruction,true,clara;marcus,ex-squat-loaded-next-v21,new_pair_required,missing_exact_clara_marcus_pair,later_set_reminder,src/training/voiceV21/assets.ts;src/training/voiceV21/contracts.ts,No current physical pair exists for this logical Training Voice V2.1 cue.
ex-squat-slow-eccentric-first-v21,"Slow-lower squat. Lower slowly, then stand with control.",training,exercise_first_use,instruction,true,clara;marcus,ex-squat-slow-eccentric-first-v21,new_pair_required,missing_exact_clara_marcus_pair,ordinary_first_use_pre_countdown,src/training/voiceV21/assets.ts;src/training/voiceV21/contracts.ts,No current physical pair exists for this logical Training Voice V2.1 cue.
ex-squat-slow-eccentric-next-v21,Slow-lower squat.,training,exercise_later_set,instruction,true,clara;marcus,ex-squat-slow-eccentric-next-v21,new_pair_required,missing_exact_clara_marcus_pair,later_set_reminder,src/training/voiceV21/assets.ts;src/training/voiceV21/contracts.ts,No current physical pair exists for this logical Training Voice V2.1 cue.
ex-squat-supported-first-v21,"Supported squat. Stand near sturdy support. Lower as if to sit, then stand with control.",training,exercise_first_use,instruction,true,clara;marcus,ex-squat-supported-first-v21,new_pair_required,missing_exact_clara_marcus_pair,ordinary_first_use_pre_countdown,src/training/voiceV21/assets.ts;src/training/voiceV21/contracts.ts,No current physical pair exists for this logical Training Voice V2.1 cue.
ex-squat-supported-next-v21,Supported squat.,training,exercise_later_set,instruction,true,clara;marcus,ex-squat-supported-next-v21,new_pair_required,missing_exact_clara_marcus_pair,later_set_reminder,src/training/voiceV21/assets.ts;src/training/voiceV21/contracts.ts,No current physical pair exists for this logical Training Voice V2.1 cue.
ex-standing-band-row-first-v21,"Standing band row. Face the secure door anchor in a stable stance. Pull elbows back, then return slowly.",training,exercise_first_use,instruction,true,clara;marcus,ex-standing-band-row-first-v21,new_pair_required,missing_exact_clara_marcus_pair,ordinary_first_use_pre_countdown,src/training/voiceV21/assets.ts;src/training/voiceV21/contracts.ts,No current physical pair exists for this logical Training Voice V2.1 cue.
ex-standing-band-row-next-v21,Standing band row.,training,exercise_later_set,instruction,true,clara;marcus,ex-standing-band-row-next-v21,new_pair_required,missing_exact_clara_marcus_pair,later_set_reminder,src/training/voiceV21/assets.ts;src/training/voiceV21/contracts.ts,No current physical pair exists for this logical Training Voice V2.1 cue.
ex-step-up-first-v21,Step-up. Use the lowest stable step with support nearby. Return both feet to the floor after each rep.,training,exercise_first_use,instruction,true,clara;marcus,ex-step-up-first-v21,new_pair_required,missing_exact_clara_marcus_pair,ordinary_first_use_pre_countdown,src/training/voiceV21/assets.ts;src/training/voiceV21/contracts.ts,No current physical pair exists for this logical Training Voice V2.1 cue.
ex-step-up-next-v21,Step-up. Return both feet to the floor after each rep.,training,exercise_later_set,instruction,true,clara;marcus,ex-step-up-next-v21,new_pair_required,missing_exact_clara_marcus_pair,later_set_reminder,src/training/voiceV21/assets.ts;src/training/voiceV21/contracts.ts,No current physical pair exists for this logical Training Voice V2.1 cue.
ex-sts-cushion-first-v21,"Cushion sit-to-stand. Sit tall on the cushion, feet flat. Stand fully, then sit with control.",training,exercise_first_use,instruction,true,clara;marcus,ex-sts-cushion-first-v21,new_pair_required,missing_exact_clara_marcus_pair,ordinary_first_use_pre_countdown,src/training/voiceV21/assets.ts;src/training/voiceV21/contracts.ts,No current physical pair exists for this logical Training Voice V2.1 cue.
ex-sts-cushion-next-v21,Cushion sit-to-stand.,training,exercise_later_set,instruction,true,clara;marcus,ex-sts-cushion-next-v21,new_pair_required,missing_exact_clara_marcus_pair,later_set_reminder,src/training/voiceV21/assets.ts;src/training/voiceV21/contracts.ts,No current physical pair exists for this logical Training Voice V2.1 cue.
ex-sts-power-first-v21,"Power sit-to-stand. Sit tall, drive up briskly to standing, then sit with control.",training,exercise_first_use,instruction,true,clara;marcus,ex-sts-power-first-v21,new_pair_required,missing_exact_clara_marcus_pair,ordinary_first_use_pre_countdown,src/training/voiceV21/assets.ts;src/training/voiceV21/contracts.ts,No current physical pair exists for this logical Training Voice V2.1 cue.
ex-sts-power-next-v21,Power sit-to-stand.,training,exercise_later_set,instruction,true,clara;marcus,ex-sts-power-next-v21,new_pair_required,missing_exact_clara_marcus_pair,later_set_reminder,src/training/voiceV21/assets.ts;src/training/voiceV21/contracts.ts,No current physical pair exists for this logical Training Voice V2.1 cue.
ex-sts-slow-eccentric-first-v21,"Slow-lower sit-to-stand. Stand fully, then lower slowly and steadily before the next rep.",training,exercise_first_use,instruction,true,clara;marcus,ex-sts-slow-eccentric-first-v21,new_pair_required,missing_exact_clara_marcus_pair,ordinary_first_use_pre_countdown,src/training/voiceV21/assets.ts;src/training/voiceV21/contracts.ts,No current physical pair exists for this logical Training Voice V2.1 cue.
ex-sts-slow-eccentric-next-v21,Slow-lower sit-to-stand.,training,exercise_later_set,instruction,true,clara;marcus,ex-sts-slow-eccentric-next-v21,new_pair_required,missing_exact_clara_marcus_pair,later_set_reminder,src/training/voiceV21/assets.ts;src/training/voiceV21/contracts.ts,No current physical pair exists for this logical Training Voice V2.1 cue.
ex-sts-standard-first-v21,"Sit-to-stand. Sit tall in the middle of the chair, feet flat. Stand fully, then sit with control.",training,exercise_first_use,instruction,true,clara;marcus,ex-sts-standard-first-v21,new_pair_required,missing_exact_clara_marcus_pair,ordinary_first_use_pre_countdown,src/training/voiceV21/assets.ts;src/training/voiceV21/contracts.ts,No current physical pair exists for this logical Training Voice V2.1 cue.
ex-sts-standard-next-v21,Sit-to-stand.,training,exercise_later_set,instruction,true,clara;marcus,ex-sts-standard-next-v21,new_pair_required,missing_exact_clara_marcus_pair,later_set_reminder,src/training/voiceV21/assets.ts;src/training/voiceV21/contracts.ts,No current physical pair exists for this logical Training Voice V2.1 cue.
ex-supported-hip-flexor-stretch-first-v21,Supported hip-flexor stretch. Keep fingertips near support.,training,exercise_first_use,instruction,true,clara;marcus,ex-supported-hip-flexor-stretch-first-v21,new_pair_required,missing_exact_clara_marcus_pair,ordinary_first_use_pre_countdown,src/training/voiceV21/assets.ts;src/training/voiceV21/contracts.ts,No current physical pair exists for this logical Training Voice V2.1 cue.
ex-supported-hip-flexor-stretch-next-v21,Supported hip-flexor stretch.,training,exercise_later_set,instruction,true,clara;marcus,ex-supported-hip-flexor-stretch-next-v21,new_pair_required,missing_exact_clara_marcus_pair,later_set_reminder,src/training/voiceV21/assets.ts;src/training/voiceV21/contracts.ts,No current physical pair exists for this logical Training Voice V2.1 cue.
ex-supported-side-step-first-v21,"Supported side step. Stand near a counter. Step to the side, bring the other foot in, and continue with control.",training,exercise_first_use,instruction,true,clara;marcus,ex-supported-side-step-first-v21,new_pair_required,missing_exact_clara_marcus_pair,ordinary_first_use_pre_countdown,src/training/voiceV21/assets.ts;src/training/voiceV21/contracts.ts,No current physical pair exists for this logical Training Voice V2.1 cue.
ex-supported-side-step-next-v21,Supported side step.,training,exercise_later_set,instruction,true,clara;marcus,ex-supported-side-step-next-v21,new_pair_required,missing_exact_clara_marcus_pair,later_set_reminder,src/training/voiceV21/assets.ts;src/training/voiceV21/contracts.ts,No current physical pair exists for this logical Training Voice V2.1 cue.
ex-thoracic-rotation-first-v21,"Thoracic rotation. Sit or stand tall with arms crossed. Rotate one way, return to center, then rotate the other way.",training,exercise_first_use,instruction,true,clara;marcus,ex-thoracic-rotation-first-v21,new_pair_required,missing_exact_clara_marcus_pair,ordinary_first_use_pre_countdown,src/training/voiceV21/assets.ts;src/training/voiceV21/contracts.ts,No current physical pair exists for this logical Training Voice V2.1 cue.
ex-thoracic-rotation-next-v21,Thoracic rotation.,training,exercise_later_set,instruction,true,clara;marcus,ex-thoracic-rotation-next-v21,new_pair_required,missing_exact_clara_marcus_pair,later_set_reminder,src/training/voiceV21/assets.ts;src/training/voiceV21/contracts.ts,No current physical pair exists for this logical Training Voice V2.1 cue.
ex-toe-raise-supported-first-v21,"Supported toe raise. Keep heels down, lift the front of your feet, then lower slowly.",training,exercise_first_use,instruction,true,clara;marcus,ex-toe-raise-supported-first-v21,new_pair_required,missing_exact_clara_marcus_pair,ordinary_first_use_pre_countdown,src/training/voiceV21/assets.ts;src/training/voiceV21/contracts.ts,No current physical pair exists for this logical Training Voice V2.1 cue.
ex-toe-raise-supported-next-v21,Supported toe raise.,training,exercise_later_set,instruction,true,clara;marcus,ex-toe-raise-supported-next-v21,new_pair_required,missing_exact_clara_marcus_pair,later_set_reminder,src/training/voiceV21/assets.ts;src/training/voiceV21/contracts.ts,No current physical pair exists for this logical Training Voice V2.1 cue.
ex-wall-calf-stretch-first-v21,Wall calf stretch. Hands on the wall.,training,exercise_first_use,instruction,true,clara;marcus,ex-wall-calf-stretch-first-v21,new_pair_required,missing_exact_clara_marcus_pair,ordinary_first_use_pre_countdown,src/training/voiceV21/assets.ts;src/training/voiceV21/contracts.ts,No current physical pair exists for this logical Training Voice V2.1 cue.
ex-wall-calf-stretch-next-v21,Wall calf stretch.,training,exercise_later_set,instruction,true,clara;marcus,ex-wall-calf-stretch-next-v21,new_pair_required,missing_exact_clara_marcus_pair,later_set_reminder,src/training/voiceV21/assets.ts;src/training/voiceV21/contracts.ts,No current physical pair exists for this logical Training Voice V2.1 cue.
five-seconds-left-v21,Five seconds left.,training,progress,low_reassurance,false,clara;marcus,five-seconds-left-v21,new_pair_required,missing_exact_clara_marcus_pair,active_progress,src/training/voiceV21/assets.ts;src/training/voiceV21/contracts.ts,No current physical pair exists for this logical Training Voice V2.1 cue.
floor-gate-question-v21,Can you safely get down to the floor and back up without assistance?,training,equipment_first_use,instruction,true,clara;marcus,floor-gate-question-v21,new_pair_required,missing_exact_clara_marcus_pair,ordinary_first_use_pre_countdown,src/training/voiceV21/assets.ts;src/training/voiceV21/contracts.ts,No current physical pair exists for this logical Training Voice V2.1 cue.
halfway-v21,Halfway.,training,progress,low_reassurance,false,clara;marcus,halfway-v21,new_pair_required,missing_exact_clara_marcus_pair,active_progress,src/training/voiceV21/assets.ts;src/training/voiceV21/contracts.ts,No current physical pair exists for this logical Training Voice V2.1 cue.
last-set-v21,Last set.,training,rest_transition,result_transition,true,clara;marcus,last-set,existing_pair_script_mismatch,current_candidate_script_mismatch,control_confirmation,src/training/voiceV21/assets.ts;src/training/voiceV21/contracts.ts,"A physical candidate exists, but V2.1 requires a separate exact logical cue."
micro-chair-power-v21,Five quick chair stands. Arms crossed. Stand and sit five times as quickly as safely comfortable.,micro_check,micro_instruction,instruction,true,clara;marcus,microcheck-chair,existing_pair_script_mismatch,current_candidate_script_mismatch,micro_check_setup,src/training/microCheckVoiceV21/assets.ts;src/training/microCheckVoiceV21/contracts.ts,"A legacy physical candidate exists, but V2.1 requires a separate exact logical cue."
micro-discard-v21,Check discarded.,micro_check,control,result_transition,true,clara;marcus,micro-discard-v21,new_pair_required,missing_exact_clara_marcus_pair,control_confirmation,src/training/microCheckVoiceV21/assets.ts;src/training/microCheckVoiceV21/contracts.ts,No current physical pair exists for this logical Micro-Check Voice V2.1 cue.
micro-mobility-left-v21,Quick mobility check. Extend your left leg and reach gently until I say relax.,micro_check,micro_instruction,instruction,true,clara;marcus,ex-hamstring-reach,existing_pair_script_mismatch,current_candidate_script_mismatch,micro_check_setup,src/training/microCheckVoiceV21/assets.ts;src/training/microCheckVoiceV21/contracts.ts,"A legacy physical candidate exists, but V2.1 requires a separate exact logical cue."
micro-mobility-right-v21,Quick mobility check. Extend your right leg and reach gently until I say relax.,micro_check,micro_instruction,instruction,true,clara;marcus,ex-hamstring-reach,existing_pair_script_mismatch,current_candidate_script_mismatch,micro_check_setup,src/training/microCheckVoiceV21/assets.ts;src/training/microCheckVoiceV21/contracts.ts,"A legacy physical candidate exists, but V2.1 requires a separate exact logical cue."
micro-relax-v21,Relax.,micro_check,active_stop,critical_stop,true,clara;marcus,relax-arm,existing_pair_script_mismatch,current_candidate_script_mismatch,control_confirmation,src/training/microCheckVoiceV21/assets.ts;src/training/microCheckVoiceV21/contracts.ts,"A legacy physical candidate exists, but V2.1 requires a separate exact logical cue."
micro-single-leg-left-v21,Quick balance check. Stand on your left leg with support nearby. Hold as long as comfortable.,micro_check,micro_instruction,instruction,true,clara;marcus,microcheck-balance,existing_pair_script_mismatch,current_candidate_script_mismatch,micro_check_setup,src/training/microCheckVoiceV21/assets.ts;src/training/microCheckVoiceV21/contracts.ts,"A legacy physical candidate exists, but V2.1 requires a separate exact logical cue."
micro-single-leg-right-v21,Quick balance check. Stand on your right leg with support nearby. Hold as long as comfortable.,micro_check,micro_instruction,instruction,true,clara;marcus,microcheck-balance,existing_pair_script_mismatch,current_candidate_script_mismatch,micro_check_setup,src/training/microCheckVoiceV21/assets.ts;src/training/microCheckVoiceV21/contracts.ts,"A legacy physical candidate exists, but V2.1 requires a separate exact logical cue."
microcheck-complete-v21,Check complete.,micro_check,completion,result_transition,true,clara;marcus,microcheck-complete,existing_pair_script_mismatch,current_candidate_script_mismatch,control_confirmation,src/training/microCheckVoiceV21/assets.ts;src/training/microCheckVoiceV21/contracts.ts,"A legacy physical candidate exists, but V2.1 requires a separate exact logical cue."
next-exercise-v21,Next exercise.,training,rest_transition,result_transition,true,clara;marcus,next-up,existing_pair_script_mismatch,current_candidate_script_mismatch,control_confirmation,src/training/voiceV21/assets.ts;src/training/voiceV21/contracts.ts,"A physical candidate exists, but V2.1 requires a separate exact logical cue."
paused-v21,Paused.,micro_check;training,control,result_transition,true,clara;marcus,paused-v21,new_pair_required,missing_exact_clara_marcus_pair,control_confirmation,src/training/microCheckVoiceV21/assets.ts;src/training/microCheckVoiceV21/contracts.ts;src/training/voiceV21/assets.ts;src/training/voiceV21/contracts.ts,No current physical pair exists for this logical Micro-Check Voice V2.1 cue. No current physical pair exists for this logical Training Voice V2.1 cue.
rest-now-v21,Rest now.,training,rest_transition,result_transition,true,clara;marcus,rest-now,existing_pair_script_mismatch,current_candidate_script_mismatch,control_confirmation,src/training/voiceV21/assets.ts;src/training/voiceV21/contracts.ts,"A physical candidate exists, but V2.1 requires a separate exact logical cue."
resuming-v21,Resuming.,micro_check;training,control,result_transition,true,clara;marcus,resuming-v21,new_pair_required,missing_exact_clara_marcus_pair,control_confirmation,src/training/microCheckVoiceV21/assets.ts;src/training/microCheckVoiceV21/contracts.ts;src/training/voiceV21/assets.ts;src/training/voiceV21/contracts.ts,No current physical pair exists for this logical Micro-Check Voice V2.1 cue. No current physical pair exists for this logical Training Voice V2.1 cue.
safe-session-start-v21,"Clear the space around you. Stop for sharp pain, dizziness, or feeling unwell.",training,universal_safety,instruction,true,clara;marcus,safe-session-start-v21,new_pair_required,missing_exact_clara_marcus_pair,training_intro_universal_safety,src/training/voiceV21/assets.ts;src/training/voiceV21/contracts.ts,No current physical pair exists for this logical Training Voice V2.1 cue.
session-complete-v21,Session complete.,training,completion,result_transition,true,clara;marcus,session-complete,existing_pair_script_mismatch,current_candidate_script_mismatch,control_confirmation,src/training/voiceV21/assets.ts;src/training/voiceV21/contracts.ts,"A physical candidate exists, but V2.1 requires a separate exact logical cue."
set-complete-v21,Set complete.,training,completion,result_transition,true,clara;marcus,set-done,existing_pair_script_mismatch,current_candidate_script_mismatch,control_confirmation,src/training/voiceV21/assets.ts;src/training/voiceV21/contracts.ts,"A physical candidate exists, but V2.1 requires a separate exact logical cue."
setup-back-v21,Move a little farther back.,training,recovery,setup_recovery,true,clara;marcus,step-back,existing_pair_script_mismatch,current_candidate_script_mismatch,tracking_loss_recovery_sequence,src/training/voiceV21/assets.ts;src/training/voiceV21/contracts.ts,"A physical candidate exists, but V2.1 requires a separate exact logical cue."
setup-center-v21,Move to the centre of the view.,training,recovery,setup_recovery,true,clara;marcus,center-yourself,existing_pair_script_mismatch,current_candidate_script_mismatch,tracking_loss_recovery_sequence,src/training/voiceV21/assets.ts;src/training/voiceV21/contracts.ts,"A physical candidate exists, but V2.1 requires a separate exact logical cue."
setup-clearer-view-v21,I need a clearer view. Make sure your whole body is visible.,training,recovery,setup_recovery,true,clara;marcus,setup-clearer-view-v21,new_pair_required,missing_exact_clara_marcus_pair,tracking_loss_recovery_sequence,src/training/voiceV21/assets.ts;src/training/voiceV21/contracts.ts,No current physical pair exists for this logical Training Voice V2.1 cue.
setup-closer-v21,Move a little closer.,training,recovery,setup_recovery,true,clara;marcus,step-closer,existing_pair_script_mismatch,current_candidate_script_mismatch,tracking_loss_recovery_sequence,src/training/voiceV21/assets.ts;src/training/voiceV21/contracts.ts,"A physical candidate exists, but V2.1 requires a separate exact logical cue."
setup-enter-view-v21,Step into view so your whole body is visible.,training,recovery,setup_recovery,true,clara;marcus,step-into-frame,existing_pair_script_mismatch,current_candidate_script_mismatch,tracking_loss_recovery_sequence,src/training/voiceV21/assets.ts;src/training/voiceV21/contracts.ts,"A physical candidate exists, but V2.1 requires a separate exact logical cue."
setup-hold-still-v21,Hold still for a moment.,training,recovery,setup_recovery,true,clara;marcus,hold-still,existing_pair_script_mismatch,current_candidate_script_mismatch,tracking_loss_recovery_sequence,src/training/voiceV21/assets.ts;src/training/voiceV21/contracts.ts,"A physical candidate exists, but V2.1 requires a separate exact logical cue."
setup-light-v21,Please turn on the main light.,training,recovery,setup_recovery,true,clara;marcus,turn-on-light,existing_pair_script_mismatch,current_candidate_script_mismatch,tracking_loss_recovery_sequence,src/training/voiceV21/assets.ts;src/training/voiceV21/contracts.ts,"A physical candidate exists, but V2.1 requires a separate exact logical cue."
side-calf-left-back-v21,"Step your left leg back, heel down.",training,side_setup,instruction,true,clara;marcus,side-calf-left-back-v21,new_pair_required,missing_exact_clara_marcus_pair,shared,src/training/voiceV21/assets.ts;src/training/voiceV21/contracts.ts,No current physical pair exists for this logical Training Voice V2.1 cue.
side-calf-right-back-v21,"Step your right leg back, heel down.",training,side_setup,instruction,true,clara;marcus,side-calf-right-back-v21,new_pair_required,missing_exact_clara_marcus_pair,shared,src/training/voiceV21/assets.ts;src/training/voiceV21/contracts.ts,No current physical pair exists for this logical Training Voice V2.1 cue.
side-hamstring-left-extended-v21,"Extend your left leg, heel on the floor.",training,side_setup,instruction,true,clara;marcus,side-hamstring-left-extended-v21,new_pair_required,missing_exact_clara_marcus_pair,shared,src/training/voiceV21/assets.ts;src/training/voiceV21/contracts.ts,No current physical pair exists for this logical Training Voice V2.1 cue.
side-hamstring-right-extended-v21,"Extend your right leg, heel on the floor.",training,side_setup,instruction,true,clara;marcus,side-hamstring-right-extended-v21,new_pair_required,missing_exact_clara_marcus_pair,shared,src/training/voiceV21/assets.ts;src/training/voiceV21/contracts.ts,No current physical pair exists for this logical Training Voice V2.1 cue.
side-hip-flexor-left-back-v21,Step your right foot forward so your left hip side stretches.,training,side_setup,instruction,true,clara;marcus,side-hip-flexor-left-back-v21,new_pair_required,missing_exact_clara_marcus_pair,shared,src/training/voiceV21/assets.ts;src/training/voiceV21/contracts.ts,No current physical pair exists for this logical Training Voice V2.1 cue.
side-hip-flexor-right-back-v21,Step your left foot forward so your right hip side stretches.,training,side_setup,instruction,true,clara;marcus,side-hip-flexor-right-back-v21,new_pair_required,missing_exact_clara_marcus_pair,shared,src/training/voiceV21/assets.ts;src/training/voiceV21/contracts.ts,No current physical pair exists for this logical Training Voice V2.1 cue.
side-single-leg-left-v21,Start on your left leg. Lift your right foot slightly.,training,side_setup,instruction,true,clara;marcus,side-single-leg-left-v21,new_pair_required,missing_exact_clara_marcus_pair,shared,src/training/voiceV21/assets.ts;src/training/voiceV21/contracts.ts,No current physical pair exists for this logical Training Voice V2.1 cue.
side-single-leg-right-v21,Start on your right leg. Lift your left foot slightly.,training,side_setup,instruction,true,clara;marcus,side-single-leg-right-v21,new_pair_required,missing_exact_clara_marcus_pair,shared,src/training/voiceV21/assets.ts;src/training/voiceV21/contracts.ts,No current physical pair exists for this logical Training Voice V2.1 cue.
side-split-squat-left-forward-v21,"Left foot forward, small split stance.",training,side_setup,instruction,true,clara;marcus,side-split-squat-left-forward-v21,new_pair_required,missing_exact_clara_marcus_pair,shared,src/training/voiceV21/assets.ts;src/training/voiceV21/contracts.ts,No current physical pair exists for this logical Training Voice V2.1 cue.
side-split-squat-right-forward-v21,"Right foot forward, small split stance.",training,side_setup,instruction,true,clara;marcus,side-split-squat-right-forward-v21,new_pair_required,missing_exact_clara_marcus_pair,shared,src/training/voiceV21/assets.ts;src/training/voiceV21/contracts.ts,No current physical pair exists for this logical Training Voice V2.1 cue.
side-tandem-left-front-v21,"Place your left foot in front, heel to toe.",training,side_setup,instruction,true,clara;marcus,side-tandem-left-front-v21,new_pair_required,missing_exact_clara_marcus_pair,shared,src/training/voiceV21/assets.ts;src/training/voiceV21/contracts.ts,No current physical pair exists for this logical Training Voice V2.1 cue.
side-tandem-right-front-v21,"Place your right foot in front, heel to toe.",training,side_setup,instruction,true,clara;marcus,side-tandem-right-front-v21,new_pair_required,missing_exact_clara_marcus_pair,shared,src/training/voiceV21/assets.ts;src/training/voiceV21/contracts.ts,No current physical pair exists for this logical Training Voice V2.1 cue.
step-up-next-left-v21,Next rep starts with your left leg.,training,side_setup,instruction,true,clara;marcus,step-up-next-left-v21,new_pair_required,missing_exact_clara_marcus_pair,shared,src/training/voiceV21/assets.ts;src/training/voiceV21/contracts.ts,No current physical pair exists for this logical Training Voice V2.1 cue.
step-up-next-right-v21,Next rep starts with your right leg.,training,side_setup,instruction,true,clara;marcus,step-up-next-right-v21,new_pair_required,missing_exact_clara_marcus_pair,shared,src/training/voiceV21/assets.ts;src/training/voiceV21/contracts.ts,No current physical pair exists for this logical Training Voice V2.1 cue.
step-up-start-left-v21,Start with your left leg.,training,side_setup,instruction,true,clara;marcus,step-up-start-left-v21,new_pair_required,missing_exact_clara_marcus_pair,shared,src/training/voiceV21/assets.ts;src/training/voiceV21/contracts.ts,No current physical pair exists for this logical Training Voice V2.1 cue.
step-up-start-right-v21,Start with your right leg.,training,side_setup,instruction,true,clara;marcus,step-up-start-right-v21,new_pair_required,missing_exact_clara_marcus_pair,shared,src/training/voiceV21/assets.ts;src/training/voiceV21/contracts.ts,No current physical pair exists for this logical Training Voice V2.1 cue.
step-up-wrong-left-v21,No rep. Start the next one with your left leg.,training,recovery,critical_stop,true,clara;marcus,step-up-wrong-left-v21,new_pair_required,missing_exact_clara_marcus_pair,tracking_loss_recovery_sequence,src/training/voiceV21/assets.ts;src/training/voiceV21/contracts.ts,No current physical pair exists for this logical Training Voice V2.1 cue.
step-up-wrong-right-v21,No rep. Start the next one with your right leg.,training,recovery,critical_stop,true,clara;marcus,step-up-wrong-right-v21,new_pair_required,missing_exact_clara_marcus_pair,tracking_loss_recovery_sequence,src/training/voiceV21/assets.ts;src/training/voiceV21/contracts.ts,No current physical pair exists for this logical Training Voice V2.1 cue.
switch-foot-positions-v21,Switch foot positions.,training,side_switch,instruction,true,clara;marcus,switch-foot-positions-v21,new_pair_required,missing_exact_clara_marcus_pair,shared,src/training/voiceV21/assets.ts;src/training/voiceV21/contracts.ts,No current physical pair exists for this logical Training Voice V2.1 cue.
switch-legs-v21,Switch legs.,training,side_switch,instruction,true,clara;marcus,switch-legs-v21,new_pair_required,missing_exact_clara_marcus_pair,shared,src/training/voiceV21/assets.ts;src/training/voiceV21/contracts.ts,No current physical pair exists for this logical Training Voice V2.1 cue.
switch-sides-v21,Switch sides.,training,side_switch,instruction,true,clara;marcus,switch-sides-v21,new_pair_required,missing_exact_clara_marcus_pair,shared,src/training/voiceV21/assets.ts;src/training/voiceV21/contracts.ts,No current physical pair exists for this logical Training Voice V2.1 cue.
target-balance-feet-together-hold-v21,Hold for twenty seconds.,training,target,instruction,true,clara;marcus,target-balance-feet-together-hold-v21,new_pair_required,missing_exact_clara_marcus_pair,shared,src/training/voiceV21/assets.ts;src/training/voiceV21/contracts.ts,No current physical pair exists for this logical Training Voice V2.1 cue.
target-balance-single-leg-hold-v21,Hold for [duration].,training,target,instruction,true,clara;marcus,target-balance-single-leg-hold-v21,new_pair_required,missing_exact_clara_marcus_pair,shared,src/training/voiceV21/assets.ts;src/training/voiceV21/contracts.ts,No current physical pair exists for this logical Training Voice V2.1 cue.
target-balance-tandem-hold-v21,Hold for [duration].,training,target,instruction,true,clara;marcus,target-balance-tandem-hold-v21,new_pair_required,missing_exact_clara_marcus_pair,shared,src/training/voiceV21/assets.ts;src/training/voiceV21/contracts.ts,No current physical pair exists for this logical Training Voice V2.1 cue.
target-band-pull-apart-v21,Move for thirty seconds.,training,target,instruction,true,clara;marcus,target-band-pull-apart-v21,new_pair_required,missing_exact_clara_marcus_pair,shared,src/training/voiceV21/assets.ts;src/training/voiceV21/contracts.ts,No current physical pair exists for this logical Training Voice V2.1 cue.
target-chair-supported-split-squat-v21,Aim for [reps] reps.,training,target,instruction,true,clara;marcus,target-chair-supported-split-squat-v21,new_pair_required,missing_exact_clara_marcus_pair,shared,src/training/voiceV21/assets.ts;src/training/voiceV21/contracts.ts,No current physical pair exists for this logical Training Voice V2.1 cue.
target-glute-bridge-hold-v21,Hold for twenty seconds.,training,target,instruction,true,clara;marcus,target-glute-bridge-hold-v21,new_pair_required,missing_exact_clara_marcus_pair,shared,src/training/voiceV21/assets.ts;src/training/voiceV21/contracts.ts,No current physical pair exists for this logical Training Voice V2.1 cue.
target-glute-bridge-reps-v21,Aim for twelve reps.,training,target,instruction,true,clara;marcus,target-glute-bridge-reps-v21,new_pair_required,missing_exact_clara_marcus_pair,shared,src/training/voiceV21/assets.ts;src/training/voiceV21/contracts.ts,No current physical pair exists for this logical Training Voice V2.1 cue.
target-heel-raise-free-v21,Aim for eighteen reps.,training,target,instruction,true,clara;marcus,target-heel-raise-free-v21,new_pair_required,missing_exact_clara_marcus_pair,shared,src/training/voiceV21/assets.ts;src/training/voiceV21/contracts.ts,No current physical pair exists for this logical Training Voice V2.1 cue.
target-heel-raise-supported-v21,Aim for fifteen reps.,training,target,instruction,true,clara;marcus,target-heel-raise-supported-v21,new_pair_required,missing_exact_clara_marcus_pair,shared,src/training/voiceV21/assets.ts;src/training/voiceV21/contracts.ts,No current physical pair exists for this logical Training Voice V2.1 cue.
target-hip-hinge-free-v21,Aim for twelve reps.,training,target,instruction,true,clara;marcus,target-hip-hinge-free-v21,new_pair_required,missing_exact_clara_marcus_pair,shared,src/training/voiceV21/assets.ts;src/training/voiceV21/contracts.ts,No current physical pair exists for this logical Training Voice V2.1 cue.
target-hip-hinge-wall-v21,Aim for ten reps.,training,target,instruction,true,clara;marcus,target-hip-hinge-wall-v21,new_pair_required,missing_exact_clara_marcus_pair,shared,src/training/voiceV21/assets.ts;src/training/voiceV21/contracts.ts,No current physical pair exists for this logical Training Voice V2.1 cue.
target-loaded-march-v21,Aim for sixteen reps.,training,target,instruction,true,clara;marcus,target-loaded-march-v21,new_pair_required,missing_exact_clara_marcus_pair,shared,src/training/voiceV21/assets.ts;src/training/voiceV21/contracts.ts,No current physical pair exists for this logical Training Voice V2.1 cue.
target-loaded-sit-to-stand-v21,Aim for eight reps.,training,target,instruction,true,clara;marcus,target-loaded-sit-to-stand-v21,new_pair_required,missing_exact_clara_marcus_pair,shared,src/training/voiceV21/assets.ts;src/training/voiceV21/contracts.ts,No current physical pair exists for this logical Training Voice V2.1 cue.
target-mini-band-lateral-walk-v21,Move for thirty seconds.,training,target,instruction,true,clara;marcus,target-mini-band-lateral-walk-v21,new_pair_required,missing_exact_clara_marcus_pair,shared,src/training/voiceV21/assets.ts;src/training/voiceV21/contracts.ts,No current physical pair exists for this logical Training Voice V2.1 cue.
target-neck-rotation-v21,Move slowly until I say stop.,training,target,instruction,true,clara;marcus,target-neck-rotation-v21,new_pair_required,missing_exact_clara_marcus_pair,shared,src/training/voiceV21/assets.ts;src/training/voiceV21/contracts.ts,No current physical pair exists for this logical Training Voice V2.1 cue.
target-overhead-press-band-v21,Aim for twelve reps.,training,target,instruction,true,clara;marcus,target-overhead-press-band-v21,new_pair_required,missing_exact_clara_marcus_pair,shared,src/training/voiceV21/assets.ts;src/training/voiceV21/contracts.ts,No current physical pair exists for this logical Training Voice V2.1 cue.
target-overhead-reach-v21,Aim for twelve reps.,training,target,instruction,true,clara;marcus,target-overhead-reach-v21,new_pair_required,missing_exact_clara_marcus_pair,shared,src/training/voiceV21/assets.ts;src/training/voiceV21/contracts.ts,No current physical pair exists for this logical Training Voice V2.1 cue.
target-push-up-incline-v21,Aim for ten reps.,training,target,instruction,true,clara;marcus,target-push-up-incline-v21,new_pair_required,missing_exact_clara_marcus_pair,shared,src/training/voiceV21/assets.ts;src/training/voiceV21/contracts.ts,No current physical pair exists for this logical Training Voice V2.1 cue.
target-push-up-standard-v21,Aim for eight reps.,training,target,instruction,true,clara;marcus,target-push-up-standard-v21,new_pair_required,missing_exact_clara_marcus_pair,shared,src/training/voiceV21/assets.ts;src/training/voiceV21/contracts.ts,No current physical pair exists for this logical Training Voice V2.1 cue.
target-push-up-wall-v21,Aim for ten reps.,training,target,instruction,true,clara;marcus,target-push-up-wall-v21,new_pair_required,missing_exact_clara_marcus_pair,shared,src/training/voiceV21/assets.ts;src/training/voiceV21/contracts.ts,No current physical pair exists for this logical Training Voice V2.1 cue.
target-seated-band-row-v21,Aim for ten reps.,training,target,instruction,true,clara;marcus,target-seated-band-row-v21,new_pair_required,missing_exact_clara_marcus_pair,shared,src/training/voiceV21/assets.ts;src/training/voiceV21/contracts.ts,No current physical pair exists for this logical Training Voice V2.1 cue.
target-seated-hamstring-reach-v21,Reach gently and hold until I say relax.,training,target,instruction,true,clara;marcus,target-seated-hamstring-reach-v21,new_pair_required,missing_exact_clara_marcus_pair,shared,src/training/voiceV21/assets.ts;src/training/voiceV21/contracts.ts,No current physical pair exists for this logical Training Voice V2.1 cue.
target-squat-free-v21,Aim for twelve reps.,training,target,instruction,true,clara;marcus,target-squat-free-v21,new_pair_required,missing_exact_clara_marcus_pair,shared,src/training/voiceV21/assets.ts;src/training/voiceV21/contracts.ts,No current physical pair exists for this logical Training Voice V2.1 cue.
target-squat-loaded-v21,Aim for eight reps.,training,target,instruction,true,clara;marcus,target-squat-loaded-v21,new_pair_required,missing_exact_clara_marcus_pair,shared,src/training/voiceV21/assets.ts;src/training/voiceV21/contracts.ts,No current physical pair exists for this logical Training Voice V2.1 cue.
target-squat-slow-eccentric-v21,Aim for eight reps.,training,target,instruction,true,clara;marcus,target-squat-slow-eccentric-v21,new_pair_required,missing_exact_clara_marcus_pair,shared,src/training/voiceV21/assets.ts;src/training/voiceV21/contracts.ts,No current physical pair exists for this logical Training Voice V2.1 cue.
target-squat-supported-v21,Aim for ten reps.,training,target,instruction,true,clara;marcus,target-squat-supported-v21,new_pair_required,missing_exact_clara_marcus_pair,shared,src/training/voiceV21/assets.ts;src/training/voiceV21/contracts.ts,No current physical pair exists for this logical Training Voice V2.1 cue.
target-standing-band-row-v21,Aim for ten reps.,training,target,instruction,true,clara;marcus,target-standing-band-row-v21,new_pair_required,missing_exact_clara_marcus_pair,shared,src/training/voiceV21/assets.ts;src/training/voiceV21/contracts.ts,No current physical pair exists for this logical Training Voice V2.1 cue.
target-step-up-v21,Do twelve total reps.,training,target,instruction,true,clara;marcus,target-step-up-v21,new_pair_required,missing_exact_clara_marcus_pair,shared,src/training/voiceV21/assets.ts;src/training/voiceV21/contracts.ts,No current physical pair exists for this logical Training Voice V2.1 cue.
target-sts-cushion-v21,Aim for eight reps.,training,target,instruction,true,clara;marcus,target-sts-cushion-v21,new_pair_required,missing_exact_clara_marcus_pair,shared,src/training/voiceV21/assets.ts;src/training/voiceV21/contracts.ts,No current physical pair exists for this logical Training Voice V2.1 cue.
target-sts-power-v21,Aim for twelve reps.,training,target,instruction,true,clara;marcus,target-sts-power-v21,new_pair_required,missing_exact_clara_marcus_pair,shared,src/training/voiceV21/assets.ts;src/training/voiceV21/contracts.ts,No current physical pair exists for this logical Training Voice V2.1 cue.
target-sts-slow-eccentric-v21,Aim for eight reps.,training,target,instruction,true,clara;marcus,target-sts-slow-eccentric-v21,new_pair_required,missing_exact_clara_marcus_pair,shared,src/training/voiceV21/assets.ts;src/training/voiceV21/contracts.ts,No current physical pair exists for this logical Training Voice V2.1 cue.
target-sts-standard-v21,Aim for ten reps.,training,target,instruction,true,clara;marcus,target-sts-standard-v21,new_pair_required,missing_exact_clara_marcus_pair,shared,src/training/voiceV21/assets.ts;src/training/voiceV21/contracts.ts,No current physical pair exists for this logical Training Voice V2.1 cue.
target-supported-hip-flexor-stretch-v21,Hold for [duration].,training,target,instruction,true,clara;marcus,target-supported-hip-flexor-stretch-v21,new_pair_required,missing_exact_clara_marcus_pair,shared,src/training/voiceV21/assets.ts;src/training/voiceV21/contracts.ts,No current physical pair exists for this logical Training Voice V2.1 cue.
target-supported-side-step-v21,Move for thirty seconds.,training,target,instruction,true,clara;marcus,target-supported-side-step-v21,new_pair_required,missing_exact_clara_marcus_pair,shared,src/training/voiceV21/assets.ts;src/training/voiceV21/contracts.ts,No current physical pair exists for this logical Training Voice V2.1 cue.
target-thoracic-rotation-v21,Move for thirty seconds.,training,target,instruction,true,clara;marcus,target-thoracic-rotation-v21,new_pair_required,missing_exact_clara_marcus_pair,shared,src/training/voiceV21/assets.ts;src/training/voiceV21/contracts.ts,No current physical pair exists for this logical Training Voice V2.1 cue.
target-toe-raise-supported-v21,Move for thirty seconds.,training,target,instruction,true,clara;marcus,target-toe-raise-supported-v21,new_pair_required,missing_exact_clara_marcus_pair,shared,src/training/voiceV21/assets.ts;src/training/voiceV21/contracts.ts,No current physical pair exists for this logical Training Voice V2.1 cue.
target-wall-calf-stretch-v21,Hold for [duration].,training,target,instruction,true,clara;marcus,target-wall-calf-stretch-v21,new_pair_required,missing_exact_clara_marcus_pair,shared,src/training/voiceV21/assets.ts;src/training/voiceV21/contracts.ts,No current physical pair exists for this logical Training Voice V2.1 cue.
training-intro-v21,"Time to train. I will guide the setup, work, and rests. Follow my voice and pause whenever you need.",training,session_intro,instruction,true,clara;marcus,training-intro,existing_pair_script_mismatch,current_candidate_script_mismatch,training_intro_universal_safety,src/training/voiceV21/assets.ts;src/training/voiceV21/contracts.ts,"A physical candidate exists, but V2.1 requires a separate exact logical cue."
training-skip-v21,Skipped. Moving on.,training,control,result_transition,true,clara;marcus,exercise-skipped,existing_pair_script_mismatch,current_candidate_script_mismatch,control_confirmation,src/training/voiceV21/assets.ts;src/training/voiceV21/contracts.ts,"A physical candidate exists, but V2.1 requires a separate exact logical cue."
