voiceId,cueKey,path,sha256,durationMs,codec,container,sampleRateHz,channels,bitRate,lufsI,loudnessRange,truePeakDbfs,leadingSilenceMs,trailingSilenceMs,decodeStatus,clippingFlag,baselineDurationPercentile,pairedDurationDeltaMs,outlierFlags,notes
"clara","checkup-balance-intro-v21","assets/audio/voice/clara/checkup-balance-intro-v21.mp3","ad53bf6a0e36c2a3f7506f4990ba5ef75b2c96628db45a50d3265d9f19a42794","4087","mp3","mp3","44100","1","128000","-23.4","2.1","-3.2","59","214","ok","false","74.7","-557","none","New untracked MPV2/V2.1 asset; semantic content requires listening."
"marcus","checkup-balance-intro-v21","assets/audio/voice/marcus/checkup-balance-intro-v21.mp3","a201a56394816cd7865ad9de3306e4a3c1627f34feedeb1376d1e7948cda43cc","4644","mp3","mp3","44100","1","128000","-18.2","2.0","-0.9","72","236","ok","false","79.3","557","none","New untracked MPV2/V2.1 asset; semantic content requires listening."
"clara","checkup-balance-single-leg-v21","assets/audio/voice/clara/checkup-balance-single-leg-v21.mp3","3cbdb9004e6957bf32d5ce78912c3d4e04c40ac800fdd9391eaf6e4f04e4a944","4365","mp3","mp3","44100","1","128000","-22.8","1.0","-5.2","","232","ok","false","76","-47","none","New untracked MPV2/V2.1 asset; semantic content requires listening."
"marcus","checkup-balance-single-leg-v21","assets/audio/voice/marcus/checkup-balance-single-leg-v21.mp3","557055a574d8e645ea2480c648fa7a5b5f5931fab4e9b35c83490bfcd163a0d3","4412","mp3","mp3","44100","1","128000","-18.7","0.9","-1.5","","296","ok","false","79.3","47","none","New untracked MPV2/V2.1 asset; semantic content requires listening."
"clara","checkup-chair-stand-intro-v21","assets/audio/voice/clara/checkup-chair-stand-intro-v21.mp3","756c95a3578d4ba4c191b40c89b6893828694c842ed94b4a09395402c42c2419","4365","mp3","mp3","44100","1","128000","-23.1","0.8","-6.2","","250","ok","false","76","-186","none","New untracked MPV2/V2.1 asset; semantic content requires listening."
"marcus","checkup-chair-stand-intro-v21","assets/audio/voice/marcus/checkup-chair-stand-intro-v21.mp3","4938eb162ef79ba51a02d303183883faabdf0c2643935a300bf08a212f32069c","4551","mp3","mp3","44100","1","128000","-18.1","0.7","-1.8","","217","ok","false","79.3","186","none","New untracked MPV2/V2.1 asset; semantic content requires listening."
"clara","checkup-chair-stand-setup-v21","assets/audio/voice/clara/checkup-chair-stand-setup-v21.mp3","a91387e3639d88347ec811d7822bf6569873cc8bd9c94a622eec87f99cd8bfe8","4830","mp3","mp3","44100","1","128000","-22.2","4.9","-6.4","","220","ok","false","81.3","-93","none","New untracked MPV2/V2.1 asset; semantic content requires listening."
"marcus","checkup-chair-stand-setup-v21","assets/audio/voice/marcus/checkup-chair-stand-setup-v21.mp3","3b802577cb5552742ed621abff14d1655be146f969588338d176da342b2c02ab","4923","mp3","mp3","44100","1","128000","-18.5","3.2","-1.0","52","144","ok","false","81.3","93","none","New untracked MPV2/V2.1 asset; semantic content requires listening."
"clara","checkup-complete-v21","assets/audio/voice/clara/checkup-complete-v21.mp3","bdc357e2084139df6d329e47ed6f5f7689e0e8cd4edfec184c753da182c4f9a7","2276","mp3","mp3","44100","1","128000","-21.0","0.0","-4.6","","217","ok","false","44","-185","none","New untracked MPV2/V2.1 asset; semantic content requires listening."
"marcus","checkup-complete-v21","assets/audio/voice/marcus/checkup-complete-v21.mp3","4de7da4dd772f85bc5bc627bb6b04c819025ce98312c8d98af59a7c11600a837","2461","mp3","mp3","44100","1","128000","-18.6","0.0","-1.6","54","275","ok","false","50","185","none","New untracked MPV2/V2.1 asset; semantic content requires listening."
"clara","checkup-hinge-setup-v21","assets/audio/voice/clara/checkup-hinge-setup-v21.mp3","4b990638a6ebed8e18589fc9f383c088e36b95abab7d260275b5930bd2d8c16a","5248","mp3","mp3","44100","1","128000","-24.4","2.8","-3.1","","224","ok","false","82","372","none","New untracked MPV2/V2.1 asset; semantic content requires listening."
"marcus","checkup-hinge-setup-v21","assets/audio/voice/marcus/checkup-hinge-setup-v21.mp3","ebf20d9b70ccb70632fbbc6337ad112f192fe84263a6eaa92e085a14b8d27692","4876","mp3","mp3","44100","1","128000","-17.9","4.2","-1.1","","214","ok","false","81.3","-372","none","New untracked MPV2/V2.1 asset; semantic content requires listening."
"clara","checkup-shoulder-raise-left-v21","assets/audio/voice/clara/checkup-shoulder-raise-left-v21.mp3","ffb31b872da861eb1403e1de9a3991aed106e9315b77acb2fd43565e763c46cc","4644","mp3","mp3","44100","1","128000","-21.8","2.6","-3.8","","273","ok","false","78.7","-93","none","New untracked MPV2/V2.1 asset; semantic content requires listening."
"marcus","checkup-shoulder-raise-left-v21","assets/audio/voice/marcus/checkup-shoulder-raise-left-v21.mp3","5b05b23888323fee15355f2f50493eecef26f5f93c4761701321dce2cd9dcfef","4737","mp3","mp3","44100","1","128000","-17.6","3.1","-1.6","","312","ok","false","80.7","93","none","New untracked MPV2/V2.1 asset; semantic content requires listening."
"clara","checkup-shoulder-raise-right-v21","assets/audio/voice/clara/checkup-shoulder-raise-right-v21.mp3","b1d43a10eb822dcfb180d9f77baebc19483dd722b950bc0171ccf67030b7229e","4876","mp3","mp3","44100","1","128000","-22.4","1.9","-5.6","","275","ok","false","81.3","882","none","New untracked MPV2/V2.1 asset; semantic content requires listening."
"marcus","checkup-shoulder-raise-right-v21","assets/audio/voice/marcus/checkup-shoulder-raise-right-v21.mp3","bec3f3d0e51639784eb9f676e40c7759d71fc0a4da55fe2796ef17fe85fe276f","3994","mp3","mp3","44100","1","128000","-15.8","4.1","-0.9","","209","ok","false","75.3","-882","loudness_outlier","New untracked MPV2/V2.1 asset; semantic content requires listening."
"clara","checkup-shoulder-turn-left-v21","assets/audio/voice/clara/checkup-shoulder-turn-left-v21.mp3","bdb9efaa37c0eb29c65635152cf3ad07e46f7b06f7c35b8481a2f730d30254be","2229","mp3","mp3","44100","1","128000","-21.8","0.0","-5.7","52","235","ok","false","42","-186","none","New untracked MPV2/V2.1 asset; semantic content requires listening."
"marcus","checkup-shoulder-turn-left-v21","assets/audio/voice/marcus/checkup-shoulder-turn-left-v21.mp3","248cdc7603a6dab412048ca5352bef3bd129b53098df8cba009dc1b44f7deff2","2415","mp3","mp3","44100","1","128000","-16.6","0.0","-1.4","59","224","ok","false","48.7","186","none","New untracked MPV2/V2.1 asset; semantic content requires listening."
"clara","checkup-shoulder-turn-right-v21","assets/audio/voice/clara/checkup-shoulder-turn-right-v21.mp3","67cd18e603c1af00b22885ce7bfe4ee29fc83e58b209bb766316ecfe1d008ef0","2322","mp3","mp3","44100","1","128000","-21.8","0.0","-5.6","","245","ok","false","44","93","none","New untracked MPV2/V2.1 asset; semantic content requires listening."
"marcus","checkup-shoulder-turn-right-v21","assets/audio/voice/marcus/checkup-shoulder-turn-right-v21.mp3","85174dd789c0b74cf10c8ec05ceb0cbdf857c293cc0faa78c9277f76c81cd243","2229","mp3","mp3","44100","1","128000","-14.2","0.0","-1.0","62","219","ok","false","45.3","-93","loudness_outlier","New untracked MPV2/V2.1 asset; semantic content requires listening."
"clara","final-position-set-v21","assets/audio/voice/clara/final-position-set-v21.mp3","e9a54f399941ab4c8cc5f21a31d6f19ce6d16a6e7080fc3a01fee3e8c3cca24a","929","mp3","mp3","44100","1","128000","-20.9","0.0","-6.3","52","223","ok","false","27.3","-46","none","New untracked MPV2/V2.1 asset; semantic content requires listening."
"marcus","final-position-set-v21","assets/audio/voice/marcus/final-position-set-v21.mp3","aee3e31392e3c55237ae9bb00c02fa0880746576ed557ad93d802ba1a95c73b0","975","mp3","mp3","44100","1","128000","-15.2","0.0","-1.8","62","258","ok","false","31.3","46","loudness_outlier","New untracked MPV2/V2.1 asset; semantic content requires listening."
"clara","item-complete-v21","assets/audio/voice/clara/item-complete-v21.mp3","f855ad6ed662d49996a55ecc1431834bcf9258e90c57d4a33f73b352c87540ad","929","mp3","mp3","44100","1","128000","-23.4","0.0","-8.3","75","209","ok","false","27.3","140","none","New untracked MPV2/V2.1 asset; semantic content requires listening."
"marcus","item-complete-v21","assets/audio/voice/marcus/item-complete-v21.mp3","2c0507a3a6b9d4e920eb5e25779a3124de31122bc1377b1d10ae7052737b2bab","789","mp3","mp3","44100","1","128000","-22.8","0.0","-7.3","52","185","ok","false","18.7","-140","none","New untracked MPV2/V2.1 asset; semantic content requires listening."
"clara","mpv2_balance_attempt_saved","assets/audio/voice/clara/mpv2_balance_attempt_saved.mp3","6d68a030f49573659d661de21636d3d63f8676e1dd387b1fca6051e2408f341c","1393","mp3","mp3","44100","1","128000","-22.0","0.0","-3.7","","189","ok","false","32","-93","none","New untracked MPV2/V2.1 asset; semantic content requires listening."
"marcus","mpv2_balance_attempt_saved","assets/audio/voice/marcus/mpv2_balance_attempt_saved.mp3","4ac8ba5bb3834ae0b45c988c4b2301a4f9d65b2a26e129de6ef92357769d6dd8","1486","mp3","mp3","44100","1","128000","-14.9","0.0","-0.8","63","197","ok","false","34.7","93","loudness_outlier","New untracked MPV2/V2.1 asset; semantic content requires listening."
"clara","mpv2_balance_attempt_start","assets/audio/voice/clara/mpv2_balance_attempt_start.mp3","d7b7090fe8708582181950c5a778c2a476ad99fcb59249885dfa1d875798f14c","4737","mp3","mp3","44100","1","128000","-23.0","3.4","-5.1","","258","ok","false","80","325","none","New untracked MPV2/V2.1 asset; semantic content requires listening."
"marcus","mpv2_balance_attempt_start","assets/audio/voice/marcus/mpv2_balance_attempt_start.mp3","a78a2d42ac8321cb0951da322f3298f67212340339b05177cd80c9338cffd287","4412","mp3","mp3","44100","1","128000","-17.0","4.7","-1.0","","223","ok","false","79.3","-325","none","New untracked MPV2/V2.1 asset; semantic content requires listening."
"clara","mpv2_balance_complete","assets/audio/voice/clara/mpv2_balance_complete.mp3","1a2a510b912032b701fbb8f1cf04b92661bf89384a6e9eba1705d17282e4a9f3","1393","mp3","mp3","44100","1","128000","-21.3","0.0","-3.3","66","185","ok","false","32","93","none","New untracked MPV2/V2.1 asset; semantic content requires listening."
"marcus","mpv2_balance_complete","assets/audio/voice/marcus/mpv2_balance_complete.mp3","f9ffcaaccc94f5becc0aeaa46bf0db22a8cede2e0e97f8312e5f3fd0c730fc6b","1300","mp3","mp3","44100","1","128000","-16.7","0.0","-0.8","","240","ok","false","32.7","-93","none","New untracked MPV2/V2.1 asset; semantic content requires listening."
"clara","mpv2_balance_full_hold","assets/audio/voice/clara/mpv2_balance_full_hold.mp3","828e73b12c18aa94d881b97062010678f0e7921eaae7eaa6dab956cb19add7bf","2276","mp3","mp3","44100","1","128000","-21.7","0.0","-6.2","","190","ok","false","44","93","none","New untracked MPV2/V2.1 asset; semantic content requires listening."
"marcus","mpv2_balance_full_hold","assets/audio/voice/marcus/mpv2_balance_full_hold.mp3","d1ece4b507e73d507b76353715a8c4979c06790099cd8b31234f3aa3ccdec290","2183","mp3","mp3","44100","1","128000","-16.7","0.0","-1.5","","198","ok","false","44","-93","none","New untracked MPV2/V2.1 asset; semantic content requires listening."
"clara","mpv2_balance_ready_after_30","assets/audio/voice/clara/mpv2_balance_ready_after_30.mp3","fb9a0c982aaf2f43fc685719be023e0c89b4429fd12fb61a1852d4b5bb13b522","2322","mp3","mp3","44100","1","128000","-19.9","0.0","-4.0","","263","ok","false","44","93","none","New untracked MPV2/V2.1 asset; semantic content requires listening."
"marcus","mpv2_balance_ready_after_30","assets/audio/voice/marcus/mpv2_balance_ready_after_30.mp3","327223dc0fb6be740392d837ad2b83f13d8df2c17d7ea89931e4dcf6f460e831","2229","mp3","mp3","44100","1","128000","-15.6","0.0","-0.7","","206","ok","false","45.3","-93","loudness_outlier","New untracked MPV2/V2.1 asset; semantic content requires listening."
"clara","mpv2_balance_ready_after_60","assets/audio/voice/clara/mpv2_balance_ready_after_60.mp3","c1f227cf9b222fe378f4d08ff19cf32ea2c18900fc0f7ec9e47c33b70146546f","1811","mp3","mp3","44100","1","128000","-20.2","0.0","-3.4","","221","ok","false","38.7","325","none","New untracked MPV2/V2.1 asset; semantic content requires listening."
"marcus","mpv2_balance_ready_after_60","assets/audio/voice/marcus/mpv2_balance_ready_after_60.mp3","7bc2807280dd932d816c441761a341153d74526dd9e4a7f79d10a6275a74b859","1486","mp3","mp3","44100","1","128000","-12.9","0.0","-0.7","52","181","ok","false","34.7","-325","loudness_outlier","New untracked MPV2/V2.1 asset; semantic content requires listening."
"clara","mpv2_balance_rest","assets/audio/voice/clara/mpv2_balance_rest.mp3","05c77b0d43c4092ac7d178efa88c7a9c9c4f470ad34941b552f5e404ebe4686f","4180","mp3","mp3","44100","1","128000","-22.5","1.2","-1.7","","219","ok","false","74.7","93","none","New untracked MPV2/V2.1 asset; semantic content requires listening."
"marcus","mpv2_balance_rest","assets/audio/voice/marcus/mpv2_balance_rest.mp3","97ab38ebcb035eefdbec3bb1179dfab3ea1dce13c9d30816d28838d314c680e0","4087","mp3","mp3","44100","1","128000","-20.2","0.7","-0.9","","216","ok","false","75.3","-93","none","New untracked MPV2/V2.1 asset; semantic content requires listening."
"clara","mpv2_balance_tracking_retry","assets/audio/voice/clara/mpv2_balance_tracking_retry.mp3","4e3aa78182cc475f42d19f9c46d52c7efa047201a45fc7647305cc1c760efa23","6037","mp3","mp3","44100","1","128000","-23.6","1.4","-2.1","57","256","ok","false","84","371","none","New untracked MPV2/V2.1 asset; semantic content requires listening."
"marcus","mpv2_balance_tracking_retry","assets/audio/voice/marcus/mpv2_balance_tracking_retry.mp3","69a96bf58ed4cc687423bdd188dcd6ab2260e7d647dc961b6a9c64cfc856761c","5666","mp3","mp3","44100","1","128000","-17.7","3.8","-1.0","","259","ok","false","83.3","-371","none","New untracked MPV2/V2.1 asset; semantic content requires listening."
"clara","mpv2_balance_use_best","assets/audio/voice/clara/mpv2_balance_use_best.mp3","36f091fec6b72e68c5691c1bcede80040c9241cbe4f390570650784ffe0fe572","1533","mp3","mp3","44100","1","128000","-21.2","0.0","-5.0","","176","ok","false","34.7","279","none","New untracked MPV2/V2.1 asset; semantic content requires listening."
"marcus","mpv2_balance_use_best","assets/audio/voice/marcus/mpv2_balance_use_best.mp3","f0c75bfee430be64e8237a0052103b79421d10e294aa3bbd15dd0ee66783879a","1254","mp3","mp3","44100","1","128000","-15.1","0.0","-1.0","55","221","ok","false","32","-279","loudness_outlier","New untracked MPV2/V2.1 asset; semantic content requires listening."
"clara","mpv2_chair_official_ready","assets/audio/voice/clara/mpv2_chair_official_ready.mp3","ca9472fdcc4c22d52b996bca716e33715468743bbad28d7e84d55523bb80fe39","3483","mp3","mp3","44100","1","128000","-21.9","0.7","-2.3","","244","ok","false","69.3","-139","none","New untracked MPV2/V2.1 asset; semantic content requires listening."
"marcus","mpv2_chair_official_ready","assets/audio/voice/marcus/mpv2_chair_official_ready.mp3","a6dbc0b8ee399fca106eacb440b5b7f8d1420f68ce6e92a31b5ee02cc0aca6f6","3622","mp3","mp3","44100","1","128000","-16.6","1.1","-1.1","","231","ok","false","72","139","none","New untracked MPV2/V2.1 asset; semantic content requires listening."
"clara","mpv2_chair_practice_start","assets/audio/voice/clara/mpv2_chair_practice_start.mp3","49ace7883b366e8c9a8aef7c1a1c078826a15d69e0b9410fcc78830e7c7d84c1","2972","mp3","mp3","44100","1","128000","-22.3","0.0","-2.4","","221","ok","false","57.3","278","none","New untracked MPV2/V2.1 asset; semantic content requires listening."
"marcus","mpv2_chair_practice_start","assets/audio/voice/marcus/mpv2_chair_practice_start.mp3","74a9c7d6b9b3216319fc79dd3427f994b969c84e6689d54c56f0d0107718e0d2","2694","mp3","mp3","44100","1","128000","-15.6","0.0","-1.0","","221","ok","false","51.3","-278","loudness_outlier","New untracked MPV2/V2.1 asset; semantic content requires listening."
"clara","mpv2_checkup_intro","assets/audio/voice/clara/mpv2_checkup_intro.mp3","4a6a1b6ed3ef9e908e680b052a771273b39d4765beef1709253c755de8929dae","5016","mp3","mp3","44100","1","128000","-24.6","2.0","-6.6","","285","ok","false","82","140","none","New untracked MPV2/V2.1 asset; semantic content requires listening."
"marcus","mpv2_checkup_intro","assets/audio/voice/marcus/mpv2_checkup_intro.mp3","b4d81972d706347602030597af5642eff509fc4a933fe5daffe4ec815acc888d","4876","mp3","mp3","44100","1","128000","-19.6","3.5","-1.4","","264","ok","false","81.3","-140","none","New untracked MPV2/V2.1 asset; semantic content requires listening."
"clara","mpv2_hinge_complete","assets/audio/voice/clara/mpv2_hinge_complete.mp3","07daf6c4e8fea6be56a5baa32615e882ec4a79869983523aeed075f5302d35ab","1347","mp3","mp3","44100","1","128000","-23.8","0.0","-8.9","","194","ok","false","32","0","none","New untracked MPV2/V2.1 asset; semantic content requires listening."
"marcus","mpv2_hinge_complete","assets/audio/voice/marcus/mpv2_hinge_complete.mp3","95b5d78431b5c886452a70e38f618e6ae56a4af0f20357446950bd3d15dc19a6","1347","mp3","mp3","44100","1","128000","-12.4","0.0","-1.0","","206","ok","false","33.3","0","loudness_outlier","New untracked MPV2/V2.1 asset; semantic content requires listening."
"clara","mpv2_hinge_no_measurement","assets/audio/voice/clara/mpv2_hinge_no_measurement.mp3","a13c3b1b095c4554f4ba2108c08d883b3307cc19a949b2b94ff53cec4cecc7cd","3576","mp3","mp3","44100","1","128000","-24.3","1.1","-8.4","","184","ok","false","70.7","232","none","New untracked MPV2/V2.1 asset; semantic content requires listening."
"marcus","mpv2_hinge_no_measurement","assets/audio/voice/marcus/mpv2_hinge_no_measurement.mp3","5b11bf570bbdc0ab325178c826ea159542beb70fc3ec2d4f486bc64af1185ec9","3344","mp3","mp3","44100","1","128000","-16.3","20.9","-1.1","","229","ok","false","70","-232","none","New untracked MPV2/V2.1 asset; semantic content requires listening."
"clara","mpv2_shoulder_tracking_retry","assets/audio/voice/clara/mpv2_shoulder_tracking_retry.mp3","f704009108f6596db93803028e8eb238ae4f587070aa92c8ce8c725e409ca49e","5433","mp3","mp3","44100","1","128000","-23.5","2.8","-2.7","55","280","ok","false","82.7","743","none","New untracked MPV2/V2.1 asset; semantic content requires listening."
"marcus","mpv2_shoulder_tracking_retry","assets/audio/voice/marcus/mpv2_shoulder_tracking_retry.mp3","ac9428647282775425445dcd83e2a6188652923d338cf5a14abed9e3451fc2d8","4690","mp3","mp3","44100","1","128000","-15.4","4.6","-0.9","51","202","ok","false","80.7","-743","loudness_outlier","New untracked MPV2/V2.1 asset; semantic content requires listening."
"clara","retry-v21","assets/audio/voice/clara/retry-v21.mp3","f4019dd660dbf5f9a7846b8c3291717a3c5de9888941e6fbb168c5175c6ec8fc","1207","mp3","mp3","44100","1","128000","-18.2","0.0","-2.6","","237","ok","false","32","46","none","New untracked MPV2/V2.1 asset; semantic content requires listening."
"marcus","retry-v21","assets/audio/voice/marcus/retry-v21.mp3","bc48a551c24d6d43f365590818c4e5a67a850ec768ff5fdb09f3f69d144d8a59","1161","mp3","mp3","44100","1","128000","-14.4","0.0","-1.3","","298","ok","false","32","-46","loudness_outlier","New untracked MPV2/V2.1 asset; semantic content requires listening."
"clara","times-up-v21","assets/audio/voice/clara/times-up-v21.mp3","8bbb2a9ba2fd03f2b680fb6b774472249193bb362af0e0adcb733144b11d38b0","743","mp3","mp3","44100","1","128000","-24.7","0.0","-10.2","61","223","ok","false","10.7","0","none","New untracked MPV2/V2.1 asset; semantic content requires listening."
"marcus","times-up-v21","assets/audio/voice/marcus/times-up-v21.mp3","fb72dd65880bc5e1f0bf052abf7b1fb08005c50c4c9954b6ba9aaf2ba6fcf423","743","mp3","mp3","44100","1","128000","-18.3","0.0","-3.2","59","241","ok","false","14.7","0","none","New untracked MPV2/V2.1 asset; semantic content requires listening."
"clara","tracking-loss-v21","assets/audio/voice/clara/tracking-loss-v21.mp3","e19c3f74db52f97bcea439482dc9b9b78e530ed05218550406de17fa44391585","2415","mp3","mp3","44100","1","128000","-24.4","0.0","-7.3","64","202","ok","false","46.7","232","none","New untracked MPV2/V2.1 asset; semantic content requires listening."
"marcus","tracking-loss-v21","assets/audio/voice/marcus/tracking-loss-v21.mp3","6e1697c29f8d9a1fbb030943447dc54b663472b88a41ca606f7a2b37c625d729","2183","mp3","mp3","44100","1","128000","-16.6","0.0","-1.2","55","223","ok","false","44","-232","none","New untracked MPV2/V2.1 asset; semantic content requires listening."
"clara","tracking-recovered-v21","assets/audio/voice/clara/tracking-recovered-v21.mp3","432ed99cf776b785eba8a32b574fc2bb8b63f611e03fa37e6388283bf0d76262","2276","mp3","mp3","44100","1","128000","-19.4","0.0","-1.0","","242","ok","false","44","326","none","New untracked MPV2/V2.1 asset; semantic content requires listening."
"marcus","tracking-recovered-v21","assets/audio/voice/marcus/tracking-recovered-v21.mp3","e83aefd7c25ab4d755272312730d288b81c8d15df4480ba2de8a4f831a2ec6e9","1950","mp3","mp3","44100","1","128000","-15.6","0.0","-0.8","52","204","ok","false","40.7","-326","loudness_outlier","New untracked MPV2/V2.1 asset; semantic content requires listening."
"clara","you-completed","assets/audio/voice/clara/you-completed.mp3","cc9147c53280eabb359b342d06ea11e217edc8bf61ad2f233bc7dd07a02ff8dd","929","mp3","mp3","44100","1","128000","-19.7","0.0","-7.5","","93","ok","false","27.3","140","none","Reference physical asset for chair-result-prefix-v21 alias review."
"marcus","you-completed","assets/audio/voice/marcus/you-completed.mp3","64188bcad8bc6bccb9da369b5d0548713488e486743157f7f5e9331269aee298","789","mp3","mp3","44100","1","128000","-15.6","0.0","-2.0","","71","ok","false","18.7","-140","loudness_outlier","Reference physical asset for chair-result-prefix-v21 alias review."
"clara","tug-intro","assets/audio/voice/clara/tug-intro.mp3","2d3ae0c504838a64b060c423d4ffaa8e0c3e924ec19921fdcf0af44b64ff428a","6920","mp3","mp3","44100","1","128000","-22.1","2.1","-3.8","","240","ok","false","86.7","186","none","Conditional legacy overlap asset; current MPV2 default path should not emit it."
"marcus","tug-intro","assets/audio/voice/marcus/tug-intro.mp3","8b515f69ff8d0fe17a68cf27a70c43ad61811ea55077e35f6807533df1834312","6734","mp3","mp3","44100","1","128000","-18.6","4.6","-1.0","","259","ok","false","88","-186","none","Conditional legacy overlap asset; current MPV2 default path should not emit it."
"clara","tug-setup","assets/audio/voice/clara/tug-setup.mp3","9704cd3591b863caa04218ff40ed077ea863e40f2af42075f607754c5d9acde8","9613","mp3","mp3","44100","1","128000","-23.4","2.8","-5.8","","288","ok","false","99.3","1765","pair_duration_delta_large;duration_outlier_long","Conditional legacy overlap asset; current MPV2 default path should not emit it."
"marcus","tug-setup","assets/audio/voice/marcus/tug-setup.mp3","09b2e105254e0ea3642f8a3a96fd688fbe13edabc7e0dcfc974ac0815dce8bd0","7848","mp3","mp3","44100","1","128000","-18.3","2.6","-1.8","","247","ok","false","94","-1765","pair_duration_delta_large","Conditional legacy overlap asset; current MPV2 default path should not emit it."
