scenarioId,category,flow,logicalCueKeys,physicalCueKeys,lifecycleOutcome,manifestOutcome,generationOutcome,readinessOutcome,passed,testCoverage,notes
schema_all_logical_cues_unique,schema,shared,,,pass,pass,pass,pass,true,scripts/audits/audit-voice-v21-final-cue-schema.mjs,All logical cue keys collapse to one canonical row.
schema_all_active_cues_have_scripts,schema,shared,checkup-balance-complete-v21;checkup-balance-feet-together-v21;checkup-balance-intro-v21;checkup-balance-next-stance-v21;checkup-balance-semi-tandem-left-v21;checkup-balance-semi-tandem-right-v21;checkup-balance-single-leg-left-v21;checkup-balance-single-leg-right-v21;checkup-balance-single-leg-v21;checkup-balance-support-touch-v21;checkup-balance-tandem-left-v21;checkup-balance-tandem-right-v21;checkup-chair-stand-intro-v21;checkup-chair-stand-setup-v21;checkup-complete-v21;checkup-hinge-setup-v21;checkup-shoulder-raise-left-v21;checkup-shoulder-raise-right-v21;checkup-shoulder-turn-left-v21;checkup-shoulder-turn-right-v21;countdown-one;countdown-three;countdown-two;equip-balance-support-v21;equip-chair-stable-v21;equip-door-anchor-v21;equip-floor-transition-v21;equip-long-band-v21;equip-step-stable-v21;equip-support-close-v21;ex-balance-feet-together-hold-first-v21;ex-balance-feet-together-hold-next-v21;ex-balance-single-leg-hold-first-v21;ex-balance-single-leg-hold-next-v21;ex-balance-tandem-hold-first-v21;ex-balance-tandem-hold-next-v21;ex-band-pull-apart-first-v21;ex-band-pull-apart-next-v21;ex-chair-supported-split-squat-first-v21;ex-chair-supported-split-squat-next-v21;ex-glute-bridge-hold-first-v21;ex-glute-bridge-hold-next-v21;ex-glute-bridge-reps-first-v21;ex-glute-bridge-reps-next-v21;ex-heel-raise-free-first-v21;ex-heel-raise-free-next-v21;ex-heel-raise-supported-first-v21;ex-heel-raise-supported-next-v21;ex-hip-hinge-free-first-v21;ex-hip-hinge-free-next-v21;ex-hip-hinge-wall-first-v21;ex-hip-hinge-wall-next-v21;ex-loaded-march-first-v21;ex-loaded-march-next-v21;ex-loaded-sit-to-stand-first-v21;ex-loaded-sit-to-stand-next-v21;ex-mini-band-lateral-walk-first-v21;ex-mini-band-lateral-walk-next-v21;ex-neck-rotation-first-v21;ex-neck-rotation-next-v21;ex-overhead-press-band-first-v21;ex-overhead-press-band-next-v21;ex-overhead-reach-first-v21;ex-overhead-reach-next-v21;ex-push-up-incline-first-v21;ex-push-up-incline-next-v21;ex-push-up-standard-first-v21;ex-push-up-standard-next-v21;ex-push-up-wall-first-v21;ex-push-up-wall-next-v21;ex-seated-band-row-first-v21;ex-seated-band-row-next-v21;ex-seated-hamstring-reach-first-v21;ex-seated-hamstring-reach-next-v21;ex-squat-free-first-v21;ex-squat-free-next-v21;ex-squat-loaded-first-v21;ex-squat-loaded-next-v21;ex-squat-slow-eccentric-first-v21;ex-squat-slow-eccentric-next-v21;ex-squat-supported-first-v21;ex-squat-supported-next-v21;ex-standing-band-row-first-v21;ex-standing-band-row-next-v21;ex-step-up-first-v21;ex-step-up-next-v21;ex-sts-cushion-first-v21;ex-sts-cushion-next-v21;ex-sts-power-first-v21;ex-sts-power-next-v21;ex-sts-slow-eccentric-first-v21;ex-sts-slow-eccentric-next-v21;ex-sts-standard-first-v21;ex-sts-standard-next-v21;ex-supported-hip-flexor-stretch-first-v21;ex-supported-hip-flexor-stretch-next-v21;ex-supported-side-step-first-v21;ex-supported-side-step-next-v21;ex-thoracic-rotation-first-v21;ex-thoracic-rotation-next-v21;ex-toe-raise-supported-first-v21;ex-toe-raise-supported-next-v21;ex-wall-calf-stretch-first-v21;ex-wall-calf-stretch-next-v21;final-position-set-v21;five-seconds-left-v21;floor-gate-question-v21;go;halfway-v21;item-complete-v21;last-set-v21;micro-chair-power-v21;micro-discard-v21;micro-mobility-left-v21;micro-mobility-right-v21;micro-relax-v21;micro-single-leg-left-v21;micro-single-leg-right-v21;microcheck-complete-v21;mpv2_balance_attempt_saved;mpv2_balance_attempt_start;mpv2_balance_complete;mpv2_balance_full_hold;mpv2_balance_ready_after_30;mpv2_balance_ready_after_60;mpv2_balance_rest;mpv2_balance_tracking_retry;mpv2_balance_use_best;mpv2_chair_official_ready;mpv2_chair_practice_start;mpv2_checkup_intro;mpv2_hinge_complete;mpv2_hinge_no_measurement;mpv2_shoulder_tracking_retry;next-exercise-v21;paused-v21;rest-now-v21;resuming-v21;retry-v21;safe-session-start-v21;session-complete-v21;set-complete-v21;setup-back-v21;setup-center-v21;setup-clearer-view-v21;setup-closer-v21;setup-enter-view-v21;setup-hold-still-v21;setup-light-v21;side-calf-left-back-v21;side-calf-right-back-v21;side-hamstring-left-extended-v21;side-hamstring-right-extended-v21;side-hip-flexor-left-back-v21;side-hip-flexor-right-back-v21;side-single-leg-left-v21;side-single-leg-right-v21;side-split-squat-left-forward-v21;side-split-squat-right-forward-v21;side-tandem-left-front-v21;side-tandem-right-front-v21;step-up-next-left-v21;step-up-next-right-v21;step-up-start-left-v21;step-up-start-right-v21;step-up-wrong-left-v21;step-up-wrong-right-v21;switch-foot-positions-v21;switch-legs-v21;switch-sides-v21;target-balance-feet-together-hold-v21;target-balance-single-leg-hold-v21;target-balance-tandem-hold-v21;target-band-pull-apart-v21;target-chair-supported-split-squat-v21;target-glute-bridge-hold-v21;target-glute-bridge-reps-v21;target-heel-raise-free-v21;target-heel-raise-supported-v21;target-hip-hinge-free-v21;target-hip-hinge-wall-v21;target-loaded-march-v21;target-loaded-sit-to-stand-v21;target-mini-band-lateral-walk-v21;target-neck-rotation-v21;target-overhead-press-band-v21;target-overhead-reach-v21;target-push-up-incline-v21;target-push-up-standard-v21;target-push-up-wall-v21;target-seated-band-row-v21;target-seated-hamstring-reach-v21;target-squat-free-v21;target-squat-loaded-v21;target-squat-slow-eccentric-v21;target-squat-supported-v21;target-standing-band-row-v21;target-step-up-v21;target-sts-cushion-v21;target-sts-power-v21;target-sts-slow-eccentric-v21;target-sts-standard-v21;target-supported-hip-flexor-stretch-v21;target-supported-side-step-v21;target-thoracic-rotation-v21;target-toe-raise-supported-v21;target-wall-calf-stretch-v21;times-up-v21;tracking-loss-v21;tracking-recovered-v21;training-intro-v21;training-skip-v21,mpv2_balance_complete;balance-feet-together;checkup-balance-intro-v21;item-complete-v21;balance-semi-tandem;balance-semi-tandem;checkup-balance-single-leg-v21;checkup-balance-single-leg-v21;checkup-balance-single-leg-v21;checkup-balance-support-touch-v21;balance-tandem;balance-tandem;checkup-chair-stand-intro-v21;checkup-chair-stand-setup-v21;checkup-complete-v21;checkup-hinge-setup-v21;checkup-shoulder-raise-left-v21;checkup-shoulder-raise-right-v21;checkup-shoulder-turn-left-v21;checkup-shoulder-turn-right-v21;countdown-one;countdown-three;countdown-two;balance_support_within_reach;chair_use_sturdy_chair;door_anchor_fully_closed+door_anchor_test_light_tension;floor_slow_transition;band_inspect_before_use+band_face_and_eyes_clear;step_use_low_stable_step+step_fixed_support_nearby;support_keep_support_within_reach;ex-balance-feet-together-hold-first-v21;ex-balance-feet-together-hold-next-v21;ex-balance-single-leg-hold-first-v21;ex-balance-single-leg-hold-next-v21;ex-balance-tandem-hold-first-v21;ex-balance-tandem-hold-next-v21;ex-band-pull-apart-first-v21;ex-band-pull-apart-next-v21;ex-chair-supported-split-squat-first-v21;ex-chair-supported-split-squat-next-v21;ex-glute-bridge-hold-first-v21;ex-glute-bridge-hold-next-v21;ex-glute-bridge-reps-first-v21;ex-glute-bridge-reps-next-v21;ex-heel-raise-free-first-v21;ex-heel-raise-free-next-v21;ex-heel-raise-supported-first-v21;ex-heel-raise-supported-next-v21;ex-hip-hinge-free-first-v21;ex-hip-hinge-free-next-v21;ex-hip-hinge-wall-first-v21;ex-hip-hinge-wall-next-v21;ex-loaded-march-first-v21;ex-loaded-march-next-v21;ex-loaded-sit-to-stand-first-v21;ex-loaded-sit-to-stand-next-v21;ex-mini-band-lateral-walk-first-v21;ex-mini-band-lateral-walk-next-v21;ex-neck-rotation-first-v21;ex-neck-rotation-next-v21;ex-overhead-press-band-first-v21;ex-overhead-press-band-next-v21;ex-overhead-reach-first-v21;ex-overhead-reach-next-v21;ex-push-up-incline-first-v21;ex-push-up-incline-next-v21;ex-push-up-standard-first-v21;ex-push-up-standard-next-v21;ex-push-up-wall-first-v21;ex-push-up-wall-next-v21;ex-seated-band-row-first-v21;ex-seated-band-row-next-v21;ex-seated-hamstring-reach-first-v21;ex-seated-hamstring-reach-next-v21;ex-squat-free-first-v21;ex-squat-free-next-v21;ex-squat-loaded-first-v21;ex-squat-loaded-next-v21;ex-squat-slow-eccentric-first-v21;ex-squat-slow-eccentric-next-v21;ex-squat-supported-first-v21;ex-squat-supported-next-v21;ex-standing-band-row-first-v21;ex-standing-band-row-next-v21;ex-step-up-first-v21;ex-step-up-next-v21;ex-sts-cushion-first-v21;ex-sts-cushion-next-v21;ex-sts-power-first-v21;ex-sts-power-next-v21;ex-sts-slow-eccentric-first-v21;ex-sts-slow-eccentric-next-v21;ex-sts-standard-first-v21;ex-sts-standard-next-v21;ex-supported-hip-flexor-stretch-first-v21;ex-supported-hip-flexor-stretch-next-v21;ex-supported-side-step-first-v21;ex-supported-side-step-next-v21;ex-thoracic-rotation-first-v21;ex-thoracic-rotation-next-v21;ex-toe-raise-supported-first-v21;ex-toe-raise-supported-next-v21;ex-wall-calf-stretch-first-v21;ex-wall-calf-stretch-next-v21;final-position-set-v21;five-seconds-left-v21;floor-gate-question-v21;go;halfway-v21;item-complete-v21;last-set;microcheck-chair;micro-discard-v21;ex-hamstring-reach;ex-hamstring-reach;relax-arm;microcheck-balance;microcheck-balance;microcheck-complete;mpv2_balance_attempt_saved;mpv2_balance_attempt_start;mpv2_balance_complete;mpv2_balance_full_hold;mpv2_balance_ready_after_30;mpv2_balance_ready_after_60;mpv2_balance_rest;mpv2_balance_tracking_retry;mpv2_balance_use_best;mpv2_chair_official_ready;mpv2_chair_practice_start;mpv2_checkup_intro;mpv2_hinge_complete;mpv2_hinge_no_measurement;mpv2_shoulder_tracking_retry;next-up;paused-v21;rest-now;resuming-v21;retry-v21;safe-session-start-v21;session-complete;set-done;step-back;center-yourself;setup-clearer-view-v21;step-closer;step-into-frame;hold-still;turn-on-light;side-calf-left-back-v21;side-calf-right-back-v21;side-hamstring-left-extended-v21;side-hamstring-right-extended-v21;side-hip-flexor-left-back-v21;side-hip-flexor-right-back-v21;side-single-leg-left-v21;side-single-leg-right-v21;side-split-squat-left-forward-v21;side-split-squat-right-forward-v21;side-tandem-left-front-v21;side-tandem-right-front-v21;step-up-next-left-v21;step-up-next-right-v21;step-up-start-left-v21;step-up-start-right-v21;step-up-wrong-left-v21;step-up-wrong-right-v21;switch-foot-positions-v21;switch-legs-v21;switch-sides-v21;target-balance-feet-together-hold-v21;target-balance-single-leg-hold-v21;target-balance-tandem-hold-v21;target-band-pull-apart-v21;target-chair-supported-split-squat-v21;target-glute-bridge-hold-v21;target-glute-bridge-reps-v21;target-heel-raise-free-v21;target-heel-raise-supported-v21;target-hip-hinge-free-v21;target-hip-hinge-wall-v21;target-loaded-march-v21;target-loaded-sit-to-stand-v21;target-mini-band-lateral-walk-v21;target-neck-rotation-v21;target-overhead-press-band-v21;target-overhead-reach-v21;target-push-up-incline-v21;target-push-up-standard-v21;target-push-up-wall-v21;target-seated-band-row-v21;target-seated-hamstring-reach-v21;target-squat-free-v21;target-squat-loaded-v21;target-squat-slow-eccentric-v21;target-squat-supported-v21;target-standing-band-row-v21;target-step-up-v21;target-sts-cushion-v21;target-sts-power-v21;target-sts-slow-eccentric-v21;target-sts-standard-v21;target-supported-hip-flexor-stretch-v21;target-supported-side-step-v21;target-thoracic-rotation-v21;target-toe-raise-supported-v21;target-wall-calf-stretch-v21;times-up-v21;tracking-loss-v21;tracking-recovered-v21;training-intro;exercise-skipped,pass,pass,pass,pass,true,scripts/audits/audit-voice-v21-final-cue-schema.mjs,Active rows have exact scripts.
schema_all_active_cues_have_flow_policy_lifecycle,schema,shared,checkup-balance-complete-v21;checkup-balance-feet-together-v21;checkup-balance-intro-v21;checkup-balance-next-stance-v21;checkup-balance-semi-tandem-left-v21;checkup-balance-semi-tandem-right-v21;checkup-balance-single-leg-left-v21;checkup-balance-single-leg-right-v21;checkup-balance-single-leg-v21;checkup-balance-support-touch-v21;checkup-balance-tandem-left-v21;checkup-balance-tandem-right-v21;checkup-chair-stand-intro-v21;checkup-chair-stand-setup-v21;checkup-complete-v21;checkup-hinge-setup-v21;checkup-shoulder-raise-left-v21;checkup-shoulder-raise-right-v21;checkup-shoulder-turn-left-v21;checkup-shoulder-turn-right-v21;countdown-one;countdown-three;countdown-two;equip-balance-support-v21;equip-chair-stable-v21;equip-door-anchor-v21;equip-floor-transition-v21;equip-long-band-v21;equip-step-stable-v21;equip-support-close-v21;ex-balance-feet-together-hold-first-v21;ex-balance-feet-together-hold-next-v21;ex-balance-single-leg-hold-first-v21;ex-balance-single-leg-hold-next-v21;ex-balance-tandem-hold-first-v21;ex-balance-tandem-hold-next-v21;ex-band-pull-apart-first-v21;ex-band-pull-apart-next-v21;ex-chair-supported-split-squat-first-v21;ex-chair-supported-split-squat-next-v21;ex-glute-bridge-hold-first-v21;ex-glute-bridge-hold-next-v21;ex-glute-bridge-reps-first-v21;ex-glute-bridge-reps-next-v21;ex-heel-raise-free-first-v21;ex-heel-raise-free-next-v21;ex-heel-raise-supported-first-v21;ex-heel-raise-supported-next-v21;ex-hip-hinge-free-first-v21;ex-hip-hinge-free-next-v21;ex-hip-hinge-wall-first-v21;ex-hip-hinge-wall-next-v21;ex-loaded-march-first-v21;ex-loaded-march-next-v21;ex-loaded-sit-to-stand-first-v21;ex-loaded-sit-to-stand-next-v21;ex-mini-band-lateral-walk-first-v21;ex-mini-band-lateral-walk-next-v21;ex-neck-rotation-first-v21;ex-neck-rotation-next-v21;ex-overhead-press-band-first-v21;ex-overhead-press-band-next-v21;ex-overhead-reach-first-v21;ex-overhead-reach-next-v21;ex-push-up-incline-first-v21;ex-push-up-incline-next-v21;ex-push-up-standard-first-v21;ex-push-up-standard-next-v21;ex-push-up-wall-first-v21;ex-push-up-wall-next-v21;ex-seated-band-row-first-v21;ex-seated-band-row-next-v21;ex-seated-hamstring-reach-first-v21;ex-seated-hamstring-reach-next-v21;ex-squat-free-first-v21;ex-squat-free-next-v21;ex-squat-loaded-first-v21;ex-squat-loaded-next-v21;ex-squat-slow-eccentric-first-v21;ex-squat-slow-eccentric-next-v21;ex-squat-supported-first-v21;ex-squat-supported-next-v21;ex-standing-band-row-first-v21;ex-standing-band-row-next-v21;ex-step-up-first-v21;ex-step-up-next-v21;ex-sts-cushion-first-v21;ex-sts-cushion-next-v21;ex-sts-power-first-v21;ex-sts-power-next-v21;ex-sts-slow-eccentric-first-v21;ex-sts-slow-eccentric-next-v21;ex-sts-standard-first-v21;ex-sts-standard-next-v21;ex-supported-hip-flexor-stretch-first-v21;ex-supported-hip-flexor-stretch-next-v21;ex-supported-side-step-first-v21;ex-supported-side-step-next-v21;ex-thoracic-rotation-first-v21;ex-thoracic-rotation-next-v21;ex-toe-raise-supported-first-v21;ex-toe-raise-supported-next-v21;ex-wall-calf-stretch-first-v21;ex-wall-calf-stretch-next-v21;final-position-set-v21;five-seconds-left-v21;floor-gate-question-v21;go;halfway-v21;item-complete-v21;last-set-v21;micro-chair-power-v21;micro-discard-v21;micro-mobility-left-v21;micro-mobility-right-v21;micro-relax-v21;micro-single-leg-left-v21;micro-single-leg-right-v21;microcheck-complete-v21;mpv2_balance_attempt_saved;mpv2_balance_attempt_start;mpv2_balance_complete;mpv2_balance_full_hold;mpv2_balance_ready_after_30;mpv2_balance_ready_after_60;mpv2_balance_rest;mpv2_balance_tracking_retry;mpv2_balance_use_best;mpv2_chair_official_ready;mpv2_chair_practice_start;mpv2_checkup_intro;mpv2_hinge_complete;mpv2_hinge_no_measurement;mpv2_shoulder_tracking_retry;next-exercise-v21;paused-v21;rest-now-v21;resuming-v21;retry-v21;safe-session-start-v21;session-complete-v21;set-complete-v21;setup-back-v21;setup-center-v21;setup-clearer-view-v21;setup-closer-v21;setup-enter-view-v21;setup-hold-still-v21;setup-light-v21;side-calf-left-back-v21;side-calf-right-back-v21;side-hamstring-left-extended-v21;side-hamstring-right-extended-v21;side-hip-flexor-left-back-v21;side-hip-flexor-right-back-v21;side-single-leg-left-v21;side-single-leg-right-v21;side-split-squat-left-forward-v21;side-split-squat-right-forward-v21;side-tandem-left-front-v21;side-tandem-right-front-v21;step-up-next-left-v21;step-up-next-right-v21;step-up-start-left-v21;step-up-start-right-v21;step-up-wrong-left-v21;step-up-wrong-right-v21;switch-foot-positions-v21;switch-legs-v21;switch-sides-v21;target-balance-feet-together-hold-v21;target-balance-single-leg-hold-v21;target-balance-tandem-hold-v21;target-band-pull-apart-v21;target-chair-supported-split-squat-v21;target-glute-bridge-hold-v21;target-glute-bridge-reps-v21;target-heel-raise-free-v21;target-heel-raise-supported-v21;target-hip-hinge-free-v21;target-hip-hinge-wall-v21;target-loaded-march-v21;target-loaded-sit-to-stand-v21;target-mini-band-lateral-walk-v21;target-neck-rotation-v21;target-overhead-press-band-v21;target-overhead-reach-v21;target-push-up-incline-v21;target-push-up-standard-v21;target-push-up-wall-v21;target-seated-band-row-v21;target-seated-hamstring-reach-v21;target-squat-free-v21;target-squat-loaded-v21;target-squat-slow-eccentric-v21;target-squat-supported-v21;target-standing-band-row-v21;target-step-up-v21;target-sts-cushion-v21;target-sts-power-v21;target-sts-slow-eccentric-v21;target-sts-standard-v21;target-supported-hip-flexor-stretch-v21;target-supported-side-step-v21;target-thoracic-rotation-v21;target-toe-raise-supported-v21;target-wall-calf-stretch-v21;times-up-v21;tracking-loss-v21;tracking-recovered-v21;training-intro-v21;training-skip-v21,mpv2_balance_complete;balance-feet-together;checkup-balance-intro-v21;item-complete-v21;balance-semi-tandem;balance-semi-tandem;checkup-balance-single-leg-v21;checkup-balance-single-leg-v21;checkup-balance-single-leg-v21;checkup-balance-support-touch-v21;balance-tandem;balance-tandem;checkup-chair-stand-intro-v21;checkup-chair-stand-setup-v21;checkup-complete-v21;checkup-hinge-setup-v21;checkup-shoulder-raise-left-v21;checkup-shoulder-raise-right-v21;checkup-shoulder-turn-left-v21;checkup-shoulder-turn-right-v21;countdown-one;countdown-three;countdown-two;balance_support_within_reach;chair_use_sturdy_chair;door_anchor_fully_closed+door_anchor_test_light_tension;floor_slow_transition;band_inspect_before_use+band_face_and_eyes_clear;step_use_low_stable_step+step_fixed_support_nearby;support_keep_support_within_reach;ex-balance-feet-together-hold-first-v21;ex-balance-feet-together-hold-next-v21;ex-balance-single-leg-hold-first-v21;ex-balance-single-leg-hold-next-v21;ex-balance-tandem-hold-first-v21;ex-balance-tandem-hold-next-v21;ex-band-pull-apart-first-v21;ex-band-pull-apart-next-v21;ex-chair-supported-split-squat-first-v21;ex-chair-supported-split-squat-next-v21;ex-glute-bridge-hold-first-v21;ex-glute-bridge-hold-next-v21;ex-glute-bridge-reps-first-v21;ex-glute-bridge-reps-next-v21;ex-heel-raise-free-first-v21;ex-heel-raise-free-next-v21;ex-heel-raise-supported-first-v21;ex-heel-raise-supported-next-v21;ex-hip-hinge-free-first-v21;ex-hip-hinge-free-next-v21;ex-hip-hinge-wall-first-v21;ex-hip-hinge-wall-next-v21;ex-loaded-march-first-v21;ex-loaded-march-next-v21;ex-loaded-sit-to-stand-first-v21;ex-loaded-sit-to-stand-next-v21;ex-mini-band-lateral-walk-first-v21;ex-mini-band-lateral-walk-next-v21;ex-neck-rotation-first-v21;ex-neck-rotation-next-v21;ex-overhead-press-band-first-v21;ex-overhead-press-band-next-v21;ex-overhead-reach-first-v21;ex-overhead-reach-next-v21;ex-push-up-incline-first-v21;ex-push-up-incline-next-v21;ex-push-up-standard-first-v21;ex-push-up-standard-next-v21;ex-push-up-wall-first-v21;ex-push-up-wall-next-v21;ex-seated-band-row-first-v21;ex-seated-band-row-next-v21;ex-seated-hamstring-reach-first-v21;ex-seated-hamstring-reach-next-v21;ex-squat-free-first-v21;ex-squat-free-next-v21;ex-squat-loaded-first-v21;ex-squat-loaded-next-v21;ex-squat-slow-eccentric-first-v21;ex-squat-slow-eccentric-next-v21;ex-squat-supported-first-v21;ex-squat-supported-next-v21;ex-standing-band-row-first-v21;ex-standing-band-row-next-v21;ex-step-up-first-v21;ex-step-up-next-v21;ex-sts-cushion-first-v21;ex-sts-cushion-next-v21;ex-sts-power-first-v21;ex-sts-power-next-v21;ex-sts-slow-eccentric-first-v21;ex-sts-slow-eccentric-next-v21;ex-sts-standard-first-v21;ex-sts-standard-next-v21;ex-supported-hip-flexor-stretch-first-v21;ex-supported-hip-flexor-stretch-next-v21;ex-supported-side-step-first-v21;ex-supported-side-step-next-v21;ex-thoracic-rotation-first-v21;ex-thoracic-rotation-next-v21;ex-toe-raise-supported-first-v21;ex-toe-raise-supported-next-v21;ex-wall-calf-stretch-first-v21;ex-wall-calf-stretch-next-v21;final-position-set-v21;five-seconds-left-v21;floor-gate-question-v21;go;halfway-v21;item-complete-v21;last-set;microcheck-chair;micro-discard-v21;ex-hamstring-reach;ex-hamstring-reach;relax-arm;microcheck-balance;microcheck-balance;microcheck-complete;mpv2_balance_attempt_saved;mpv2_balance_attempt_start;mpv2_balance_complete;mpv2_balance_full_hold;mpv2_balance_ready_after_30;mpv2_balance_ready_after_60;mpv2_balance_rest;mpv2_balance_tracking_retry;mpv2_balance_use_best;mpv2_chair_official_ready;mpv2_chair_practice_start;mpv2_checkup_intro;mpv2_hinge_complete;mpv2_hinge_no_measurement;mpv2_shoulder_tracking_retry;next-up;paused-v21;rest-now;resuming-v21;retry-v21;safe-session-start-v21;session-complete;set-done;step-back;center-yourself;setup-clearer-view-v21;step-closer;step-into-frame;hold-still;turn-on-light;side-calf-left-back-v21;side-calf-right-back-v21;side-hamstring-left-extended-v21;side-hamstring-right-extended-v21;side-hip-flexor-left-back-v21;side-hip-flexor-right-back-v21;side-single-leg-left-v21;side-single-leg-right-v21;side-split-squat-left-forward-v21;side-split-squat-right-forward-v21;side-tandem-left-front-v21;side-tandem-right-front-v21;step-up-next-left-v21;step-up-next-right-v21;step-up-start-left-v21;step-up-start-right-v21;step-up-wrong-left-v21;step-up-wrong-right-v21;switch-foot-positions-v21;switch-legs-v21;switch-sides-v21;target-balance-feet-together-hold-v21;target-balance-single-leg-hold-v21;target-balance-tandem-hold-v21;target-band-pull-apart-v21;target-chair-supported-split-squat-v21;target-glute-bridge-hold-v21;target-glute-bridge-reps-v21;target-heel-raise-free-v21;target-heel-raise-supported-v21;target-hip-hinge-free-v21;target-hip-hinge-wall-v21;target-loaded-march-v21;target-loaded-sit-to-stand-v21;target-mini-band-lateral-walk-v21;target-neck-rotation-v21;target-overhead-press-band-v21;target-overhead-reach-v21;target-push-up-incline-v21;target-push-up-standard-v21;target-push-up-wall-v21;target-seated-band-row-v21;target-seated-hamstring-reach-v21;target-squat-free-v21;target-squat-loaded-v21;target-squat-slow-eccentric-v21;target-squat-supported-v21;target-standing-band-row-v21;target-step-up-v21;target-sts-cushion-v21;target-sts-power-v21;target-sts-slow-eccentric-v21;target-sts-standard-v21;target-supported-hip-flexor-stretch-v21;target-supported-side-step-v21;target-thoracic-rotation-v21;target-toe-raise-supported-v21;target-wall-calf-stretch-v21;times-up-v21;tracking-loss-v21;tracking-recovered-v21;training-intro;exercise-skipped,pass,pass,pass,pass,true,scripts/audits/audit-voice-v21-final-cue-schema.mjs,"Flow, policy, and lifecycle are present."
schema_no_pending_cue_in_physical_manifest,schema,shared,checkup-balance-feet-together-v21;checkup-balance-next-stance-v21;checkup-balance-semi-tandem-left-v21;checkup-balance-semi-tandem-right-v21;checkup-balance-single-leg-left-v21;checkup-balance-single-leg-right-v21;checkup-balance-support-touch-v21;checkup-balance-tandem-left-v21;checkup-balance-tandem-right-v21;equip-balance-support-v21;equip-chair-stable-v21;equip-door-anchor-v21;equip-floor-transition-v21;equip-long-band-v21;equip-step-stable-v21;equip-support-close-v21;ex-balance-feet-together-hold-first-v21;ex-balance-feet-together-hold-next-v21;ex-balance-single-leg-hold-first-v21;ex-balance-single-leg-hold-next-v21;ex-balance-tandem-hold-first-v21;ex-balance-tandem-hold-next-v21;ex-band-pull-apart-first-v21;ex-band-pull-apart-next-v21;ex-chair-supported-split-squat-first-v21;ex-chair-supported-split-squat-next-v21;ex-glute-bridge-hold-first-v21;ex-glute-bridge-hold-next-v21;ex-glute-bridge-reps-first-v21;ex-glute-bridge-reps-next-v21;ex-heel-raise-free-first-v21;ex-heel-raise-free-next-v21;ex-heel-raise-supported-first-v21;ex-heel-raise-supported-next-v21;ex-hip-hinge-free-first-v21;ex-hip-hinge-free-next-v21;ex-hip-hinge-wall-first-v21;ex-hip-hinge-wall-next-v21;ex-loaded-march-first-v21;ex-loaded-march-next-v21;ex-loaded-sit-to-stand-first-v21;ex-loaded-sit-to-stand-next-v21;ex-mini-band-lateral-walk-first-v21;ex-mini-band-lateral-walk-next-v21;ex-neck-rotation-first-v21;ex-neck-rotation-next-v21;ex-overhead-press-band-first-v21;ex-overhead-press-band-next-v21;ex-overhead-reach-first-v21;ex-overhead-reach-next-v21;ex-push-up-incline-first-v21;ex-push-up-incline-next-v21;ex-push-up-standard-first-v21;ex-push-up-standard-next-v21;ex-push-up-wall-first-v21;ex-push-up-wall-next-v21;ex-seated-band-row-first-v21;ex-seated-band-row-next-v21;ex-seated-hamstring-reach-first-v21;ex-seated-hamstring-reach-next-v21;ex-squat-free-first-v21;ex-squat-free-next-v21;ex-squat-loaded-first-v21;ex-squat-loaded-next-v21;ex-squat-slow-eccentric-first-v21;ex-squat-slow-eccentric-next-v21;ex-squat-supported-first-v21;ex-squat-supported-next-v21;ex-standing-band-row-first-v21;ex-standing-band-row-next-v21;ex-step-up-first-v21;ex-step-up-next-v21;ex-sts-cushion-first-v21;ex-sts-cushion-next-v21;ex-sts-power-first-v21;ex-sts-power-next-v21;ex-sts-slow-eccentric-first-v21;ex-sts-slow-eccentric-next-v21;ex-sts-standard-first-v21;ex-sts-standard-next-v21;ex-supported-hip-flexor-stretch-first-v21;ex-supported-hip-flexor-stretch-next-v21;ex-supported-side-step-first-v21;ex-supported-side-step-next-v21;ex-thoracic-rotation-first-v21;ex-thoracic-rotation-next-v21;ex-toe-raise-supported-first-v21;ex-toe-raise-supported-next-v21;ex-wall-calf-stretch-first-v21;ex-wall-calf-stretch-next-v21;five-seconds-left-v21;floor-gate-question-v21;halfway-v21;last-set-v21;micro-chair-power-v21;micro-discard-v21;micro-mobility-left-v21;micro-mobility-right-v21;micro-relax-v21;micro-single-leg-left-v21;micro-single-leg-right-v21;microcheck-complete-v21;next-exercise-v21;paused-v21;rest-now-v21;resuming-v21;safe-session-start-v21;session-complete-v21;set-complete-v21;setup-back-v21;setup-center-v21;setup-clearer-view-v21;setup-closer-v21;setup-enter-view-v21;setup-hold-still-v21;setup-light-v21;side-calf-left-back-v21;side-calf-right-back-v21;side-hamstring-left-extended-v21;side-hamstring-right-extended-v21;side-hip-flexor-left-back-v21;side-hip-flexor-right-back-v21;side-single-leg-left-v21;side-single-leg-right-v21;side-split-squat-left-forward-v21;side-split-squat-right-forward-v21;side-tandem-left-front-v21;side-tandem-right-front-v21;step-up-next-left-v21;step-up-next-right-v21;step-up-start-left-v21;step-up-start-right-v21;step-up-wrong-left-v21;step-up-wrong-right-v21;switch-foot-positions-v21;switch-legs-v21;switch-sides-v21;target-balance-feet-together-hold-v21;target-balance-single-leg-hold-v21;target-balance-tandem-hold-v21;target-band-pull-apart-v21;target-chair-supported-split-squat-v21;target-glute-bridge-hold-v21;target-glute-bridge-reps-v21;target-heel-raise-free-v21;target-heel-raise-supported-v21;target-hip-hinge-free-v21;target-hip-hinge-wall-v21;target-loaded-march-v21;target-loaded-sit-to-stand-v21;target-mini-band-lateral-walk-v21;target-neck-rotation-v21;target-overhead-press-band-v21;target-overhead-reach-v21;target-push-up-incline-v21;target-push-up-standard-v21;target-push-up-wall-v21;target-seated-band-row-v21;target-seated-hamstring-reach-v21;target-squat-free-v21;target-squat-loaded-v21;target-squat-slow-eccentric-v21;target-squat-supported-v21;target-standing-band-row-v21;target-step-up-v21;target-sts-cushion-v21;target-sts-power-v21;target-sts-slow-eccentric-v21;target-sts-standard-v21;target-supported-hip-flexor-stretch-v21;target-supported-side-step-v21;target-thoracic-rotation-v21;target-toe-raise-supported-v21;target-wall-calf-stretch-v21;training-intro-v21;training-skip-v21,balance-feet-together;item-complete-v21;balance-semi-tandem;balance-semi-tandem;checkup-balance-single-leg-v21;checkup-balance-single-leg-v21;checkup-balance-support-touch-v21;balance-tandem;balance-tandem;balance_support_within_reach;chair_use_sturdy_chair;door_anchor_fully_closed+door_anchor_test_light_tension;floor_slow_transition;band_inspect_before_use+band_face_and_eyes_clear;step_use_low_stable_step+step_fixed_support_nearby;support_keep_support_within_reach;ex-balance-feet-together-hold-first-v21;ex-balance-feet-together-hold-next-v21;ex-balance-single-leg-hold-first-v21;ex-balance-single-leg-hold-next-v21;ex-balance-tandem-hold-first-v21;ex-balance-tandem-hold-next-v21;ex-band-pull-apart-first-v21;ex-band-pull-apart-next-v21;ex-chair-supported-split-squat-first-v21;ex-chair-supported-split-squat-next-v21;ex-glute-bridge-hold-first-v21;ex-glute-bridge-hold-next-v21;ex-glute-bridge-reps-first-v21;ex-glute-bridge-reps-next-v21;ex-heel-raise-free-first-v21;ex-heel-raise-free-next-v21;ex-heel-raise-supported-first-v21;ex-heel-raise-supported-next-v21;ex-hip-hinge-free-first-v21;ex-hip-hinge-free-next-v21;ex-hip-hinge-wall-first-v21;ex-hip-hinge-wall-next-v21;ex-loaded-march-first-v21;ex-loaded-march-next-v21;ex-loaded-sit-to-stand-first-v21;ex-loaded-sit-to-stand-next-v21;ex-mini-band-lateral-walk-first-v21;ex-mini-band-lateral-walk-next-v21;ex-neck-rotation-first-v21;ex-neck-rotation-next-v21;ex-overhead-press-band-first-v21;ex-overhead-press-band-next-v21;ex-overhead-reach-first-v21;ex-overhead-reach-next-v21;ex-push-up-incline-first-v21;ex-push-up-incline-next-v21;ex-push-up-standard-first-v21;ex-push-up-standard-next-v21;ex-push-up-wall-first-v21;ex-push-up-wall-next-v21;ex-seated-band-row-first-v21;ex-seated-band-row-next-v21;ex-seated-hamstring-reach-first-v21;ex-seated-hamstring-reach-next-v21;ex-squat-free-first-v21;ex-squat-free-next-v21;ex-squat-loaded-first-v21;ex-squat-loaded-next-v21;ex-squat-slow-eccentric-first-v21;ex-squat-slow-eccentric-next-v21;ex-squat-supported-first-v21;ex-squat-supported-next-v21;ex-standing-band-row-first-v21;ex-standing-band-row-next-v21;ex-step-up-first-v21;ex-step-up-next-v21;ex-sts-cushion-first-v21;ex-sts-cushion-next-v21;ex-sts-power-first-v21;ex-sts-power-next-v21;ex-sts-slow-eccentric-first-v21;ex-sts-slow-eccentric-next-v21;ex-sts-standard-first-v21;ex-sts-standard-next-v21;ex-supported-hip-flexor-stretch-first-v21;ex-supported-hip-flexor-stretch-next-v21;ex-supported-side-step-first-v21;ex-supported-side-step-next-v21;ex-thoracic-rotation-first-v21;ex-thoracic-rotation-next-v21;ex-toe-raise-supported-first-v21;ex-toe-raise-supported-next-v21;ex-wall-calf-stretch-first-v21;ex-wall-calf-stretch-next-v21;five-seconds-left-v21;floor-gate-question-v21;halfway-v21;last-set;microcheck-chair;micro-discard-v21;ex-hamstring-reach;ex-hamstring-reach;relax-arm;microcheck-balance;microcheck-balance;microcheck-complete;next-up;paused-v21;rest-now;resuming-v21;safe-session-start-v21;session-complete;set-done;step-back;center-yourself;setup-clearer-view-v21;step-closer;step-into-frame;hold-still;turn-on-light;side-calf-left-back-v21;side-calf-right-back-v21;side-hamstring-left-extended-v21;side-hamstring-right-extended-v21;side-hip-flexor-left-back-v21;side-hip-flexor-right-back-v21;side-single-leg-left-v21;side-single-leg-right-v21;side-split-squat-left-forward-v21;side-split-squat-right-forward-v21;side-tandem-left-front-v21;side-tandem-right-front-v21;step-up-next-left-v21;step-up-next-right-v21;step-up-start-left-v21;step-up-start-right-v21;step-up-wrong-left-v21;step-up-wrong-right-v21;switch-foot-positions-v21;switch-legs-v21;switch-sides-v21;target-balance-feet-together-hold-v21;target-balance-single-leg-hold-v21;target-balance-tandem-hold-v21;target-band-pull-apart-v21;target-chair-supported-split-squat-v21;target-glute-bridge-hold-v21;target-glute-bridge-reps-v21;target-heel-raise-free-v21;target-heel-raise-supported-v21;target-hip-hinge-free-v21;target-hip-hinge-wall-v21;target-loaded-march-v21;target-loaded-sit-to-stand-v21;target-mini-band-lateral-walk-v21;target-neck-rotation-v21;target-overhead-press-band-v21;target-overhead-reach-v21;target-push-up-incline-v21;target-push-up-standard-v21;target-push-up-wall-v21;target-seated-band-row-v21;target-seated-hamstring-reach-v21;target-squat-free-v21;target-squat-loaded-v21;target-squat-slow-eccentric-v21;target-squat-supported-v21;target-standing-band-row-v21;target-step-up-v21;target-sts-cushion-v21;target-sts-power-v21;target-sts-slow-eccentric-v21;target-sts-standard-v21;target-supported-hip-flexor-stretch-v21;target-supported-side-step-v21;target-thoracic-rotation-v21;target-toe-raise-supported-v21;target-wall-calf-stretch-v21;training-intro;exercise-skipped,pass,pass,pass,pass,true,scripts/audits/audit-voice-v21-final-cue-schema.mjs,Pending rows remain out of the live manifest.
schema_no_set_plan_setup_cues,schema,training,,,pass,pass,pass,pass,true,scripts/audits/audit-voice-v21-final-cue-schema.mjs,No set-plan total-set-count setup cue is active.
schema_microcheck_intro_retired,schema,micro_check,microcheck-intro,,pass,pass,pass,pass,true,scripts/audits/audit-voice-v21-final-cue-schema.mjs,microcheck-intro is absent from Micro-Check V2.1.
schema_relax_arm_not_reused_for_micro_relax,schema,micro_check,micro-relax-v21,relax-arm,pass,pass,pass,pass,true,scripts/audits/audit-voice-v21-final-cue-schema.mjs,"micro-relax-v21 is a pending exact Relax line, not relax-arm reuse."
schema_legacy_conditional_cues_absent_from_default_v21,schema,balance_v2,close-your-eyes;open-your-eyes,close-your-eyes;open-your-eyes,pass,pass,pass,pass,true,scripts/audits/audit-voice-v21-final-cue-schema.mjs,Eyes-closed legacy cues are conditional only.
physical_current_verify_audio_passes,physical,shared,,,pass,pass,pass,pass,true,scripts/audits/audit-voice-v21-final-cue-schema.mjs,npm run verify:audio passed against regenerated baseline.
physical_task_start_hashes_preserved,physical,shared,,,pass,pass,pass,pass,true,scripts/audits/audit-voice-v21-final-cue-schema.mjs,Current audio hashes match task-start snapshot.
physical_clara_marcus_pair_parity,physical,shared,,,pass,pass,pass,pass,true,scripts/audits/audit-voice-v21-final-cue-schema.mjs,Every spoken physical cue has Clara and Marcus assets.
physical_manifest_paths_exist,physical,shared,,,pass,pass,pass,pass,true,scripts/audits/audit-voice-v21-final-cue-schema.mjs,Manifest paths resolve on disk.
physical_exact_existing_pairs_reused,physical,shared,checkup-balance-complete-v21;checkup-balance-intro-v21;checkup-balance-single-leg-v21;checkup-chair-stand-intro-v21;checkup-chair-stand-setup-v21;checkup-complete-v21;checkup-hinge-setup-v21;checkup-shoulder-raise-left-v21;checkup-shoulder-raise-right-v21;checkup-shoulder-turn-left-v21;checkup-shoulder-turn-right-v21;countdown-one;countdown-three;countdown-two;final-position-set-v21;go;item-complete-v21;mpv2_balance_attempt_saved;mpv2_balance_attempt_start;mpv2_balance_complete;mpv2_balance_full_hold;mpv2_balance_ready_after_30;mpv2_balance_ready_after_60;mpv2_balance_rest;mpv2_balance_tracking_retry;mpv2_balance_use_best;mpv2_chair_official_ready;mpv2_chair_practice_start;mpv2_checkup_intro;mpv2_hinge_complete;mpv2_hinge_no_measurement;mpv2_shoulder_tracking_retry;retry-v21;times-up-v21;tracking-loss-v21;tracking-recovered-v21,mpv2_balance_complete;checkup-balance-intro-v21;checkup-balance-single-leg-v21;checkup-chair-stand-intro-v21;checkup-chair-stand-setup-v21;checkup-complete-v21;checkup-hinge-setup-v21;checkup-shoulder-raise-left-v21;checkup-shoulder-raise-right-v21;checkup-shoulder-turn-left-v21;checkup-shoulder-turn-right-v21;countdown-one;countdown-three;countdown-two;final-position-set-v21;go;item-complete-v21;mpv2_balance_attempt_saved;mpv2_balance_attempt_start;mpv2_balance_complete;mpv2_balance_full_hold;mpv2_balance_ready_after_30;mpv2_balance_ready_after_60;mpv2_balance_rest;mpv2_balance_tracking_retry;mpv2_balance_use_best;mpv2_chair_official_ready;mpv2_chair_practice_start;mpv2_checkup_intro;mpv2_hinge_complete;mpv2_hinge_no_measurement;mpv2_shoulder_tracking_retry;retry-v21;times-up-v21;tracking-loss-v21;tracking-recovered-v21,pass,pass,pass,pass,true,scripts/audits/audit-voice-v21-final-cue-schema.mjs,Exact existing pairs are mapped to their physical cue keys.
physical_script_mismatch_not_reused,physical,shared,checkup-balance-feet-together-v21;checkup-balance-next-stance-v21;checkup-balance-semi-tandem-left-v21;checkup-balance-semi-tandem-right-v21;checkup-balance-single-leg-left-v21;checkup-balance-single-leg-right-v21;checkup-balance-tandem-left-v21;checkup-balance-tandem-right-v21;equip-balance-support-v21;equip-chair-stable-v21;equip-door-anchor-v21;equip-floor-transition-v21;equip-long-band-v21;equip-step-stable-v21;equip-support-close-v21;last-set-v21;micro-chair-power-v21;micro-mobility-left-v21;micro-mobility-right-v21;micro-relax-v21;micro-single-leg-left-v21;micro-single-leg-right-v21;microcheck-complete-v21;next-exercise-v21;rest-now-v21;session-complete-v21;set-complete-v21;setup-back-v21;setup-center-v21;setup-closer-v21;setup-enter-view-v21;setup-hold-still-v21;setup-light-v21;training-intro-v21;training-skip-v21,balance-feet-together;item-complete-v21;balance-semi-tandem;balance-semi-tandem;checkup-balance-single-leg-v21;checkup-balance-single-leg-v21;balance-tandem;balance-tandem;balance_support_within_reach;chair_use_sturdy_chair;door_anchor_fully_closed+door_anchor_test_light_tension;floor_slow_transition;band_inspect_before_use+band_face_and_eyes_clear;step_use_low_stable_step+step_fixed_support_nearby;support_keep_support_within_reach;last-set;microcheck-chair;ex-hamstring-reach;ex-hamstring-reach;relax-arm;microcheck-balance;microcheck-balance;microcheck-complete;next-up;rest-now;session-complete;set-done;step-back;center-yourself;step-closer;step-into-frame;hold-still;turn-on-light;training-intro;exercise-skipped,pass,pass,pass,pass,true,scripts/audits/audit-voice-v21-final-cue-schema.mjs,Mismatches remain in the backlog.
physical_orphan_assets_classified,physical,shared,,,pass,pass,pass,pass,true,scripts/audits/audit-voice-v21-final-cue-schema.mjs,Every current physical asset is classified.
physical_regenerated_baseline_not_reverted,physical,shared,,,pass,pass,pass,pass,true,scripts/audits/audit-voice-v21-final-cue-schema.mjs,Git-HEAD audio diffs are treated as stale baseline comparisons.
training_37_contracts_covered,training,training,countdown-one;countdown-three;countdown-two;equip-balance-support-v21;equip-chair-stable-v21;equip-door-anchor-v21;equip-floor-transition-v21;equip-long-band-v21;equip-step-stable-v21;equip-support-close-v21;ex-balance-feet-together-hold-first-v21;ex-balance-feet-together-hold-next-v21;ex-balance-single-leg-hold-first-v21;ex-balance-single-leg-hold-next-v21;ex-balance-tandem-hold-first-v21;ex-balance-tandem-hold-next-v21;ex-band-pull-apart-first-v21;ex-band-pull-apart-next-v21;ex-chair-supported-split-squat-first-v21;ex-chair-supported-split-squat-next-v21;ex-glute-bridge-hold-first-v21;ex-glute-bridge-hold-next-v21;ex-glute-bridge-reps-first-v21;ex-glute-bridge-reps-next-v21;ex-heel-raise-free-first-v21;ex-heel-raise-free-next-v21;ex-heel-raise-supported-first-v21;ex-heel-raise-supported-next-v21;ex-hip-hinge-free-first-v21;ex-hip-hinge-free-next-v21;ex-hip-hinge-wall-first-v21;ex-hip-hinge-wall-next-v21;ex-loaded-march-first-v21;ex-loaded-march-next-v21;ex-loaded-sit-to-stand-first-v21;ex-loaded-sit-to-stand-next-v21;ex-mini-band-lateral-walk-first-v21;ex-mini-band-lateral-walk-next-v21;ex-neck-rotation-first-v21;ex-neck-rotation-next-v21;ex-overhead-press-band-first-v21;ex-overhead-press-band-next-v21;ex-overhead-reach-first-v21;ex-overhead-reach-next-v21;ex-push-up-incline-first-v21;ex-push-up-incline-next-v21;ex-push-up-standard-first-v21;ex-push-up-standard-next-v21;ex-push-up-wall-first-v21;ex-push-up-wall-next-v21;ex-seated-band-row-first-v21;ex-seated-band-row-next-v21;ex-seated-hamstring-reach-first-v21;ex-seated-hamstring-reach-next-v21;ex-squat-free-first-v21;ex-squat-free-next-v21;ex-squat-loaded-first-v21;ex-squat-loaded-next-v21;ex-squat-slow-eccentric-first-v21;ex-squat-slow-eccentric-next-v21;ex-squat-supported-first-v21;ex-squat-supported-next-v21;ex-standing-band-row-first-v21;ex-standing-band-row-next-v21;ex-step-up-first-v21;ex-step-up-next-v21;ex-sts-cushion-first-v21;ex-sts-cushion-next-v21;ex-sts-power-first-v21;ex-sts-power-next-v21;ex-sts-slow-eccentric-first-v21;ex-sts-slow-eccentric-next-v21;ex-sts-standard-first-v21;ex-sts-standard-next-v21;ex-supported-hip-flexor-stretch-first-v21;ex-supported-hip-flexor-stretch-next-v21;ex-supported-side-step-first-v21;ex-supported-side-step-next-v21;ex-thoracic-rotation-first-v21;ex-thoracic-rotation-next-v21;ex-toe-raise-supported-first-v21;ex-toe-raise-supported-next-v21;ex-wall-calf-stretch-first-v21;ex-wall-calf-stretch-next-v21;final-position-set-v21;five-seconds-left-v21;floor-gate-question-v21;go;halfway-v21;item-complete-v21;last-set-v21;next-exercise-v21;paused-v21;rest-now-v21;resuming-v21;retry-v21;safe-session-start-v21;session-complete-v21;set-complete-v21;setup-back-v21;setup-center-v21;setup-clearer-view-v21;setup-closer-v21;setup-enter-view-v21;setup-hold-still-v21;setup-light-v21;side-calf-left-back-v21;side-calf-right-back-v21;side-hamstring-left-extended-v21;side-hamstring-right-extended-v21;side-hip-flexor-left-back-v21;side-hip-flexor-right-back-v21;side-single-leg-left-v21;side-single-leg-right-v21;side-split-squat-left-forward-v21;side-split-squat-right-forward-v21;side-tandem-left-front-v21;side-tandem-right-front-v21;step-up-next-left-v21;step-up-next-right-v21;step-up-start-left-v21;step-up-start-right-v21;step-up-wrong-left-v21;step-up-wrong-right-v21;switch-foot-positions-v21;switch-legs-v21;switch-sides-v21;target-balance-feet-together-hold-v21;target-balance-single-leg-hold-v21;target-balance-tandem-hold-v21;target-band-pull-apart-v21;target-chair-supported-split-squat-v21;target-glute-bridge-hold-v21;target-glute-bridge-reps-v21;target-heel-raise-free-v21;target-heel-raise-supported-v21;target-hip-hinge-free-v21;target-hip-hinge-wall-v21;target-loaded-march-v21;target-loaded-sit-to-stand-v21;target-mini-band-lateral-walk-v21;target-neck-rotation-v21;target-overhead-press-band-v21;target-overhead-reach-v21;target-push-up-incline-v21;target-push-up-standard-v21;target-push-up-wall-v21;target-seated-band-row-v21;target-seated-hamstring-reach-v21;target-squat-free-v21;target-squat-loaded-v21;target-squat-slow-eccentric-v21;target-squat-supported-v21;target-standing-band-row-v21;target-step-up-v21;target-sts-cushion-v21;target-sts-power-v21;target-sts-slow-eccentric-v21;target-sts-standard-v21;target-supported-hip-flexor-stretch-v21;target-supported-side-step-v21;target-thoracic-rotation-v21;target-toe-raise-supported-v21;target-wall-calf-stretch-v21;times-up-v21;tracking-loss-v21;tracking-recovered-v21;training-intro-v21;training-skip-v21,countdown-one;countdown-three;countdown-two;balance_support_within_reach;chair_use_sturdy_chair;door_anchor_fully_closed+door_anchor_test_light_tension;floor_slow_transition;band_inspect_before_use+band_face_and_eyes_clear;step_use_low_stable_step+step_fixed_support_nearby;support_keep_support_within_reach;ex-balance-feet-together-hold-first-v21;ex-balance-feet-together-hold-next-v21;ex-balance-single-leg-hold-first-v21;ex-balance-single-leg-hold-next-v21;ex-balance-tandem-hold-first-v21;ex-balance-tandem-hold-next-v21;ex-band-pull-apart-first-v21;ex-band-pull-apart-next-v21;ex-chair-supported-split-squat-first-v21;ex-chair-supported-split-squat-next-v21;ex-glute-bridge-hold-first-v21;ex-glute-bridge-hold-next-v21;ex-glute-bridge-reps-first-v21;ex-glute-bridge-reps-next-v21;ex-heel-raise-free-first-v21;ex-heel-raise-free-next-v21;ex-heel-raise-supported-first-v21;ex-heel-raise-supported-next-v21;ex-hip-hinge-free-first-v21;ex-hip-hinge-free-next-v21;ex-hip-hinge-wall-first-v21;ex-hip-hinge-wall-next-v21;ex-loaded-march-first-v21;ex-loaded-march-next-v21;ex-loaded-sit-to-stand-first-v21;ex-loaded-sit-to-stand-next-v21;ex-mini-band-lateral-walk-first-v21;ex-mini-band-lateral-walk-next-v21;ex-neck-rotation-first-v21;ex-neck-rotation-next-v21;ex-overhead-press-band-first-v21;ex-overhead-press-band-next-v21;ex-overhead-reach-first-v21;ex-overhead-reach-next-v21;ex-push-up-incline-first-v21;ex-push-up-incline-next-v21;ex-push-up-standard-first-v21;ex-push-up-standard-next-v21;ex-push-up-wall-first-v21;ex-push-up-wall-next-v21;ex-seated-band-row-first-v21;ex-seated-band-row-next-v21;ex-seated-hamstring-reach-first-v21;ex-seated-hamstring-reach-next-v21;ex-squat-free-first-v21;ex-squat-free-next-v21;ex-squat-loaded-first-v21;ex-squat-loaded-next-v21;ex-squat-slow-eccentric-first-v21;ex-squat-slow-eccentric-next-v21;ex-squat-supported-first-v21;ex-squat-supported-next-v21;ex-standing-band-row-first-v21;ex-standing-band-row-next-v21;ex-step-up-first-v21;ex-step-up-next-v21;ex-sts-cushion-first-v21;ex-sts-cushion-next-v21;ex-sts-power-first-v21;ex-sts-power-next-v21;ex-sts-slow-eccentric-first-v21;ex-sts-slow-eccentric-next-v21;ex-sts-standard-first-v21;ex-sts-standard-next-v21;ex-supported-hip-flexor-stretch-first-v21;ex-supported-hip-flexor-stretch-next-v21;ex-supported-side-step-first-v21;ex-supported-side-step-next-v21;ex-thoracic-rotation-first-v21;ex-thoracic-rotation-next-v21;ex-toe-raise-supported-first-v21;ex-toe-raise-supported-next-v21;ex-wall-calf-stretch-first-v21;ex-wall-calf-stretch-next-v21;final-position-set-v21;five-seconds-left-v21;floor-gate-question-v21;go;halfway-v21;item-complete-v21;last-set;next-up;paused-v21;rest-now;resuming-v21;retry-v21;safe-session-start-v21;session-complete;set-done;step-back;center-yourself;setup-clearer-view-v21;step-closer;step-into-frame;hold-still;turn-on-light;side-calf-left-back-v21;side-calf-right-back-v21;side-hamstring-left-extended-v21;side-hamstring-right-extended-v21;side-hip-flexor-left-back-v21;side-hip-flexor-right-back-v21;side-single-leg-left-v21;side-single-leg-right-v21;side-split-squat-left-forward-v21;side-split-squat-right-forward-v21;side-tandem-left-front-v21;side-tandem-right-front-v21;step-up-next-left-v21;step-up-next-right-v21;step-up-start-left-v21;step-up-start-right-v21;step-up-wrong-left-v21;step-up-wrong-right-v21;switch-foot-positions-v21;switch-legs-v21;switch-sides-v21;target-balance-feet-together-hold-v21;target-balance-single-leg-hold-v21;target-balance-tandem-hold-v21;target-band-pull-apart-v21;target-chair-supported-split-squat-v21;target-glute-bridge-hold-v21;target-glute-bridge-reps-v21;target-heel-raise-free-v21;target-heel-raise-supported-v21;target-hip-hinge-free-v21;target-hip-hinge-wall-v21;target-loaded-march-v21;target-loaded-sit-to-stand-v21;target-mini-band-lateral-walk-v21;target-neck-rotation-v21;target-overhead-press-band-v21;target-overhead-reach-v21;target-push-up-incline-v21;target-push-up-standard-v21;target-push-up-wall-v21;target-seated-band-row-v21;target-seated-hamstring-reach-v21;target-squat-free-v21;target-squat-loaded-v21;target-squat-slow-eccentric-v21;target-squat-supported-v21;target-standing-band-row-v21;target-step-up-v21;target-sts-cushion-v21;target-sts-power-v21;target-sts-slow-eccentric-v21;target-sts-standard-v21;target-supported-hip-flexor-stretch-v21;target-supported-side-step-v21;target-thoracic-rotation-v21;target-toe-raise-supported-v21;target-wall-calf-stretch-v21;times-up-v21;tracking-loss-v21;tracking-recovered-v21;training-intro;exercise-skipped,pass,pass,pass,pass,true,scripts/audits/audit-voice-v21-final-cue-schema.mjs,Training registry covers all exported V2.1 asset requirements.
training_first_use_cues_covered,training,training,ex-balance-feet-together-hold-first-v21;ex-balance-single-leg-hold-first-v21;ex-balance-tandem-hold-first-v21;ex-band-pull-apart-first-v21;ex-chair-supported-split-squat-first-v21;ex-glute-bridge-hold-first-v21;ex-glute-bridge-reps-first-v21;ex-heel-raise-free-first-v21;ex-heel-raise-supported-first-v21;ex-hip-hinge-free-first-v21;ex-hip-hinge-wall-first-v21;ex-loaded-march-first-v21;ex-loaded-sit-to-stand-first-v21;ex-mini-band-lateral-walk-first-v21;ex-neck-rotation-first-v21;ex-overhead-press-band-first-v21;ex-overhead-reach-first-v21;ex-push-up-incline-first-v21;ex-push-up-standard-first-v21;ex-push-up-wall-first-v21;ex-seated-band-row-first-v21;ex-seated-hamstring-reach-first-v21;ex-squat-free-first-v21;ex-squat-loaded-first-v21;ex-squat-slow-eccentric-first-v21;ex-squat-supported-first-v21;ex-standing-band-row-first-v21;ex-step-up-first-v21;ex-sts-cushion-first-v21;ex-sts-power-first-v21;ex-sts-slow-eccentric-first-v21;ex-sts-standard-first-v21;ex-supported-hip-flexor-stretch-first-v21;ex-supported-side-step-first-v21;ex-thoracic-rotation-first-v21;ex-toe-raise-supported-first-v21;ex-wall-calf-stretch-first-v21,ex-balance-feet-together-hold-first-v21;ex-balance-single-leg-hold-first-v21;ex-balance-tandem-hold-first-v21;ex-band-pull-apart-first-v21;ex-chair-supported-split-squat-first-v21;ex-glute-bridge-hold-first-v21;ex-glute-bridge-reps-first-v21;ex-heel-raise-free-first-v21;ex-heel-raise-supported-first-v21;ex-hip-hinge-free-first-v21;ex-hip-hinge-wall-first-v21;ex-loaded-march-first-v21;ex-loaded-sit-to-stand-first-v21;ex-mini-band-lateral-walk-first-v21;ex-neck-rotation-first-v21;ex-overhead-press-band-first-v21;ex-overhead-reach-first-v21;ex-push-up-incline-first-v21;ex-push-up-standard-first-v21;ex-push-up-wall-first-v21;ex-seated-band-row-first-v21;ex-seated-hamstring-reach-first-v21;ex-squat-free-first-v21;ex-squat-loaded-first-v21;ex-squat-slow-eccentric-first-v21;ex-squat-supported-first-v21;ex-standing-band-row-first-v21;ex-step-up-first-v21;ex-sts-cushion-first-v21;ex-sts-power-first-v21;ex-sts-slow-eccentric-first-v21;ex-sts-standard-first-v21;ex-supported-hip-flexor-stretch-first-v21;ex-supported-side-step-first-v21;ex-thoracic-rotation-first-v21;ex-toe-raise-supported-first-v21;ex-wall-calf-stretch-first-v21,pass,pass,pass,pass,true,scripts/audits/audit-voice-v21-final-cue-schema.mjs,All 37 first-use cues are present.
training_later_set_cues_covered,training,training,ex-balance-feet-together-hold-next-v21;ex-balance-single-leg-hold-next-v21;ex-balance-tandem-hold-next-v21;ex-band-pull-apart-next-v21;ex-chair-supported-split-squat-next-v21;ex-glute-bridge-hold-next-v21;ex-glute-bridge-reps-next-v21;ex-heel-raise-free-next-v21;ex-heel-raise-supported-next-v21;ex-hip-hinge-free-next-v21;ex-hip-hinge-wall-next-v21;ex-loaded-march-next-v21;ex-loaded-sit-to-stand-next-v21;ex-mini-band-lateral-walk-next-v21;ex-neck-rotation-next-v21;ex-overhead-press-band-next-v21;ex-overhead-reach-next-v21;ex-push-up-incline-next-v21;ex-push-up-standard-next-v21;ex-push-up-wall-next-v21;ex-seated-band-row-next-v21;ex-seated-hamstring-reach-next-v21;ex-squat-free-next-v21;ex-squat-loaded-next-v21;ex-squat-slow-eccentric-next-v21;ex-squat-supported-next-v21;ex-standing-band-row-next-v21;ex-step-up-next-v21;ex-sts-cushion-next-v21;ex-sts-power-next-v21;ex-sts-slow-eccentric-next-v21;ex-sts-standard-next-v21;ex-supported-hip-flexor-stretch-next-v21;ex-supported-side-step-next-v21;ex-thoracic-rotation-next-v21;ex-toe-raise-supported-next-v21;ex-wall-calf-stretch-next-v21,ex-balance-feet-together-hold-next-v21;ex-balance-single-leg-hold-next-v21;ex-balance-tandem-hold-next-v21;ex-band-pull-apart-next-v21;ex-chair-supported-split-squat-next-v21;ex-glute-bridge-hold-next-v21;ex-glute-bridge-reps-next-v21;ex-heel-raise-free-next-v21;ex-heel-raise-supported-next-v21;ex-hip-hinge-free-next-v21;ex-hip-hinge-wall-next-v21;ex-loaded-march-next-v21;ex-loaded-sit-to-stand-next-v21;ex-mini-band-lateral-walk-next-v21;ex-neck-rotation-next-v21;ex-overhead-press-band-next-v21;ex-overhead-reach-next-v21;ex-push-up-incline-next-v21;ex-push-up-standard-next-v21;ex-push-up-wall-next-v21;ex-seated-band-row-next-v21;ex-seated-hamstring-reach-next-v21;ex-squat-free-next-v21;ex-squat-loaded-next-v21;ex-squat-slow-eccentric-next-v21;ex-squat-supported-next-v21;ex-standing-band-row-next-v21;ex-step-up-next-v21;ex-sts-cushion-next-v21;ex-sts-power-next-v21;ex-sts-slow-eccentric-next-v21;ex-sts-standard-next-v21;ex-supported-hip-flexor-stretch-next-v21;ex-supported-side-step-next-v21;ex-thoracic-rotation-next-v21;ex-toe-raise-supported-next-v21;ex-wall-calf-stretch-next-v21,pass,pass,pass,pass,true,scripts/audits/audit-voice-v21-final-cue-schema.mjs,All 37 later-set reminders are present.
training_side_cues_covered,training,training,side-calf-left-back-v21;side-calf-right-back-v21;side-hamstring-left-extended-v21;side-hamstring-right-extended-v21;side-hip-flexor-left-back-v21;side-hip-flexor-right-back-v21;side-single-leg-left-v21;side-single-leg-right-v21;side-split-squat-left-forward-v21;side-split-squat-right-forward-v21;side-tandem-left-front-v21;side-tandem-right-front-v21;step-up-next-left-v21;step-up-next-right-v21;step-up-start-left-v21;step-up-start-right-v21;switch-foot-positions-v21;switch-legs-v21;switch-sides-v21,side-calf-left-back-v21;side-calf-right-back-v21;side-hamstring-left-extended-v21;side-hamstring-right-extended-v21;side-hip-flexor-left-back-v21;side-hip-flexor-right-back-v21;side-single-leg-left-v21;side-single-leg-right-v21;side-split-squat-left-forward-v21;side-split-squat-right-forward-v21;side-tandem-left-front-v21;side-tandem-right-front-v21;step-up-next-left-v21;step-up-next-right-v21;step-up-start-left-v21;step-up-start-right-v21;switch-foot-positions-v21;switch-legs-v21;switch-sides-v21,pass,pass,pass,pass,true,scripts/audits/audit-voice-v21-final-cue-schema.mjs,Side and switch cues are represented.
training_safety_cues_covered,training,training,equip-balance-support-v21;equip-chair-stable-v21;equip-door-anchor-v21;equip-floor-transition-v21;equip-long-band-v21;equip-step-stable-v21;equip-support-close-v21;floor-gate-question-v21;safe-session-start-v21,balance_support_within_reach;chair_use_sturdy_chair;door_anchor_fully_closed+door_anchor_test_light_tension;floor_slow_transition;band_inspect_before_use+band_face_and_eyes_clear;step_use_low_stable_step+step_fixed_support_nearby;support_keep_support_within_reach;floor-gate-question-v21;safe-session-start-v21,pass,pass,pass,pass,true,scripts/audits/audit-voice-v21-final-cue-schema.mjs,Safety-family and universal cues are represented.
training_controls_cues_covered,training,training,paused-v21;resuming-v21;retry-v21,paused-v21;resuming-v21;retry-v21,pass,pass,pass,pass,true,scripts/audits/audit-voice-v21-final-cue-schema.mjs,Control cues are represented.
training_progress_cues_covered,training,training,halfway-v21;five-seconds-left-v21,halfway-v21;five-seconds-left-v21,pass,pass,pass,pass,true,scripts/audits/audit-voice-v21-final-cue-schema.mjs,Progress cues are represented.
training_recovery_cues_covered,training,training,tracking-loss-v21;tracking-recovered-v21,tracking-loss-v21;tracking-recovered-v21,pass,pass,pass,pass,true,scripts/audits/audit-voice-v21-final-cue-schema.mjs,Tracking recovery cues are represented.
training_generation_backlog_complete,training,training,equip-balance-support-v21;equip-chair-stable-v21;equip-door-anchor-v21;equip-floor-transition-v21;equip-long-band-v21;equip-step-stable-v21;equip-support-close-v21;ex-balance-feet-together-hold-first-v21;ex-balance-feet-together-hold-next-v21;ex-balance-single-leg-hold-first-v21;ex-balance-single-leg-hold-next-v21;ex-balance-tandem-hold-first-v21;ex-balance-tandem-hold-next-v21;ex-band-pull-apart-first-v21;ex-band-pull-apart-next-v21;ex-chair-supported-split-squat-first-v21;ex-chair-supported-split-squat-next-v21;ex-glute-bridge-hold-first-v21;ex-glute-bridge-hold-next-v21;ex-glute-bridge-reps-first-v21;ex-glute-bridge-reps-next-v21;ex-heel-raise-free-first-v21;ex-heel-raise-free-next-v21;ex-heel-raise-supported-first-v21;ex-heel-raise-supported-next-v21;ex-hip-hinge-free-first-v21;ex-hip-hinge-free-next-v21;ex-hip-hinge-wall-first-v21;ex-hip-hinge-wall-next-v21;ex-loaded-march-first-v21;ex-loaded-march-next-v21;ex-loaded-sit-to-stand-first-v21;ex-loaded-sit-to-stand-next-v21;ex-mini-band-lateral-walk-first-v21;ex-mini-band-lateral-walk-next-v21;ex-neck-rotation-first-v21;ex-neck-rotation-next-v21;ex-overhead-press-band-first-v21;ex-overhead-press-band-next-v21;ex-overhead-reach-first-v21;ex-overhead-reach-next-v21;ex-push-up-incline-first-v21;ex-push-up-incline-next-v21;ex-push-up-standard-first-v21;ex-push-up-standard-next-v21;ex-push-up-wall-first-v21;ex-push-up-wall-next-v21;ex-seated-band-row-first-v21;ex-seated-band-row-next-v21;ex-seated-hamstring-reach-first-v21;ex-seated-hamstring-reach-next-v21;ex-squat-free-first-v21;ex-squat-free-next-v21;ex-squat-loaded-first-v21;ex-squat-loaded-next-v21;ex-squat-slow-eccentric-first-v21;ex-squat-slow-eccentric-next-v21;ex-squat-supported-first-v21;ex-squat-supported-next-v21;ex-standing-band-row-first-v21;ex-standing-band-row-next-v21;ex-step-up-first-v21;ex-step-up-next-v21;ex-sts-cushion-first-v21;ex-sts-cushion-next-v21;ex-sts-power-first-v21;ex-sts-power-next-v21;ex-sts-slow-eccentric-first-v21;ex-sts-slow-eccentric-next-v21;ex-sts-standard-first-v21;ex-sts-standard-next-v21;ex-supported-hip-flexor-stretch-first-v21;ex-supported-hip-flexor-stretch-next-v21;ex-supported-side-step-first-v21;ex-supported-side-step-next-v21;ex-thoracic-rotation-first-v21;ex-thoracic-rotation-next-v21;ex-toe-raise-supported-first-v21;ex-toe-raise-supported-next-v21;ex-wall-calf-stretch-first-v21;ex-wall-calf-stretch-next-v21;five-seconds-left-v21;floor-gate-question-v21;halfway-v21;last-set-v21;next-exercise-v21;paused-v21;rest-now-v21;resuming-v21;safe-session-start-v21;session-complete-v21;set-complete-v21;setup-back-v21;setup-center-v21;setup-clearer-view-v21;setup-closer-v21;setup-enter-view-v21;setup-hold-still-v21;setup-light-v21;side-calf-left-back-v21;side-calf-right-back-v21;side-hamstring-left-extended-v21;side-hamstring-right-extended-v21;side-hip-flexor-left-back-v21;side-hip-flexor-right-back-v21;side-single-leg-left-v21;side-single-leg-right-v21;side-split-squat-left-forward-v21;side-split-squat-right-forward-v21;side-tandem-left-front-v21;side-tandem-right-front-v21;step-up-next-left-v21;step-up-next-right-v21;step-up-start-left-v21;step-up-start-right-v21;step-up-wrong-left-v21;step-up-wrong-right-v21;switch-foot-positions-v21;switch-legs-v21;switch-sides-v21;target-balance-feet-together-hold-v21;target-balance-single-leg-hold-v21;target-balance-tandem-hold-v21;target-band-pull-apart-v21;target-chair-supported-split-squat-v21;target-glute-bridge-hold-v21;target-glute-bridge-reps-v21;target-heel-raise-free-v21;target-heel-raise-supported-v21;target-hip-hinge-free-v21;target-hip-hinge-wall-v21;target-loaded-march-v21;target-loaded-sit-to-stand-v21;target-mini-band-lateral-walk-v21;target-neck-rotation-v21;target-overhead-press-band-v21;target-overhead-reach-v21;target-push-up-incline-v21;target-push-up-standard-v21;target-push-up-wall-v21;target-seated-band-row-v21;target-seated-hamstring-reach-v21;target-squat-free-v21;target-squat-loaded-v21;target-squat-slow-eccentric-v21;target-squat-supported-v21;target-standing-band-row-v21;target-step-up-v21;target-sts-cushion-v21;target-sts-power-v21;target-sts-slow-eccentric-v21;target-sts-standard-v21;target-supported-hip-flexor-stretch-v21;target-supported-side-step-v21;target-thoracic-rotation-v21;target-toe-raise-supported-v21;target-wall-calf-stretch-v21;training-intro-v21;training-skip-v21,balance_support_within_reach;chair_use_sturdy_chair;door_anchor_fully_closed+door_anchor_test_light_tension;floor_slow_transition;band_inspect_before_use+band_face_and_eyes_clear;step_use_low_stable_step+step_fixed_support_nearby;support_keep_support_within_reach;ex-balance-feet-together-hold-first-v21;ex-balance-feet-together-hold-next-v21;ex-balance-single-leg-hold-first-v21;ex-balance-single-leg-hold-next-v21;ex-balance-tandem-hold-first-v21;ex-balance-tandem-hold-next-v21;ex-band-pull-apart-first-v21;ex-band-pull-apart-next-v21;ex-chair-supported-split-squat-first-v21;ex-chair-supported-split-squat-next-v21;ex-glute-bridge-hold-first-v21;ex-glute-bridge-hold-next-v21;ex-glute-bridge-reps-first-v21;ex-glute-bridge-reps-next-v21;ex-heel-raise-free-first-v21;ex-heel-raise-free-next-v21;ex-heel-raise-supported-first-v21;ex-heel-raise-supported-next-v21;ex-hip-hinge-free-first-v21;ex-hip-hinge-free-next-v21;ex-hip-hinge-wall-first-v21;ex-hip-hinge-wall-next-v21;ex-loaded-march-first-v21;ex-loaded-march-next-v21;ex-loaded-sit-to-stand-first-v21;ex-loaded-sit-to-stand-next-v21;ex-mini-band-lateral-walk-first-v21;ex-mini-band-lateral-walk-next-v21;ex-neck-rotation-first-v21;ex-neck-rotation-next-v21;ex-overhead-press-band-first-v21;ex-overhead-press-band-next-v21;ex-overhead-reach-first-v21;ex-overhead-reach-next-v21;ex-push-up-incline-first-v21;ex-push-up-incline-next-v21;ex-push-up-standard-first-v21;ex-push-up-standard-next-v21;ex-push-up-wall-first-v21;ex-push-up-wall-next-v21;ex-seated-band-row-first-v21;ex-seated-band-row-next-v21;ex-seated-hamstring-reach-first-v21;ex-seated-hamstring-reach-next-v21;ex-squat-free-first-v21;ex-squat-free-next-v21;ex-squat-loaded-first-v21;ex-squat-loaded-next-v21;ex-squat-slow-eccentric-first-v21;ex-squat-slow-eccentric-next-v21;ex-squat-supported-first-v21;ex-squat-supported-next-v21;ex-standing-band-row-first-v21;ex-standing-band-row-next-v21;ex-step-up-first-v21;ex-step-up-next-v21;ex-sts-cushion-first-v21;ex-sts-cushion-next-v21;ex-sts-power-first-v21;ex-sts-power-next-v21;ex-sts-slow-eccentric-first-v21;ex-sts-slow-eccentric-next-v21;ex-sts-standard-first-v21;ex-sts-standard-next-v21;ex-supported-hip-flexor-stretch-first-v21;ex-supported-hip-flexor-stretch-next-v21;ex-supported-side-step-first-v21;ex-supported-side-step-next-v21;ex-thoracic-rotation-first-v21;ex-thoracic-rotation-next-v21;ex-toe-raise-supported-first-v21;ex-toe-raise-supported-next-v21;ex-wall-calf-stretch-first-v21;ex-wall-calf-stretch-next-v21;five-seconds-left-v21;floor-gate-question-v21;halfway-v21;last-set;next-up;paused-v21;rest-now;resuming-v21;safe-session-start-v21;session-complete;set-done;step-back;center-yourself;setup-clearer-view-v21;step-closer;step-into-frame;hold-still;turn-on-light;side-calf-left-back-v21;side-calf-right-back-v21;side-hamstring-left-extended-v21;side-hamstring-right-extended-v21;side-hip-flexor-left-back-v21;side-hip-flexor-right-back-v21;side-single-leg-left-v21;side-single-leg-right-v21;side-split-squat-left-forward-v21;side-split-squat-right-forward-v21;side-tandem-left-front-v21;side-tandem-right-front-v21;step-up-next-left-v21;step-up-next-right-v21;step-up-start-left-v21;step-up-start-right-v21;step-up-wrong-left-v21;step-up-wrong-right-v21;switch-foot-positions-v21;switch-legs-v21;switch-sides-v21;target-balance-feet-together-hold-v21;target-balance-single-leg-hold-v21;target-balance-tandem-hold-v21;target-band-pull-apart-v21;target-chair-supported-split-squat-v21;target-glute-bridge-hold-v21;target-glute-bridge-reps-v21;target-heel-raise-free-v21;target-heel-raise-supported-v21;target-hip-hinge-free-v21;target-hip-hinge-wall-v21;target-loaded-march-v21;target-loaded-sit-to-stand-v21;target-mini-band-lateral-walk-v21;target-neck-rotation-v21;target-overhead-press-band-v21;target-overhead-reach-v21;target-push-up-incline-v21;target-push-up-standard-v21;target-push-up-wall-v21;target-seated-band-row-v21;target-seated-hamstring-reach-v21;target-squat-free-v21;target-squat-loaded-v21;target-squat-slow-eccentric-v21;target-squat-supported-v21;target-standing-band-row-v21;target-step-up-v21;target-sts-cushion-v21;target-sts-power-v21;target-sts-slow-eccentric-v21;target-sts-standard-v21;target-supported-hip-flexor-stretch-v21;target-supported-side-step-v21;target-thoracic-rotation-v21;target-toe-raise-supported-v21;target-wall-calf-stretch-v21;training-intro;exercise-skipped,pass,pass,pass,pass,true,scripts/audits/audit-voice-v21-final-cue-schema.mjs,Training pending cues are in the backlog.
micro_three_contracts_covered,micro,micro_check,countdown-one;countdown-three;countdown-two;final-position-set-v21;go;micro-chair-power-v21;micro-discard-v21;micro-mobility-left-v21;micro-mobility-right-v21;micro-relax-v21;micro-single-leg-left-v21;micro-single-leg-right-v21;microcheck-complete-v21;paused-v21;resuming-v21;retry-v21;times-up-v21;tracking-loss-v21;tracking-recovered-v21,countdown-one;countdown-three;countdown-two;final-position-set-v21;go;microcheck-chair;micro-discard-v21;ex-hamstring-reach;ex-hamstring-reach;relax-arm;microcheck-balance;microcheck-balance;microcheck-complete;paused-v21;resuming-v21;retry-v21;times-up-v21;tracking-loss-v21;tracking-recovered-v21,pass,pass,pass,pass,true,scripts/audits/audit-voice-v21-final-cue-schema.mjs,Micro-Check three live contracts are covered.
micro_chair_power_schema,micro,micro_check,micro-chair-power-v21,microcheck-chair,pass,pass,pass,pass,true,scripts/audits/audit-voice-v21-final-cue-schema.mjs,Chair power setup cue is present.
micro_balance_left_right_schema,micro,micro_check,micro-single-leg-left-v21;micro-single-leg-right-v21,microcheck-balance;microcheck-balance,pass,pass,pass,pass,true,scripts/audits/audit-voice-v21-final-cue-schema.mjs,Balance left/right setup cues are present.
micro_mobility_left_right_schema,micro,micro_check,micro-mobility-left-v21;micro-mobility-right-v21,ex-hamstring-reach;ex-hamstring-reach,pass,pass,pass,pass,true,scripts/audits/audit-voice-v21-final-cue-schema.mjs,Mobility left/right setup cues are present.
micro_relax_schema,micro,micro_check,micro-relax-v21,relax-arm,pass,pass,pass,pass,true,scripts/audits/audit-voice-v21-final-cue-schema.mjs,Micro Relax is present and pending.
micro_discard_schema,micro,micro_check,micro-discard-v21,micro-discard-v21,pass,pass,pass,pass,true,scripts/audits/audit-voice-v21-final-cue-schema.mjs,Discard cue is present.
micro_completion_schema,micro,micro_check,microcheck-complete-v21,microcheck-complete,pass,pass,pass,pass,true,scripts/audits/audit-voice-v21-final-cue-schema.mjs,Completion cue is present.
micro_asset_backlog_complete,micro,micro_check,micro-chair-power-v21;micro-discard-v21;micro-mobility-left-v21;micro-mobility-right-v21;micro-relax-v21;micro-single-leg-left-v21;micro-single-leg-right-v21;microcheck-complete-v21;paused-v21;resuming-v21,microcheck-chair;micro-discard-v21;ex-hamstring-reach;ex-hamstring-reach;relax-arm;microcheck-balance;microcheck-balance;microcheck-complete;paused-v21;resuming-v21,pass,pass,pass,pass,true,scripts/audits/audit-voice-v21-final-cue-schema.mjs,Micro pending cues are in the backlog.
mpv2_current_runtime_cues_covered,mpv2,movement_checkup,checkup-balance-intro-v21;checkup-balance-single-leg-v21;checkup-chair-stand-intro-v21;checkup-chair-stand-setup-v21;checkup-complete-v21;checkup-hinge-setup-v21;checkup-shoulder-raise-left-v21;checkup-shoulder-raise-right-v21;checkup-shoulder-turn-left-v21;checkup-shoulder-turn-right-v21;final-position-set-v21;item-complete-v21;mpv2_balance_attempt_saved;mpv2_balance_attempt_start;mpv2_balance_complete;mpv2_balance_full_hold;mpv2_balance_ready_after_30;mpv2_balance_ready_after_60;mpv2_balance_rest;mpv2_balance_tracking_retry;mpv2_balance_use_best;mpv2_chair_official_ready;mpv2_chair_practice_start;mpv2_checkup_intro;mpv2_hinge_complete;mpv2_hinge_no_measurement;mpv2_shoulder_tracking_retry;retry-v21;times-up-v21;tracking-loss-v21;tracking-recovered-v21,checkup-balance-intro-v21;checkup-balance-single-leg-v21;checkup-chair-stand-intro-v21;checkup-chair-stand-setup-v21;checkup-complete-v21;checkup-hinge-setup-v21;checkup-shoulder-raise-left-v21;checkup-shoulder-raise-right-v21;checkup-shoulder-turn-left-v21;checkup-shoulder-turn-right-v21;final-position-set-v21;item-complete-v21;mpv2_balance_attempt_saved;mpv2_balance_attempt_start;mpv2_balance_complete;mpv2_balance_full_hold;mpv2_balance_ready_after_30;mpv2_balance_ready_after_60;mpv2_balance_rest;mpv2_balance_tracking_retry;mpv2_balance_use_best;mpv2_chair_official_ready;mpv2_chair_practice_start;mpv2_checkup_intro;mpv2_hinge_complete;mpv2_hinge_no_measurement;mpv2_shoulder_tracking_retry;retry-v21;times-up-v21;tracking-loss-v21;tracking-recovered-v21,pass,pass,pass,pass,true,scripts/audits/audit-voice-v21-final-cue-schema.mjs,MPV2 cue definitions are covered.
mpv2_exact_pairs_reused,mpv2,movement_checkup,checkup-balance-intro-v21;checkup-balance-single-leg-v21;checkup-chair-stand-intro-v21;checkup-chair-stand-setup-v21;checkup-complete-v21;checkup-hinge-setup-v21;checkup-shoulder-raise-left-v21;checkup-shoulder-raise-right-v21;checkup-shoulder-turn-left-v21;checkup-shoulder-turn-right-v21;final-position-set-v21;item-complete-v21;mpv2_balance_attempt_saved;mpv2_balance_attempt_start;mpv2_balance_complete;mpv2_balance_full_hold;mpv2_balance_ready_after_30;mpv2_balance_ready_after_60;mpv2_balance_rest;mpv2_balance_tracking_retry;mpv2_balance_use_best;mpv2_chair_official_ready;mpv2_chair_practice_start;mpv2_checkup_intro;mpv2_hinge_complete;mpv2_hinge_no_measurement;mpv2_shoulder_tracking_retry;retry-v21;times-up-v21;tracking-loss-v21;tracking-recovered-v21,checkup-balance-intro-v21;checkup-balance-single-leg-v21;checkup-chair-stand-intro-v21;checkup-chair-stand-setup-v21;checkup-complete-v21;checkup-hinge-setup-v21;checkup-shoulder-raise-left-v21;checkup-shoulder-raise-right-v21;checkup-shoulder-turn-left-v21;checkup-shoulder-turn-right-v21;final-position-set-v21;item-complete-v21;mpv2_balance_attempt_saved;mpv2_balance_attempt_start;mpv2_balance_complete;mpv2_balance_full_hold;mpv2_balance_ready_after_30;mpv2_balance_ready_after_60;mpv2_balance_rest;mpv2_balance_tracking_retry;mpv2_balance_use_best;mpv2_chair_official_ready;mpv2_chair_practice_start;mpv2_checkup_intro;mpv2_hinge_complete;mpv2_hinge_no_measurement;mpv2_shoulder_tracking_retry;retry-v21;times-up-v21;tracking-loss-v21;tracking-recovered-v21,pass,pass,pass,pass,true,scripts/audits/audit-voice-v21-final-cue-schema.mjs,MPV2 exact pairs are reused.
mpv2_legacy_operational_cues_classified,mpv2,movement_checkup,,,pass,pass,pass,pass,true,scripts/audits/audit-voice-v21-final-cue-schema.mjs,Legacy MPV2 operational cues are classified in the physical map.
mpv2_tug_conditional_legacy,mpv2,movement_checkup,tug-intro;tug-setup,,pass,pass,pass,pass,true,scripts/audits/audit-voice-v21-final-cue-schema.mjs,TUG remains legacy/conditional outside default MPV2 V2.1.
mpv2_listening_status_waived_not_approved,mpv2,movement_checkup,,,pass,pass,pass,pass,true,scripts/audits/audit-voice-v21-final-cue-schema.mjs,"Human listening remains waived, not approved."
balance_v2_stage_cues_covered,balance,balance_v2,checkup-balance-complete-v21;checkup-balance-feet-together-v21;checkup-balance-intro-v21;checkup-balance-next-stance-v21;checkup-balance-semi-tandem-left-v21;checkup-balance-semi-tandem-right-v21;checkup-balance-single-leg-left-v21;checkup-balance-single-leg-right-v21;checkup-balance-support-touch-v21;checkup-balance-tandem-left-v21;checkup-balance-tandem-right-v21;close-your-eyes;countdown-one;countdown-three;countdown-two;final-position-set-v21;go;open-your-eyes;retry-v21;times-up-v21;tracking-loss-v21;tracking-recovered-v21,mpv2_balance_complete;balance-feet-together;checkup-balance-intro-v21;item-complete-v21;balance-semi-tandem;balance-semi-tandem;checkup-balance-single-leg-v21;checkup-balance-single-leg-v21;checkup-balance-support-touch-v21;balance-tandem;balance-tandem;close-your-eyes;countdown-one;countdown-three;countdown-two;final-position-set-v21;go;open-your-eyes;retry-v21;times-up-v21;tracking-loss-v21;tracking-recovered-v21,pass,pass,pass,pass,true,scripts/audits/audit-voice-v21-final-cue-schema.mjs,Balance V2 stage cues are covered from its audit CSV.
balance_v2_eyes_closed_absent_default,balance,balance_v2,close-your-eyes;open-your-eyes,close-your-eyes;open-your-eyes,pass,pass,pass,pass,true,scripts/audits/audit-voice-v21-final-cue-schema.mjs,Eyes-closed cues are not default Balance V2.
balance_v2_pending_assets_listed,balance,balance_v2,checkup-balance-feet-together-v21;checkup-balance-next-stance-v21;checkup-balance-semi-tandem-left-v21;checkup-balance-semi-tandem-right-v21;checkup-balance-single-leg-left-v21;checkup-balance-single-leg-right-v21;checkup-balance-support-touch-v21;checkup-balance-tandem-left-v21;checkup-balance-tandem-right-v21,balance-feet-together;item-complete-v21;balance-semi-tandem;balance-semi-tandem;checkup-balance-single-leg-v21;checkup-balance-single-leg-v21;checkup-balance-support-touch-v21;balance-tandem;balance-tandem,pass,pass,pass,pass,true,scripts/audits/audit-voice-v21-final-cue-schema.mjs,Pending Balance V2 cue pairs are listed.
balance_v2_old_protocol_preserved,balance,balance_v2,,,pass,pass,pass,pass,true,scripts/audits/audit-voice-v21-final-cue-schema.mjs,Old protocol assets are preserved.
balance_v2_default_closed_audio_pending,balance,balance_v2,,,pass,pass,pass,pass,true,scripts/audits/audit-voice-v21-final-cue-schema.mjs,Balance V2 remains closed/audio pending.
training_behavior_true_audio_false,readiness,training,,,pass,pass,pass,pass,true,scripts/audits/audit-voice-v21-final-cue-schema.mjs,"Training behavior ready true, audio false."
micro_behavior_true_audio_false,readiness,micro_check,,,pass,pass,pass,pass,true,scripts/audits/audit-voice-v21-final-cue-schema.mjs,"Micro behavior ready true, audio false."
feature_defaults_off,readiness,shared,,,pass,pass,pass,pass,true,scripts/audits/audit-voice-v21-final-cue-schema.mjs,No feature gate is enabled.
selectable_counts_zero,readiness,shared,,,pass,pass,pass,pass,true,scripts/audits/audit-voice-v21-final-cue-schema.mjs,Selectable counts remain zero.
final_generation_next_task,readiness,shared,,,pass,pass,pass,pass,true,scripts/audits/audit-voice-v21-final-cue-schema.mjs,Next task is consolidated generation.
timing_current_duration_measurement,timing,shared,,,pass,pass,pass,pass,true,scripts/audits/audit-voice-v21-final-cue-schema.mjs,Timelines use current MP3 measurements.
timing_pending_estimates_labelled,timing,shared,,,pass,pass,pass,pass,true,scripts/audits/audit-voice-v21-final-cue-schema.mjs,Pending cues are labelled as estimates.
timing_training_sequences,timing,training,,,pass,pass,pass,pass,true,scripts/audits/audit-voice-v21-final-cue-schema.mjs,Training timelines are present.
timing_micro_sequences,timing,micro_check,,,pass,pass,pass,pass,true,scripts/audits/audit-voice-v21-final-cue-schema.mjs,Micro timelines are present.
timing_mpv2_sequences,timing,movement_checkup,,,pass,pass,pass,pass,true,scripts/audits/audit-voice-v21-final-cue-schema.mjs,MPV2 timelines are present.
timing_balance_v2_sequences,timing,balance_v2,,,pass,pass,pass,pass,true,scripts/audits/audit-voice-v21-final-cue-schema.mjs,Balance V2 timelines are present.
timing_hard_max_failures_recorded,timing,shared,,,pass,pass,pass,pass,true,scripts/audits/audit-voice-v21-final-cue-schema.mjs,Hard max failures are recorded and zero.
