logicalCueKey,exactScript,category,policyId,exerciseIds,usageRole,sideVariant,currentCandidateKey,currentCandidateScript,claraExists,marcusExists,semanticMatch,reuseDecision,generationRequiredLater,requiredForVoiceFirst,budgetClass,implementationBlockers,notes
countdown-one,One.,control,critical_window,session,shared,,countdown-one,One.,true,true,true,reuse_exact_existing_pair,false,true,control_confirmation,,Exact Clara/Marcus pair exists in the current physical manifest.
countdown-three,Three.,control,critical_window,session,shared,,countdown-three,Three.,true,true,true,reuse_exact_existing_pair,false,true,control_confirmation,,Exact Clara/Marcus pair exists in the current physical manifest.
countdown-two,Two.,control,critical_window,session,shared,,countdown-two,Two.,true,true,true,reuse_exact_existing_pair,false,true,control_confirmation,,Exact Clara/Marcus pair exists in the current physical manifest.
equip-balance-support-v21,Keep support within easy reach.,equipment_first_use,instruction,session,shared,,balance_support_within_reach,"Keep a counter, wall, or sturdy chair within reach for balance work.",true,true,false,existing_pair_script_mismatch,true,true,ordinary_first_use_pre_countdown,,"A physical candidate exists, but V2.1 requires a separate exact logical cue."
equip-chair-stable-v21,Use a sturdy chair that will not slide.,equipment_first_use,instruction,session,shared,,chair_use_sturdy_chair,Use a sturdy chair that will not slide or tip.,true,true,false,existing_pair_script_mismatch,true,true,ordinary_first_use_pre_countdown,,"A physical candidate exists, but V2.1 requires a separate exact logical cue."
equip-door-anchor-v21,Use a secure closed door anchor and test light tension first.,equipment_first_use,instruction,session,shared,,door_anchor_fully_closed+door_anchor_test_light_tension,"Use a fully closed, secure door before adding tension. Test the anchor with light tension before the set starts.",true,true,false,existing_pair_script_mismatch,true,true,ordinary_first_use_pre_countdown,,"A physical candidate exists, but V2.1 requires a separate exact logical cue."
equip-floor-transition-v21,Move down to the floor and settle into the start position.,equipment_first_use,instruction,glute-bridge-hold;glute-bridge-reps;push-up-standard;session,equipment_first_use;shared,,floor_slow_transition,Move slowly when changing between standing and the floor.,true,true,false,existing_pair_script_mismatch,true,true,ordinary_first_use_pre_countdown,IR-VOICE-FINAL-POSITION-READINESS;IR-VOICE-FLOOR-GATE;IR-VOICE-SAFETY-SUBSUMPTION,"A physical candidate exists, but V2.1 requires a separate exact logical cue."
equip-long-band-v21,Check the band first and keep it away from your face.,equipment_first_use,instruction,band-pull-apart;session,equipment_first_use;shared,,band_inspect_before_use+band_face_and_eyes_clear,"Inspect the band first, and do not use it if it is worn, cracked, or damaged. Keep the band path away from your face and eyes.",true,true,false,existing_pair_script_mismatch,true,true,ordinary_first_use_pre_countdown,IR-VOICE-SAFETY-SUBSUMPTION,"A physical candidate exists, but V2.1 requires a separate exact logical cue."
equip-step-stable-v21,"Use the lowest stable step, with support nearby.",equipment_first_use,instruction,session,shared,,step_use_low_stable_step+step_fixed_support_nearby,"Use only the lowest stable bottom stair or step. Keep fixed support, such as a rail, wall, or counter, within reach.",true,true,false,existing_pair_script_mismatch,true,true,ordinary_first_use_pre_countdown,,"A physical candidate exists, but V2.1 requires a separate exact logical cue."
equip-support-close-v21,Keep sturdy support within easy reach.,equipment_first_use,instruction,session,shared,,support_keep_support_within_reach,Keep support within easy reach throughout the set.,true,true,false,existing_pair_script_mismatch,true,true,ordinary_first_use_pre_countdown,,"A physical candidate exists, but V2.1 requires a separate exact logical cue."
ex-balance-feet-together-hold-first-v21,"Feet-together hold. Stand with feet together, fingertips near support, eyes open.",exercise_first_use,instruction,balance-feet-together-hold,first_use,,,,false,false,false,new_pair_required,true,true,ordinary_first_use_pre_countdown,IR-VOICE-SAFETY-SUBSUMPTION,No current physical pair exists for this logical Training Voice V2.1 cue.
ex-balance-feet-together-hold-next-v21,Feet-together hold.,exercise_later_set,instruction,balance-feet-together-hold,later_set,,,,false,false,false,new_pair_required,true,true,later_set_reminder,IR-VOICE-SAFETY-SUBSUMPTION,No current physical pair exists for this logical Training Voice V2.1 cue.
ex-balance-single-leg-hold-first-v21,Single-leg hold. Keep support close.,exercise_first_use,instruction,balance-single-leg-hold,first_use,,,,false,false,false,new_pair_required,true,true,ordinary_first_use_pre_countdown,IR-VOICE-DOSE-CONVERSION;IR-VOICE-ROUND-STATE;IR-VOICE-SAFETY-SUBSUMPTION,No current physical pair exists for this logical Training Voice V2.1 cue.
ex-balance-single-leg-hold-next-v21,Single-leg hold.,exercise_later_set,instruction,balance-single-leg-hold,later_set,,,,false,false,false,new_pair_required,true,true,later_set_reminder,IR-VOICE-DOSE-CONVERSION;IR-VOICE-ROUND-STATE;IR-VOICE-SAFETY-SUBSUMPTION,No current physical pair exists for this logical Training Voice V2.1 cue.
ex-balance-tandem-hold-first-v21,Tandem hold. Keep support close.,exercise_first_use,instruction,balance-tandem-hold,first_use,,,,false,false,false,new_pair_required,true,true,ordinary_first_use_pre_countdown,IR-VOICE-DOSE-CONVERSION;IR-VOICE-ROUND-STATE;IR-VOICE-SAFETY-SUBSUMPTION,No current physical pair exists for this logical Training Voice V2.1 cue.
ex-balance-tandem-hold-next-v21,Tandem hold.,exercise_later_set,instruction,balance-tandem-hold,later_set,,,,false,false,false,new_pair_required,true,true,later_set_reminder,IR-VOICE-DOSE-CONVERSION;IR-VOICE-ROUND-STATE;IR-VOICE-SAFETY-SUBSUMPTION,No current physical pair exists for this logical Training Voice V2.1 cue.
ex-band-pull-apart-first-v21,"Band pull-apart. Hold a light band at chest height. Pull your hands wide, then return slowly.",exercise_first_use,instruction,band-pull-apart,first_use,,,,false,false,false,new_pair_required,true,true,ordinary_first_use_pre_countdown,IR-VOICE-SAFETY-SUBSUMPTION,No current physical pair exists for this logical Training Voice V2.1 cue.
ex-band-pull-apart-next-v21,Band pull-apart.,exercise_later_set,instruction,band-pull-apart,later_set,,,,false,false,false,new_pair_required,true,true,later_set_reminder,IR-VOICE-SAFETY-SUBSUMPTION,No current physical pair exists for this logical Training Voice V2.1 cue.
ex-chair-supported-split-squat-first-v21,Supported split squat. Keep fingertips near support.,exercise_first_use,instruction,chair-supported-split-squat,first_use,,,,false,false,false,new_pair_required,true,true,ordinary_first_use_pre_countdown,IR-VOICE-DOSE-CONVERSION;IR-VOICE-ROUND-STATE;IR-VOICE-SAFETY-SUBSUMPTION,No current physical pair exists for this logical Training Voice V2.1 cue.
ex-chair-supported-split-squat-next-v21,Supported split squat.,exercise_later_set,instruction,chair-supported-split-squat,later_set,,,,false,false,false,new_pair_required,true,true,later_set_reminder,IR-VOICE-DOSE-CONVERSION;IR-VOICE-ROUND-STATE;IR-VOICE-SAFETY-SUBSUMPTION,No current physical pair exists for this logical Training Voice V2.1 cue.
ex-glute-bridge-hold-first-v21,"Bridge hold. Lie on your back, knees bent, feet flat. Lift your hips and hold.",exercise_first_use,instruction,glute-bridge-hold,first_use,,,,false,false,false,new_pair_required,true,true,ordinary_first_use_pre_countdown,IR-VOICE-FINAL-POSITION-READINESS;IR-VOICE-FLOOR-GATE;IR-VOICE-SAFETY-SUBSUMPTION,No current physical pair exists for this logical Training Voice V2.1 cue.
ex-glute-bridge-hold-next-v21,Bridge hold.,exercise_later_set,instruction,glute-bridge-hold,later_set,,,,false,false,false,new_pair_required,true,true,later_set_reminder,IR-VOICE-FINAL-POSITION-READINESS;IR-VOICE-FLOOR-GATE;IR-VOICE-SAFETY-SUBSUMPTION,No current physical pair exists for this logical Training Voice V2.1 cue.
ex-glute-bridge-reps-first-v21,"Glute bridge. Lie on your back, knees bent, feet flat. Lift your hips, then lower with control.",exercise_first_use,instruction,glute-bridge-reps,first_use,,,,false,false,false,new_pair_required,true,true,ordinary_first_use_pre_countdown,IR-VOICE-FINAL-POSITION-READINESS;IR-VOICE-FLOOR-GATE;IR-VOICE-SAFETY-SUBSUMPTION,No current physical pair exists for this logical Training Voice V2.1 cue.
ex-glute-bridge-reps-next-v21,Glute bridge.,exercise_later_set,instruction,glute-bridge-reps,later_set,,,,false,false,false,new_pair_required,true,true,later_set_reminder,IR-VOICE-FINAL-POSITION-READINESS;IR-VOICE-FLOOR-GATE;IR-VOICE-SAFETY-SUBSUMPTION,No current physical pair exists for this logical Training Voice V2.1 cue.
ex-heel-raise-free-first-v21,"Heel raise. Stand tall. Rise onto the balls of your feet, then lower slowly.",exercise_first_use,instruction,heel-raise-free,first_use,,,,false,false,false,new_pair_required,true,true,ordinary_first_use_pre_countdown,,No current physical pair exists for this logical Training Voice V2.1 cue.
ex-heel-raise-free-next-v21,Heel raise.,exercise_later_set,instruction,heel-raise-free,later_set,,,,false,false,false,new_pair_required,true,true,later_set_reminder,,No current physical pair exists for this logical Training Voice V2.1 cue.
ex-heel-raise-supported-first-v21,"Supported heel raise. Fingertips near support. Rise onto the balls of your feet, then lower slowly.",exercise_first_use,instruction,heel-raise-supported,first_use,,,,false,false,false,new_pair_required,true,true,ordinary_first_use_pre_countdown,IR-VOICE-SAFETY-SUBSUMPTION,No current physical pair exists for this logical Training Voice V2.1 cue.
ex-heel-raise-supported-next-v21,Supported heel raise.,exercise_later_set,instruction,heel-raise-supported,later_set,,,,false,false,false,new_pair_required,true,true,later_set_reminder,IR-VOICE-SAFETY-SUBSUMPTION,No current physical pair exists for this logical Training Voice V2.1 cue.
ex-hip-hinge-free-first-v21,"Hip hinge. Feet under hips. Send hips back with a long spine, then stand tall.",exercise_first_use,instruction,hip-hinge-free,first_use,,,,false,false,false,new_pair_required,true,true,ordinary_first_use_pre_countdown,,No current physical pair exists for this logical Training Voice V2.1 cue.
ex-hip-hinge-free-next-v21,Hip hinge.,exercise_later_set,instruction,hip-hinge-free,later_set,,,,false,false,false,new_pair_required,true,true,later_set_reminder,,No current physical pair exists for this logical Training Voice V2.1 cue.
ex-hip-hinge-wall-first-v21,"Wall-tap hinge. Stand a step from the wall. Send hips back to tap the wall, then stand tall.",exercise_first_use,instruction,hip-hinge-wall,first_use,,,,false,false,false,new_pair_required,true,true,ordinary_first_use_pre_countdown,IR-VOICE-SAFETY-SUBSUMPTION,No current physical pair exists for this logical Training Voice V2.1 cue.
ex-hip-hinge-wall-next-v21,Wall-tap hinge.,exercise_later_set,instruction,hip-hinge-wall,later_set,,,,false,false,false,new_pair_required,true,true,later_set_reminder,IR-VOICE-SAFETY-SUBSUMPTION,No current physical pair exists for this logical Training Voice V2.1 cue.
ex-loaded-march-first-v21,March in place. Stand tall near support and march with a steady rhythm.,exercise_first_use,instruction,loaded-march,first_use,,,,false,false,false,new_pair_required,true,true,ordinary_first_use_pre_countdown,IR-VOICE-SAFETY-SUBSUMPTION,No current physical pair exists for this logical Training Voice V2.1 cue.
ex-loaded-march-next-v21,March in place.,exercise_later_set,instruction,loaded-march,later_set,,,,false,false,false,new_pair_required,true,true,later_set_reminder,IR-VOICE-SAFETY-SUBSUMPTION,No current physical pair exists for this logical Training Voice V2.1 cue.
ex-loaded-sit-to-stand-first-v21,"Loaded sit-to-stand. Hold the load close to your chest. Stand fully, then sit with control.",exercise_first_use,instruction,loaded-sit-to-stand,first_use,,,,false,false,false,new_pair_required,true,true,ordinary_first_use_pre_countdown,IR-VOICE-SAFETY-SUBSUMPTION,No current physical pair exists for this logical Training Voice V2.1 cue.
ex-loaded-sit-to-stand-next-v21,Loaded sit-to-stand.,exercise_later_set,instruction,loaded-sit-to-stand,later_set,,,,false,false,false,new_pair_required,true,true,later_set_reminder,IR-VOICE-SAFETY-SUBSUMPTION,No current physical pair exists for this logical Training Voice V2.1 cue.
ex-mini-band-lateral-walk-first-v21,Mini-band lateral walk. Band above your knees. Take small controlled steps both directions.,exercise_first_use,instruction,mini-band-lateral-walk,first_use,,,,false,false,false,new_pair_required,true,true,ordinary_first_use_pre_countdown,IR-VOICE-SAFETY-SUBSUMPTION,No current physical pair exists for this logical Training Voice V2.1 cue.
ex-mini-band-lateral-walk-next-v21,Mini-band lateral walk.,exercise_later_set,instruction,mini-band-lateral-walk,later_set,,,,false,false,false,new_pair_required,true,true,later_set_reminder,IR-VOICE-SAFETY-SUBSUMPTION,No current physical pair exists for this logical Training Voice V2.1 cue.
ex-neck-rotation-first-v21,"Neck rotations. Face the phone, sit or stand tall, and slowly look over one shoulder, then the other.",exercise_first_use,instruction,neck-rotation,first_use,,,,false,false,false,new_pair_required,true,true,ordinary_first_use_pre_countdown,,No current physical pair exists for this logical Training Voice V2.1 cue.
ex-neck-rotation-next-v21,Neck rotations.,exercise_later_set,instruction,neck-rotation,later_set,,,,false,false,false,new_pair_required,true,true,later_set_reminder,,No current physical pair exists for this logical Training Voice V2.1 cue.
ex-overhead-press-band-first-v21,"Band overhead press. Stand tall with light band tension. Press overhead, then return slowly.",exercise_first_use,instruction,overhead-press-band,first_use,,,,false,false,false,new_pair_required,true,true,ordinary_first_use_pre_countdown,IR-VOICE-SAFETY-SUBSUMPTION,No current physical pair exists for this logical Training Voice V2.1 cue.
ex-overhead-press-band-next-v21,Band overhead press.,exercise_later_set,instruction,overhead-press-band,later_set,,,,false,false,false,new_pair_required,true,true,later_set_reminder,IR-VOICE-SAFETY-SUBSUMPTION,No current physical pair exists for this logical Training Voice V2.1 cue.
ex-overhead-reach-first-v21,"Overhead reach. Stand tall. Reach both arms overhead as far as comfortable, then lower.",exercise_first_use,instruction,overhead-reach,first_use,,,,false,false,false,new_pair_required,true,true,ordinary_first_use_pre_countdown,,No current physical pair exists for this logical Training Voice V2.1 cue.
ex-overhead-reach-next-v21,Overhead reach.,exercise_later_set,instruction,overhead-reach,later_set,,,,false,false,false,new_pair_required,true,true,later_set_reminder,,No current physical pair exists for this logical Training Voice V2.1 cue.
ex-push-up-incline-first-v21,"Incline push-up. Hands on a stable counter or sturdy chair. Lower in with control, then press away.",exercise_first_use,instruction,push-up-incline,first_use,,,,false,false,false,new_pair_required,true,true,ordinary_first_use_pre_countdown,IR-VOICE-SAFETY-SUBSUMPTION,No current physical pair exists for this logical Training Voice V2.1 cue.
ex-push-up-incline-next-v21,Incline push-up.,exercise_later_set,instruction,push-up-incline,later_set,,,,false,false,false,new_pair_required,true,true,later_set_reminder,IR-VOICE-SAFETY-SUBSUMPTION,No current physical pair exists for this logical Training Voice V2.1 cue.
ex-push-up-standard-first-v21,"Push-up. Start from the floor position. Lower with control, then press up.",exercise_first_use,instruction,push-up-standard,first_use,,,,false,false,false,new_pair_required,true,true,ordinary_first_use_pre_countdown,IR-VOICE-FINAL-POSITION-READINESS;IR-VOICE-FLOOR-GATE;IR-VOICE-SAFETY-SUBSUMPTION,No current physical pair exists for this logical Training Voice V2.1 cue.
ex-push-up-standard-next-v21,Push-up.,exercise_later_set,instruction,push-up-standard,later_set,,,,false,false,false,new_pair_required,true,true,later_set_reminder,IR-VOICE-FINAL-POSITION-READINESS;IR-VOICE-FLOOR-GATE;IR-VOICE-SAFETY-SUBSUMPTION,No current physical pair exists for this logical Training Voice V2.1 cue.
ex-push-up-wall-first-v21,"Wall push-up. Hands on the wall. Lower in with control, then press away.",exercise_first_use,instruction,push-up-wall,first_use,,,,false,false,false,new_pair_required,true,true,ordinary_first_use_pre_countdown,IR-VOICE-SAFETY-SUBSUMPTION,No current physical pair exists for this logical Training Voice V2.1 cue.
ex-push-up-wall-next-v21,Wall push-up.,exercise_later_set,instruction,push-up-wall,later_set,,,,false,false,false,new_pair_required,true,true,later_set_reminder,IR-VOICE-SAFETY-SUBSUMPTION,No current physical pair exists for this logical Training Voice V2.1 cue.
ex-seated-band-row-first-v21,"Seated band row. Sit tall with the band anchored under both feet. Pull elbows back, then return slowly.",exercise_first_use,instruction,seated-band-row,first_use,,,,false,false,false,new_pair_required,true,true,ordinary_first_use_pre_countdown,IR-VOICE-SAFETY-SUBSUMPTION,No current physical pair exists for this logical Training Voice V2.1 cue.
ex-seated-band-row-next-v21,Seated band row.,exercise_later_set,instruction,seated-band-row,later_set,,,,false,false,false,new_pair_required,true,true,later_set_reminder,IR-VOICE-SAFETY-SUBSUMPTION,No current physical pair exists for this logical Training Voice V2.1 cue.
ex-seated-hamstring-reach-first-v21,Seated hamstring reach. Sit tall at the chair edge.,exercise_first_use,instruction,seated-hamstring-reach,first_use,,,,false,false,false,new_pair_required,true,true,ordinary_first_use_pre_countdown,IR-VOICE-DOSE-CONVERSION;IR-VOICE-ROUND-STATE;IR-VOICE-SAFETY-SUBSUMPTION,No current physical pair exists for this logical Training Voice V2.1 cue.
ex-seated-hamstring-reach-next-v21,Seated hamstring reach.,exercise_later_set,instruction,seated-hamstring-reach,later_set,,,,false,false,false,new_pair_required,true,true,later_set_reminder,IR-VOICE-DOSE-CONVERSION;IR-VOICE-ROUND-STATE;IR-VOICE-SAFETY-SUBSUMPTION,No current physical pair exists for this logical Training Voice V2.1 cue.
ex-squat-free-first-v21,"Squat. Feet about hip width. Lower as if to sit, then stand with control.",exercise_first_use,instruction,squat-free,first_use,,,,false,false,false,new_pair_required,true,true,ordinary_first_use_pre_countdown,,No current physical pair exists for this logical Training Voice V2.1 cue.
ex-squat-free-next-v21,Squat.,exercise_later_set,instruction,squat-free,later_set,,,,false,false,false,new_pair_required,true,true,later_set_reminder,,No current physical pair exists for this logical Training Voice V2.1 cue.
ex-squat-loaded-first-v21,"Loaded squat. Hold the load close to your chest. Lower into a squat, then stand with control.",exercise_first_use,instruction,squat-loaded,first_use,,,,false,false,false,new_pair_required,true,true,ordinary_first_use_pre_countdown,,No current physical pair exists for this logical Training Voice V2.1 cue.
ex-squat-loaded-next-v21,Loaded squat.,exercise_later_set,instruction,squat-loaded,later_set,,,,false,false,false,new_pair_required,true,true,later_set_reminder,,No current physical pair exists for this logical Training Voice V2.1 cue.
ex-squat-slow-eccentric-first-v21,"Slow-lower squat. Lower slowly, then stand with control.",exercise_first_use,instruction,squat-slow-eccentric,first_use,,,,false,false,false,new_pair_required,true,true,ordinary_first_use_pre_countdown,,No current physical pair exists for this logical Training Voice V2.1 cue.
ex-squat-slow-eccentric-next-v21,Slow-lower squat.,exercise_later_set,instruction,squat-slow-eccentric,later_set,,,,false,false,false,new_pair_required,true,true,later_set_reminder,,No current physical pair exists for this logical Training Voice V2.1 cue.
ex-squat-supported-first-v21,"Supported squat. Stand near sturdy support. Lower as if to sit, then stand with control.",exercise_first_use,instruction,squat-supported,first_use,,,,false,false,false,new_pair_required,true,true,ordinary_first_use_pre_countdown,IR-VOICE-SAFETY-SUBSUMPTION,No current physical pair exists for this logical Training Voice V2.1 cue.
ex-squat-supported-next-v21,Supported squat.,exercise_later_set,instruction,squat-supported,later_set,,,,false,false,false,new_pair_required,true,true,later_set_reminder,IR-VOICE-SAFETY-SUBSUMPTION,No current physical pair exists for this logical Training Voice V2.1 cue.
ex-standing-band-row-first-v21,"Standing band row. Face the secure door anchor in a stable stance. Pull elbows back, then return slowly.",exercise_first_use,instruction,standing-band-row,first_use,,,,false,false,false,new_pair_required,true,true,ordinary_first_use_pre_countdown,IR-VOICE-SAFETY-SUBSUMPTION,No current physical pair exists for this logical Training Voice V2.1 cue.
ex-standing-band-row-next-v21,Standing band row.,exercise_later_set,instruction,standing-band-row,later_set,,,,false,false,false,new_pair_required,true,true,later_set_reminder,IR-VOICE-SAFETY-SUBSUMPTION,No current physical pair exists for this logical Training Voice V2.1 cue.
ex-step-up-first-v21,"Step-up. Use the lowest stable step with support nearby. Alternate the leading leg each rep, returning both feet to the floor.",exercise_first_use,instruction,step-up,first_use,,,,false,false,false,new_pair_required,true,true,ordinary_first_use_pre_countdown,IR-VOICE-SAFETY-SUBSUMPTION;IR-VOICE-STEP-ALTERNATION,No current physical pair exists for this logical Training Voice V2.1 cue.
ex-step-up-next-v21,Step-up. Alternate the leading leg each rep.,exercise_later_set,instruction,step-up,later_set,,,,false,false,false,new_pair_required,true,true,later_set_reminder,IR-VOICE-SAFETY-SUBSUMPTION;IR-VOICE-STEP-ALTERNATION,No current physical pair exists for this logical Training Voice V2.1 cue.
ex-sts-cushion-first-v21,"Cushion sit-to-stand. Sit tall on the cushion, feet flat. Stand fully, then sit with control.",exercise_first_use,instruction,sts-cushion,first_use,,,,false,false,false,new_pair_required,true,true,ordinary_first_use_pre_countdown,IR-VOICE-SAFETY-SUBSUMPTION,No current physical pair exists for this logical Training Voice V2.1 cue.
ex-sts-cushion-next-v21,Cushion sit-to-stand.,exercise_later_set,instruction,sts-cushion,later_set,,,,false,false,false,new_pair_required,true,true,later_set_reminder,IR-VOICE-SAFETY-SUBSUMPTION,No current physical pair exists for this logical Training Voice V2.1 cue.
ex-sts-power-first-v21,"Power sit-to-stand. Sit tall, drive up briskly to standing, then sit with control.",exercise_first_use,instruction,sts-power,first_use,,,,false,false,false,new_pair_required,true,true,ordinary_first_use_pre_countdown,IR-VOICE-SAFETY-SUBSUMPTION,No current physical pair exists for this logical Training Voice V2.1 cue.
ex-sts-power-next-v21,Power sit-to-stand.,exercise_later_set,instruction,sts-power,later_set,,,,false,false,false,new_pair_required,true,true,later_set_reminder,IR-VOICE-SAFETY-SUBSUMPTION,No current physical pair exists for this logical Training Voice V2.1 cue.
ex-sts-slow-eccentric-first-v21,"Slow-lower sit-to-stand. Stand fully, then lower slowly and steadily before the next rep.",exercise_first_use,instruction,sts-slow-eccentric,first_use,,,,false,false,false,new_pair_required,true,true,ordinary_first_use_pre_countdown,IR-VOICE-SAFETY-SUBSUMPTION,No current physical pair exists for this logical Training Voice V2.1 cue.
ex-sts-slow-eccentric-next-v21,Slow-lower sit-to-stand.,exercise_later_set,instruction,sts-slow-eccentric,later_set,,,,false,false,false,new_pair_required,true,true,later_set_reminder,IR-VOICE-SAFETY-SUBSUMPTION,No current physical pair exists for this logical Training Voice V2.1 cue.
ex-sts-standard-first-v21,"Sit-to-stand. Sit tall in the middle of the chair, feet flat. Stand fully, then sit with control.",exercise_first_use,instruction,sts-standard,first_use,,,,false,false,false,new_pair_required,true,true,ordinary_first_use_pre_countdown,IR-VOICE-SAFETY-SUBSUMPTION,No current physical pair exists for this logical Training Voice V2.1 cue.
ex-sts-standard-next-v21,Sit-to-stand.,exercise_later_set,instruction,sts-standard,later_set,,,,false,false,false,new_pair_required,true,true,later_set_reminder,IR-VOICE-SAFETY-SUBSUMPTION,No current physical pair exists for this logical Training Voice V2.1 cue.
ex-supported-hip-flexor-stretch-first-v21,Supported hip-flexor stretch. Keep fingertips near support.,exercise_first_use,instruction,supported-hip-flexor-stretch,first_use,,,,false,false,false,new_pair_required,true,true,ordinary_first_use_pre_countdown,IR-VOICE-DOSE-CONVERSION;IR-VOICE-ROUND-STATE;IR-VOICE-SAFETY-SUBSUMPTION,No current physical pair exists for this logical Training Voice V2.1 cue.
ex-supported-hip-flexor-stretch-next-v21,Supported hip-flexor stretch.,exercise_later_set,instruction,supported-hip-flexor-stretch,later_set,,,,false,false,false,new_pair_required,true,true,later_set_reminder,IR-VOICE-DOSE-CONVERSION;IR-VOICE-ROUND-STATE;IR-VOICE-SAFETY-SUBSUMPTION,No current physical pair exists for this logical Training Voice V2.1 cue.
ex-supported-side-step-first-v21,"Supported side step. Stand near a counter. Step to the side, bring the other foot in, and continue with control.",exercise_first_use,instruction,supported-side-step,first_use,,,,false,false,false,new_pair_required,true,true,ordinary_first_use_pre_countdown,IR-VOICE-SAFETY-SUBSUMPTION,No current physical pair exists for this logical Training Voice V2.1 cue.
ex-supported-side-step-next-v21,Supported side step.,exercise_later_set,instruction,supported-side-step,later_set,,,,false,false,false,new_pair_required,true,true,later_set_reminder,IR-VOICE-SAFETY-SUBSUMPTION,No current physical pair exists for this logical Training Voice V2.1 cue.
ex-thoracic-rotation-first-v21,"Thoracic rotation. Sit or stand tall with arms crossed. Rotate one way, return to center, then rotate the other way.",exercise_first_use,instruction,thoracic-rotation,first_use,,,,false,false,false,new_pair_required,true,true,ordinary_first_use_pre_countdown,,No current physical pair exists for this logical Training Voice V2.1 cue.
ex-thoracic-rotation-next-v21,Thoracic rotation.,exercise_later_set,instruction,thoracic-rotation,later_set,,,,false,false,false,new_pair_required,true,true,later_set_reminder,,No current physical pair exists for this logical Training Voice V2.1 cue.
ex-toe-raise-supported-first-v21,"Supported toe raise. Keep heels down, lift the front of your feet, then lower slowly.",exercise_first_use,instruction,toe-raise-supported,first_use,,,,false,false,false,new_pair_required,true,true,ordinary_first_use_pre_countdown,IR-VOICE-SAFETY-SUBSUMPTION,No current physical pair exists for this logical Training Voice V2.1 cue.
ex-toe-raise-supported-next-v21,Supported toe raise.,exercise_later_set,instruction,toe-raise-supported,later_set,,,,false,false,false,new_pair_required,true,true,later_set_reminder,IR-VOICE-SAFETY-SUBSUMPTION,No current physical pair exists for this logical Training Voice V2.1 cue.
ex-wall-calf-stretch-first-v21,Wall calf stretch. Hands on the wall.,exercise_first_use,instruction,wall-calf-stretch,first_use,,,,false,false,false,new_pair_required,true,true,ordinary_first_use_pre_countdown,IR-VOICE-DOSE-CONVERSION;IR-VOICE-ROUND-STATE;IR-VOICE-SAFETY-SUBSUMPTION,No current physical pair exists for this logical Training Voice V2.1 cue.
ex-wall-calf-stretch-next-v21,Wall calf stretch.,exercise_later_set,instruction,wall-calf-stretch,later_set,,,,false,false,false,new_pair_required,true,true,later_set_reminder,IR-VOICE-DOSE-CONVERSION;IR-VOICE-ROUND-STATE;IR-VOICE-SAFETY-SUBSUMPTION,No current physical pair exists for this logical Training Voice V2.1 cue.
final-position-set-v21,You're set.,final_position,setup_recovery,balance-feet-together-hold;balance-single-leg-hold;balance-tandem-hold;band-pull-apart;chair-supported-split-squat;glute-bridge-hold;glute-bridge-reps;heel-raise-free;heel-raise-supported;hip-hinge-free;hip-hinge-wall;loaded-march;loaded-sit-to-stand;mini-band-lateral-walk;neck-rotation;overhead-press-band;overhead-reach;push-up-incline;push-up-standard;push-up-wall;seated-band-row;seated-hamstring-reach;session;squat-free;squat-loaded;squat-slow-eccentric;squat-supported;standing-band-row;step-up;sts-cushion;sts-power;sts-slow-eccentric;sts-standard;supported-hip-flexor-stretch;supported-side-step;thoracic-rotation;toe-raise-supported;wall-calf-stretch,final_position;shared,,final-position-set-v21,You're set.,true,true,true,reuse_exact_existing_pair,false,true,shared,IR-VOICE-DOSE-CONVERSION;IR-VOICE-FINAL-POSITION-READINESS;IR-VOICE-FLOOR-GATE;IR-VOICE-ROUND-STATE;IR-VOICE-SAFETY-SUBSUMPTION;IR-VOICE-STEP-ALTERNATION,Exact Clara/Marcus pair exists in the current physical manifest.
five-seconds-left-v21,Five seconds left.,progress,low_reassurance,balance-feet-together-hold;balance-single-leg-hold;balance-tandem-hold;band-pull-apart;glute-bridge-hold;mini-band-lateral-walk;session;supported-hip-flexor-stretch;supported-side-step;thoracic-rotation;toe-raise-supported;wall-calf-stretch,progress;shared,,,,false,false,false,new_pair_required,true,false,active_progress,IR-VOICE-DOSE-CONVERSION;IR-VOICE-FINAL-POSITION-READINESS;IR-VOICE-FLOOR-GATE;IR-VOICE-ROUND-STATE;IR-VOICE-SAFETY-SUBSUMPTION,No current physical pair exists for this logical Training Voice V2.1 cue.
floor-gate-question-v21,Can you safely get down to the floor and back up without assistance?,equipment_first_use,instruction,session,shared,,,,false,false,false,new_pair_required,true,true,ordinary_first_use_pre_countdown,,No current physical pair exists for this logical Training Voice V2.1 cue.
go,Go!,control,critical_window,session,shared,,go,Go!,true,true,true,reuse_exact_existing_pair,false,true,control_confirmation,,Exact Clara/Marcus pair exists in the current physical manifest.
halfway-v21,Halfway.,progress,low_reassurance,balance-feet-together-hold;balance-tandem-hold;band-pull-apart;glute-bridge-hold;mini-band-lateral-walk;session;supported-hip-flexor-stretch;supported-side-step;thoracic-rotation;toe-raise-supported;wall-calf-stretch,progress;shared,,,,false,false,false,new_pair_required,true,false,active_progress,IR-VOICE-DOSE-CONVERSION;IR-VOICE-FINAL-POSITION-READINESS;IR-VOICE-FLOOR-GATE;IR-VOICE-ROUND-STATE;IR-VOICE-SAFETY-SUBSUMPTION,No current physical pair exists for this logical Training Voice V2.1 cue.
item-complete-v21,Complete.,completion,result_transition,session,shared,,item-complete-v21,Complete.,true,true,true,reuse_exact_existing_pair,false,true,control_confirmation,,Exact Clara/Marcus pair exists in the current physical manifest.
last-set-v21,Last set.,rest_transition,result_transition,session,shared,,last-set,Rest up. This is your last set.,true,true,false,existing_pair_script_mismatch,true,true,control_confirmation,,"A physical candidate exists, but V2.1 requires a separate exact logical cue."
next-exercise-v21,Next exercise.,rest_transition,result_transition,session,shared,,next-up,Let's set up the next exercise.,true,true,false,existing_pair_script_mismatch,true,true,control_confirmation,,"A physical candidate exists, but V2.1 requires a separate exact logical cue."
paused-v21,Paused.,control,result_transition,session,shared,,,,false,false,false,new_pair_required,true,true,control_confirmation,,No current physical pair exists for this logical Training Voice V2.1 cue.
rest-now-v21,Rest now.,rest_transition,result_transition,session,shared,,rest-now,Nice work. Take a rest.,true,true,false,existing_pair_script_mismatch,true,true,control_confirmation,,"A physical candidate exists, but V2.1 requires a separate exact logical cue."
resuming-v21,Resuming.,control,result_transition,session,shared,,,,false,false,false,new_pair_required,true,true,control_confirmation,,No current physical pair exists for this logical Training Voice V2.1 cue.
retry-v21,Let's try that again.,recovery,result_transition,session,shared,,retry-v21,Let's try that again.,true,true,true,reuse_exact_existing_pair,false,true,tracking_loss_recovery_sequence,,Exact Clara/Marcus pair exists in the current physical manifest.
safe-session-start-v21,"Clear the space around you. Stop for sharp pain, dizziness, or feeling unwell.",universal_safety,instruction,session,shared,,,,false,false,false,new_pair_required,true,true,training_intro_universal_safety,,No current physical pair exists for this logical Training Voice V2.1 cue.
session-complete-v21,Session complete.,completion,result_transition,session,shared,,session-complete,That's your session - really well done. Have some water and enjoy your day.,true,true,false,existing_pair_script_mismatch,true,true,control_confirmation,,"A physical candidate exists, but V2.1 requires a separate exact logical cue."
set-complete-v21,Set complete.,completion,result_transition,session,shared,,set-done,Good set.,true,true,false,existing_pair_script_mismatch,true,true,control_confirmation,,"A physical candidate exists, but V2.1 requires a separate exact logical cue."
setup-back-v21,Move a little farther back.,recovery,setup_recovery,session,shared,,step-back,Take a small step back.,true,true,false,existing_pair_script_mismatch,true,true,tracking_loss_recovery_sequence,,"A physical candidate exists, but V2.1 requires a separate exact logical cue."
setup-center-v21,Move to the centre of the view.,recovery,setup_recovery,session,shared,,center-yourself,Move toward the middle of the picture.,true,true,false,existing_pair_script_mismatch,true,true,tracking_loss_recovery_sequence,,"A physical candidate exists, but V2.1 requires a separate exact logical cue."
setup-clearer-view-v21,I need a clearer view. Make sure your whole body is visible.,recovery,setup_recovery,session,shared,,,,false,false,false,new_pair_required,true,true,tracking_loss_recovery_sequence,,No current physical pair exists for this logical Training Voice V2.1 cue.
setup-closer-v21,Move a little closer.,recovery,setup_recovery,session,shared,,step-closer,Take a small step closer.,true,true,false,existing_pair_script_mismatch,true,true,tracking_loss_recovery_sequence,,"A physical candidate exists, but V2.1 requires a separate exact logical cue."
setup-enter-view-v21,Step into view so your whole body is visible.,recovery,setup_recovery,session,shared,,step-into-frame,"Step into view, about three big steps back from the phone.",true,true,false,existing_pair_script_mismatch,true,true,tracking_loss_recovery_sequence,,"A physical candidate exists, but V2.1 requires a separate exact logical cue."
setup-hold-still-v21,Hold still for a moment.,recovery,setup_recovery,session,shared,,hold-still,Great. Hold still for a moment.,true,true,false,existing_pair_script_mismatch,true,true,tracking_loss_recovery_sequence,,"A physical candidate exists, but V2.1 requires a separate exact logical cue."
setup-light-v21,Please turn on the main light.,recovery,setup_recovery,session,shared,,turn-on-light,It's a little dark in here. Please turn on the main light.,true,true,false,existing_pair_script_mismatch,true,true,tracking_loss_recovery_sequence,,"A physical candidate exists, but V2.1 requires a separate exact logical cue."
side-calf-left-back-v21,"Step your left leg back, heel down.",side_setup,instruction,wall-calf-stretch,side_setup,left_back,,,false,false,false,new_pair_required,true,true,shared,IR-VOICE-DOSE-CONVERSION;IR-VOICE-ROUND-STATE;IR-VOICE-SAFETY-SUBSUMPTION,No current physical pair exists for this logical Training Voice V2.1 cue.
side-calf-right-back-v21,"Step your right leg back, heel down.",side_setup,instruction,wall-calf-stretch,side_setup,right_back,,,false,false,false,new_pair_required,true,true,shared,IR-VOICE-DOSE-CONVERSION;IR-VOICE-ROUND-STATE;IR-VOICE-SAFETY-SUBSUMPTION,No current physical pair exists for this logical Training Voice V2.1 cue.
side-hamstring-left-extended-v21,"Extend your left leg, heel on the floor.",side_setup,instruction,seated-hamstring-reach,side_setup,left_extended,,,false,false,false,new_pair_required,true,true,shared,IR-VOICE-DOSE-CONVERSION;IR-VOICE-ROUND-STATE;IR-VOICE-SAFETY-SUBSUMPTION,No current physical pair exists for this logical Training Voice V2.1 cue.
side-hamstring-right-extended-v21,"Extend your right leg, heel on the floor.",side_setup,instruction,seated-hamstring-reach,side_setup,right_extended,,,false,false,false,new_pair_required,true,true,shared,IR-VOICE-DOSE-CONVERSION;IR-VOICE-ROUND-STATE;IR-VOICE-SAFETY-SUBSUMPTION,No current physical pair exists for this logical Training Voice V2.1 cue.
side-hip-flexor-left-forward-v21,Step your left foot forward and shift gently into the stretch.,side_setup,instruction,supported-hip-flexor-stretch,side_setup,left_forward,,,false,false,false,new_pair_required,true,true,shared,IR-VOICE-DOSE-CONVERSION;IR-VOICE-ROUND-STATE;IR-VOICE-SAFETY-SUBSUMPTION,No current physical pair exists for this logical Training Voice V2.1 cue.
side-hip-flexor-right-forward-v21,Step your right foot forward and shift gently into the stretch.,side_setup,instruction,supported-hip-flexor-stretch,side_setup,right_forward,,,false,false,false,new_pair_required,true,true,shared,IR-VOICE-DOSE-CONVERSION;IR-VOICE-ROUND-STATE;IR-VOICE-SAFETY-SUBSUMPTION,No current physical pair exists for this logical Training Voice V2.1 cue.
side-single-leg-left-v21,Start on your left leg. Lift your right foot slightly.,side_setup,instruction,balance-single-leg-hold,side_setup,left,,,false,false,false,new_pair_required,true,true,shared,IR-VOICE-DOSE-CONVERSION;IR-VOICE-ROUND-STATE;IR-VOICE-SAFETY-SUBSUMPTION,No current physical pair exists for this logical Training Voice V2.1 cue.
side-single-leg-right-v21,Start on your right leg. Lift your left foot slightly.,side_setup,instruction,balance-single-leg-hold,side_setup,right,,,false,false,false,new_pair_required,true,true,shared,IR-VOICE-DOSE-CONVERSION;IR-VOICE-ROUND-STATE;IR-VOICE-SAFETY-SUBSUMPTION,No current physical pair exists for this logical Training Voice V2.1 cue.
side-split-squat-left-forward-v21,"Left foot forward, small split stance.",side_setup,instruction,chair-supported-split-squat,side_setup,left_forward,,,false,false,false,new_pair_required,true,true,shared,IR-VOICE-DOSE-CONVERSION;IR-VOICE-ROUND-STATE;IR-VOICE-SAFETY-SUBSUMPTION,No current physical pair exists for this logical Training Voice V2.1 cue.
side-split-squat-right-forward-v21,"Right foot forward, small split stance.",side_setup,instruction,chair-supported-split-squat,side_setup,right_forward,,,false,false,false,new_pair_required,true,true,shared,IR-VOICE-DOSE-CONVERSION;IR-VOICE-ROUND-STATE;IR-VOICE-SAFETY-SUBSUMPTION,No current physical pair exists for this logical Training Voice V2.1 cue.
side-tandem-left-front-v21,"Place your left foot in front, heel to toe.",side_setup,instruction,balance-tandem-hold,side_setup,left_front,,,false,false,false,new_pair_required,true,true,shared,IR-VOICE-DOSE-CONVERSION;IR-VOICE-ROUND-STATE;IR-VOICE-SAFETY-SUBSUMPTION,No current physical pair exists for this logical Training Voice V2.1 cue.
side-tandem-right-front-v21,"Place your right foot in front, heel to toe.",side_setup,instruction,balance-tandem-hold,side_setup,right_front,,,false,false,false,new_pair_required,true,true,shared,IR-VOICE-DOSE-CONVERSION;IR-VOICE-ROUND-STATE;IR-VOICE-SAFETY-SUBSUMPTION,No current physical pair exists for this logical Training Voice V2.1 cue.
switch-foot-positions-v21,Switch foot positions.,side_switch,instruction,balance-tandem-hold;session,shared;side_switch,,,,false,false,false,new_pair_required,true,true,shared,IR-VOICE-DOSE-CONVERSION;IR-VOICE-ROUND-STATE;IR-VOICE-SAFETY-SUBSUMPTION,No current physical pair exists for this logical Training Voice V2.1 cue.
switch-legs-v21,Switch legs.,side_switch,instruction,balance-single-leg-hold;session,shared;side_switch,,,,false,false,false,new_pair_required,true,true,shared,IR-VOICE-DOSE-CONVERSION;IR-VOICE-ROUND-STATE;IR-VOICE-SAFETY-SUBSUMPTION,No current physical pair exists for this logical Training Voice V2.1 cue.
switch-sides-v21,Switch sides.,side_switch,instruction,chair-supported-split-squat;seated-hamstring-reach;session;supported-hip-flexor-stretch;wall-calf-stretch,shared;side_switch,,,,false,false,false,new_pair_required,true,true,shared,IR-VOICE-DOSE-CONVERSION;IR-VOICE-ROUND-STATE;IR-VOICE-SAFETY-SUBSUMPTION,No current physical pair exists for this logical Training Voice V2.1 cue.
target-balance-feet-together-hold-v21,Hold for twenty seconds.,target,instruction,balance-feet-together-hold,target,,,,false,false,false,new_pair_required,true,true,shared,IR-VOICE-SAFETY-SUBSUMPTION,No current physical pair exists for this logical Training Voice V2.1 cue.
target-balance-single-leg-hold-v21,Hold for [duration].,target,instruction,balance-single-leg-hold,target,,,,false,false,false,new_pair_required,true,true,shared,IR-VOICE-DOSE-CONVERSION;IR-VOICE-ROUND-STATE;IR-VOICE-SAFETY-SUBSUMPTION,No current physical pair exists for this logical Training Voice V2.1 cue.
target-balance-tandem-hold-v21,Hold for [duration].,target,instruction,balance-tandem-hold,target,,,,false,false,false,new_pair_required,true,true,shared,IR-VOICE-DOSE-CONVERSION;IR-VOICE-ROUND-STATE;IR-VOICE-SAFETY-SUBSUMPTION,No current physical pair exists for this logical Training Voice V2.1 cue.
target-band-pull-apart-v21,Move for thirty seconds.,target,instruction,band-pull-apart,target,,,,false,false,false,new_pair_required,true,true,shared,IR-VOICE-SAFETY-SUBSUMPTION,No current physical pair exists for this logical Training Voice V2.1 cue.
target-chair-supported-split-squat-v21,Aim for [reps] reps.,target,instruction,chair-supported-split-squat,target,,,,false,false,false,new_pair_required,true,true,shared,IR-VOICE-DOSE-CONVERSION;IR-VOICE-ROUND-STATE;IR-VOICE-SAFETY-SUBSUMPTION,No current physical pair exists for this logical Training Voice V2.1 cue.
target-glute-bridge-hold-v21,Hold for twenty seconds.,target,instruction,glute-bridge-hold,target,,,,false,false,false,new_pair_required,true,true,shared,IR-VOICE-FINAL-POSITION-READINESS;IR-VOICE-FLOOR-GATE;IR-VOICE-SAFETY-SUBSUMPTION,No current physical pair exists for this logical Training Voice V2.1 cue.
target-glute-bridge-reps-v21,Aim for twelve reps.,target,instruction,glute-bridge-reps,target,,,,false,false,false,new_pair_required,true,true,shared,IR-VOICE-FINAL-POSITION-READINESS;IR-VOICE-FLOOR-GATE;IR-VOICE-SAFETY-SUBSUMPTION,No current physical pair exists for this logical Training Voice V2.1 cue.
target-heel-raise-free-v21,Aim for eighteen reps.,target,instruction,heel-raise-free,target,,,,false,false,false,new_pair_required,true,true,shared,,No current physical pair exists for this logical Training Voice V2.1 cue.
target-heel-raise-supported-v21,Aim for fifteen reps.,target,instruction,heel-raise-supported,target,,,,false,false,false,new_pair_required,true,true,shared,IR-VOICE-SAFETY-SUBSUMPTION,No current physical pair exists for this logical Training Voice V2.1 cue.
target-hip-hinge-free-v21,Aim for twelve reps.,target,instruction,hip-hinge-free,target,,,,false,false,false,new_pair_required,true,true,shared,,No current physical pair exists for this logical Training Voice V2.1 cue.
target-hip-hinge-wall-v21,Aim for ten reps.,target,instruction,hip-hinge-wall,target,,,,false,false,false,new_pair_required,true,true,shared,IR-VOICE-SAFETY-SUBSUMPTION,No current physical pair exists for this logical Training Voice V2.1 cue.
target-loaded-march-v21,Aim for sixteen reps.,target,instruction,loaded-march,target,,,,false,false,false,new_pair_required,true,true,shared,IR-VOICE-SAFETY-SUBSUMPTION,No current physical pair exists for this logical Training Voice V2.1 cue.
target-loaded-sit-to-stand-v21,Aim for eight reps.,target,instruction,loaded-sit-to-stand,target,,,,false,false,false,new_pair_required,true,true,shared,IR-VOICE-SAFETY-SUBSUMPTION,No current physical pair exists for this logical Training Voice V2.1 cue.
target-mini-band-lateral-walk-v21,Move for thirty seconds.,target,instruction,mini-band-lateral-walk,target,,,,false,false,false,new_pair_required,true,true,shared,IR-VOICE-SAFETY-SUBSUMPTION,No current physical pair exists for this logical Training Voice V2.1 cue.
target-neck-rotation-v21,Move slowly until I say stop.,target,instruction,neck-rotation,target,,,,false,false,false,new_pair_required,true,true,shared,,No current physical pair exists for this logical Training Voice V2.1 cue.
target-overhead-press-band-v21,Aim for twelve reps.,target,instruction,overhead-press-band,target,,,,false,false,false,new_pair_required,true,true,shared,IR-VOICE-SAFETY-SUBSUMPTION,No current physical pair exists for this logical Training Voice V2.1 cue.
target-overhead-reach-v21,Aim for twelve reps.,target,instruction,overhead-reach,target,,,,false,false,false,new_pair_required,true,true,shared,,No current physical pair exists for this logical Training Voice V2.1 cue.
target-push-up-incline-v21,Aim for ten reps.,target,instruction,push-up-incline,target,,,,false,false,false,new_pair_required,true,true,shared,IR-VOICE-SAFETY-SUBSUMPTION,No current physical pair exists for this logical Training Voice V2.1 cue.
target-push-up-standard-v21,Aim for eight reps.,target,instruction,push-up-standard,target,,,,false,false,false,new_pair_required,true,true,shared,IR-VOICE-FINAL-POSITION-READINESS;IR-VOICE-FLOOR-GATE;IR-VOICE-SAFETY-SUBSUMPTION,No current physical pair exists for this logical Training Voice V2.1 cue.
target-push-up-wall-v21,Aim for ten reps.,target,instruction,push-up-wall,target,,,,false,false,false,new_pair_required,true,true,shared,IR-VOICE-SAFETY-SUBSUMPTION,No current physical pair exists for this logical Training Voice V2.1 cue.
target-seated-band-row-v21,Aim for ten reps.,target,instruction,seated-band-row,target,,,,false,false,false,new_pair_required,true,true,shared,IR-VOICE-SAFETY-SUBSUMPTION,No current physical pair exists for this logical Training Voice V2.1 cue.
target-seated-hamstring-reach-v21,Reach gently and hold until I say relax.,target,instruction,seated-hamstring-reach,target,,,,false,false,false,new_pair_required,true,true,shared,IR-VOICE-DOSE-CONVERSION;IR-VOICE-ROUND-STATE;IR-VOICE-SAFETY-SUBSUMPTION,No current physical pair exists for this logical Training Voice V2.1 cue.
target-squat-free-v21,Aim for twelve reps.,target,instruction,squat-free,target,,,,false,false,false,new_pair_required,true,true,shared,,No current physical pair exists for this logical Training Voice V2.1 cue.
target-squat-loaded-v21,Aim for eight reps.,target,instruction,squat-loaded,target,,,,false,false,false,new_pair_required,true,true,shared,,No current physical pair exists for this logical Training Voice V2.1 cue.
target-squat-slow-eccentric-v21,Aim for eight reps.,target,instruction,squat-slow-eccentric,target,,,,false,false,false,new_pair_required,true,true,shared,,No current physical pair exists for this logical Training Voice V2.1 cue.
target-squat-supported-v21,Aim for ten reps.,target,instruction,squat-supported,target,,,,false,false,false,new_pair_required,true,true,shared,IR-VOICE-SAFETY-SUBSUMPTION,No current physical pair exists for this logical Training Voice V2.1 cue.
target-standing-band-row-v21,Aim for ten reps.,target,instruction,standing-band-row,target,,,,false,false,false,new_pair_required,true,true,shared,IR-VOICE-SAFETY-SUBSUMPTION,No current physical pair exists for this logical Training Voice V2.1 cue.
target-step-up-v21,Do twelve total reps.,target,instruction,step-up,target,,,,false,false,false,new_pair_required,true,true,shared,IR-VOICE-SAFETY-SUBSUMPTION;IR-VOICE-STEP-ALTERNATION,No current physical pair exists for this logical Training Voice V2.1 cue.
target-sts-cushion-v21,Aim for eight reps.,target,instruction,sts-cushion,target,,,,false,false,false,new_pair_required,true,true,shared,IR-VOICE-SAFETY-SUBSUMPTION,No current physical pair exists for this logical Training Voice V2.1 cue.
target-sts-power-v21,Aim for twelve reps.,target,instruction,sts-power,target,,,,false,false,false,new_pair_required,true,true,shared,IR-VOICE-SAFETY-SUBSUMPTION,No current physical pair exists for this logical Training Voice V2.1 cue.
target-sts-slow-eccentric-v21,Aim for eight reps.,target,instruction,sts-slow-eccentric,target,,,,false,false,false,new_pair_required,true,true,shared,IR-VOICE-SAFETY-SUBSUMPTION,No current physical pair exists for this logical Training Voice V2.1 cue.
target-sts-standard-v21,Aim for ten reps.,target,instruction,sts-standard,target,,,,false,false,false,new_pair_required,true,true,shared,IR-VOICE-SAFETY-SUBSUMPTION,No current physical pair exists for this logical Training Voice V2.1 cue.
target-supported-hip-flexor-stretch-v21,Hold for [duration].,target,instruction,supported-hip-flexor-stretch,target,,,,false,false,false,new_pair_required,true,true,shared,IR-VOICE-DOSE-CONVERSION;IR-VOICE-ROUND-STATE;IR-VOICE-SAFETY-SUBSUMPTION,No current physical pair exists for this logical Training Voice V2.1 cue.
target-supported-side-step-v21,Move for thirty seconds.,target,instruction,supported-side-step,target,,,,false,false,false,new_pair_required,true,true,shared,IR-VOICE-SAFETY-SUBSUMPTION,No current physical pair exists for this logical Training Voice V2.1 cue.
target-thoracic-rotation-v21,Move for thirty seconds.,target,instruction,thoracic-rotation,target,,,,false,false,false,new_pair_required,true,true,shared,,No current physical pair exists for this logical Training Voice V2.1 cue.
target-toe-raise-supported-v21,Move for thirty seconds.,target,instruction,toe-raise-supported,target,,,,false,false,false,new_pair_required,true,true,shared,IR-VOICE-SAFETY-SUBSUMPTION,No current physical pair exists for this logical Training Voice V2.1 cue.
target-wall-calf-stretch-v21,Hold for [duration].,target,instruction,wall-calf-stretch,target,,,,false,false,false,new_pair_required,true,true,shared,IR-VOICE-DOSE-CONVERSION;IR-VOICE-ROUND-STATE;IR-VOICE-SAFETY-SUBSUMPTION,No current physical pair exists for this logical Training Voice V2.1 cue.
times-up-v21,Time.,completion,critical_stop,session,shared,,times-up-v21,Time.,true,true,true,reuse_exact_existing_pair,false,true,control_confirmation,,Exact Clara/Marcus pair exists in the current physical manifest.
tracking-loss-v21,Pause. Return to the setup position.,recovery,critical_stop,session,shared,,tracking-loss-v21,Pause. Return to the setup position.,true,true,true,reuse_exact_existing_pair,false,true,tracking_loss_recovery_sequence,,Exact Clara/Marcus pair exists in the current physical manifest.
tracking-recovered-v21,You're back in position. We'll restart.,recovery,setup_recovery,session,shared,,tracking-recovered-v21,You're back in position. We'll restart.,true,true,true,reuse_exact_existing_pair,false,true,tracking_loss_recovery_sequence,,Exact Clara/Marcus pair exists in the current physical manifest.
training-intro-v21,"Time to train. I will guide the setup, work, and rests. Follow my voice and pause whenever you need.",session_intro,instruction,session,shared,,training-intro,Time to train. We'll move through a few exercises together. Just follow my voice - you won't need to touch the screen. Let's begin.,true,true,false,existing_pair_script_mismatch,true,true,training_intro_universal_safety,,"A physical candidate exists, but V2.1 requires a separate exact logical cue."
training-skip-v21,Skipped. Moving on.,control,result_transition,session,shared,,exercise-skipped,No problem - we'll skip this one for now and move on.,true,true,false,existing_pair_script_mismatch,true,true,control_confirmation,,"A physical candidate exists, but V2.1 requires a separate exact logical cue."
