scenarioId,variantId,category,evidenceMethod,sourceFiles,sourceFunctions,initialState,eventSequence,expectedOutcome,observedOutcome,passed,metricTags,findingRuleIds,notes
step_up_left_first_set_12_reps,base,prior_alternation_addendum_retained,prior_addendum_csv_retained_for_context,docs/audits/PEARL_TRAINING_STEP_UP_ALTERNATION_SCENARIOS_V2.csv,deriveStepUpAlternationPlanForExerciseId;advanceStepUpAlternationState;summarizeStepUpSetResult,"{""initialLeadSide"":""left"",""setIndex"":0}","[""12 accepted expected-lead reps""]","{""acceptedRepCount"":12,""leftLeadRepCount"":6,""rightLeadRepCount"":6,""setCompleted"":true}","{""setIndex"":0,""startLeadSide"":""left"",""targetTotalReps"":12,""acceptedRepCount"":12,""leftLeadRepCount"":6,""rightLeadRepCount"":6,""alternationValid"":true,""completedTarget"":true,""repEvidence"":[{""repAttemptId"":""step_up_left_first_set_12_reps-rep-1"",""expectedLeadSide"":""left"",""observedLeadSide"":""left"",""startedAtMs"":100,""topReachedAtMs"":500,""returnedToFloorAtMs"":900,""bothFeetAtStart"":true,""expectedLeadInitiatedAscent"":true,""topPhaseValid"":true,""bothFeetReturnedToFloor"":true,""trackingValid"":true,""valid"":true,""endReason"":""accepted""},{""repAttemptId"":""step_up_left_first_set_12_reps-rep-2"",""expectedLeadSide"":""right"",""observedLeadSide"":""right"",""startedAtMs"":100,""topReachedAtMs"":500,""returnedToFloorAtMs"":900,""bothFeetAtStart"":true,""expectedLeadInitiatedAscent"":true,""topPhaseValid"":true,""bothFeetReturnedToFloor"":true,""trackingValid"":true,""valid"":true,""endReason"":""accepted""},{""repAttemptId"":""step_up_left_first_set_12_reps-rep-3"",""expectedLeadSide"":""left"",""observedLeadSide"":""left"",""startedAtMs"":100,""topReachedAtMs"":500,""returnedToFloorAtMs"":900,""bothFeetAtStart"":true,""expectedLeadInitiatedAscent"":true,""topPhaseValid"":true,""bothFeetReturnedToFloor"":true,""trackingValid"":true,""valid"":true,""endReason"":""accepted""},{""repAttemptId"":""step_up_left_first_set_12_reps-rep-4"",""expectedLeadSide"":""right"",""observedLeadSide"":""right"",""startedAtMs"":100,""topReachedAtMs"":500,""returnedToFloorAtMs"":900,""bothFeetAtStart"":true,""expectedLeadInitiatedAscent"":true,""topPhaseValid"":true,""bothFeetReturnedToFloor"":true,""trackingValid"":true,""valid"":true,""endReason"":""accepted""},{""repAttemptId"":""step_up_left_first_set_12_reps-rep-5"",""expectedLeadSide"":""left"",""observedLeadSide"":""left"",""startedAtMs"":100,""topReachedAtMs"":500,""returnedToFloorAtMs"":900,""bothFeetAtStart"":true,""expectedLeadInitiatedAscent"":true,""topPhaseValid"":true,""bothFeetReturnedToFloor"":true,""trackingValid"":true,""valid"":true,""endReason"":""accepted""},{""repAttemptId"":""step_up_left_first_set_12_reps-rep-6"",""expectedLeadSide"":""right"",""observedLeadSide"":""right"",""startedAtMs"":100,""topReachedAtMs"":500,""returnedToFloorAtMs"":900,""bothFeetAtStart"":true,""expectedLeadInitiatedAscent"":true,""topPhaseValid"":true,""bothFeetReturnedToFloor"":true,""trackingValid"":true,""valid"":true,""endReason"":""accepted""},{""repAttemptId"":""step_up_left_first_set_12_reps-rep-7"",""expectedLeadSide"":""left"",""observedLeadSide"":""left"",""startedAtMs"":100,""topReachedAtMs"":500,""returnedToFloorAtMs"":900,""bothFeetAtStart"":true,""expectedLeadInitiatedAscent"":true,""topPhaseValid"":true,""bothFeetReturnedToFloor"":true,""trackingValid"":true,""valid"":true,""endReason"":""accepted""},{""repAttemptId"":""step_up_left_first_set_12_reps-rep-8"",""expectedLeadSide"":""right"",""observedLeadSide"":""right"",""startedAtMs"":100,""topReachedAtMs"":500,""returnedToFloorAtMs"":900,""bothFeetAtStart"":true,""expectedLeadInitiatedAscent"":true,""topPhaseValid"":true,""bothFeetReturnedToFloor"":true,""trackingValid"":true,""valid"":true,""endReason"":""accepted""},{""repAttemptId"":""step_up_left_first_set_12_reps-rep-9"",""expectedLeadSide"":""left"",""observedLeadSide"":""left"",""startedAtMs"":100,""topReachedAtMs"":500,""returnedToFloorAtMs"":900,""bothFeetAtStart"":true,""expectedLeadInitiatedAscent"":true,""topPhaseValid"":true,""bothFeetReturnedToFloor"":true,""trackingValid"":true,""valid"":true,""endReason"":""accepted""},{""repAttemptId"":""step_up_left_first_set_12_reps-rep-10"",""expectedLeadSide"":""right"",""observedLeadSide"":""right"",""startedAtMs"":100,""topReachedAtMs"":500,""returnedToFloorAtMs"":900,""bothFeetAtStart"":true,""expectedLeadInitiatedAscent"":true,""topPhaseValid"":true,""bothFeetReturnedToFloor"":true,""trackingValid"":true,""valid"":true,""endReason"":""accepted""},{""repAttemptId"":""step_up_left_first_set_12_reps-rep-11"",""expectedLeadSide"":""left"",""observedLeadSide"":""left"",""startedAtMs"":100,""topReachedAtMs"":500,""returnedToFloorAtMs"":900,""bothFeetAtStart"":true,""expectedLeadInitiatedAscent"":true,""topPhaseValid"":true,""bothFeetReturnedToFloor"":true,""trackingValid"":true,""valid"":true,""endReason"":""accepted""},{""repAttemptId"":""step_up_left_first_set_12_reps-rep-12"",""expectedLeadSide"":""right"",""observedLeadSide"":""right"",""startedAtMs"":100,""topReachedAtMs"":500,""returnedToFloorAtMs"":900,""bothFeetAtStart"":true,""expectedLeadInitiatedAscent"":true,""topPhaseValid"":true,""bothFeetReturnedToFloor"":true,""trackingValid"":true,""valid"":true,""endReason"":""accepted""}],""repSfxCount"":12,""phase"":""set_complete""}",true,valid_set;rep_sfx,,Retained from prior alternation verification addendum; critical metrics below are recomputed from this addendum execution rows.
step_up_right_first_set_12_reps,base,prior_alternation_addendum_retained,prior_addendum_csv_retained_for_context,docs/audits/PEARL_TRAINING_STEP_UP_ALTERNATION_SCENARIOS_V2.csv,deriveStepUpAlternationPlanForExerciseId;advanceStepUpAlternationState;summarizeStepUpSetResult,"{""initialLeadSide"":""right"",""setIndex"":0}","[""12 accepted expected-lead reps""]","{""acceptedRepCount"":12,""leftLeadRepCount"":6,""rightLeadRepCount"":6,""setCompleted"":true}","{""setIndex"":0,""startLeadSide"":""right"",""targetTotalReps"":12,""acceptedRepCount"":12,""leftLeadRepCount"":6,""rightLeadRepCount"":6,""alternationValid"":true,""completedTarget"":true,""repEvidence"":[{""repAttemptId"":""step_up_right_first_set_12_reps-rep-1"",""expectedLeadSide"":""right"",""observedLeadSide"":""right"",""startedAtMs"":100,""topReachedAtMs"":500,""returnedToFloorAtMs"":900,""bothFeetAtStart"":true,""expectedLeadInitiatedAscent"":true,""topPhaseValid"":true,""bothFeetReturnedToFloor"":true,""trackingValid"":true,""valid"":true,""endReason"":""accepted""},{""repAttemptId"":""step_up_right_first_set_12_reps-rep-2"",""expectedLeadSide"":""left"",""observedLeadSide"":""left"",""startedAtMs"":100,""topReachedAtMs"":500,""returnedToFloorAtMs"":900,""bothFeetAtStart"":true,""expectedLeadInitiatedAscent"":true,""topPhaseValid"":true,""bothFeetReturnedToFloor"":true,""trackingValid"":true,""valid"":true,""endReason"":""accepted""},{""repAttemptId"":""step_up_right_first_set_12_reps-rep-3"",""expectedLeadSide"":""right"",""observedLeadSide"":""right"",""startedAtMs"":100,""topReachedAtMs"":500,""returnedToFloorAtMs"":900,""bothFeetAtStart"":true,""expectedLeadInitiatedAscent"":true,""topPhaseValid"":true,""bothFeetReturnedToFloor"":true,""trackingValid"":true,""valid"":true,""endReason"":""accepted""},{""repAttemptId"":""step_up_right_first_set_12_reps-rep-4"",""expectedLeadSide"":""left"",""observedLeadSide"":""left"",""startedAtMs"":100,""topReachedAtMs"":500,""returnedToFloorAtMs"":900,""bothFeetAtStart"":true,""expectedLeadInitiatedAscent"":true,""topPhaseValid"":true,""bothFeetReturnedToFloor"":true,""trackingValid"":true,""valid"":true,""endReason"":""accepted""},{""repAttemptId"":""step_up_right_first_set_12_reps-rep-5"",""expectedLeadSide"":""right"",""observedLeadSide"":""right"",""startedAtMs"":100,""topReachedAtMs"":500,""returnedToFloorAtMs"":900,""bothFeetAtStart"":true,""expectedLeadInitiatedAscent"":true,""topPhaseValid"":true,""bothFeetReturnedToFloor"":true,""trackingValid"":true,""valid"":true,""endReason"":""accepted""},{""repAttemptId"":""step_up_right_first_set_12_reps-rep-6"",""expectedLeadSide"":""left"",""observedLeadSide"":""left"",""startedAtMs"":100,""topReachedAtMs"":500,""returnedToFloorAtMs"":900,""bothFeetAtStart"":true,""expectedLeadInitiatedAscent"":true,""topPhaseValid"":true,""bothFeetReturnedToFloor"":true,""trackingValid"":true,""valid"":true,""endReason"":""accepted""},{""repAttemptId"":""step_up_right_first_set_12_reps-rep-7"",""expectedLeadSide"":""right"",""observedLeadSide"":""right"",""startedAtMs"":100,""topReachedAtMs"":500,""returnedToFloorAtMs"":900,""bothFeetAtStart"":true,""expectedLeadInitiatedAscent"":true,""topPhaseValid"":true,""bothFeetReturnedToFloor"":true,""trackingValid"":true,""valid"":true,""endReason"":""accepted""},{""repAttemptId"":""step_up_right_first_set_12_reps-rep-8"",""expectedLeadSide"":""left"",""observedLeadSide"":""left"",""startedAtMs"":100,""topReachedAtMs"":500,""returnedToFloorAtMs"":900,""bothFeetAtStart"":true,""expectedLeadInitiatedAscent"":true,""topPhaseValid"":true,""bothFeetReturnedToFloor"":true,""trackingValid"":true,""valid"":true,""endReason"":""accepted""},{""repAttemptId"":""step_up_right_first_set_12_reps-rep-9"",""expectedLeadSide"":""right"",""observedLeadSide"":""right"",""startedAtMs"":100,""topReachedAtMs"":500,""returnedToFloorAtMs"":900,""bothFeetAtStart"":true,""expectedLeadInitiatedAscent"":true,""topPhaseValid"":true,""bothFeetReturnedToFloor"":true,""trackingValid"":true,""valid"":true,""endReason"":""accepted""},{""repAttemptId"":""step_up_right_first_set_12_reps-rep-10"",""expectedLeadSide"":""left"",""observedLeadSide"":""left"",""startedAtMs"":100,""topReachedAtMs"":500,""returnedToFloorAtMs"":900,""bothFeetAtStart"":true,""expectedLeadInitiatedAscent"":true,""topPhaseValid"":true,""bothFeetReturnedToFloor"":true,""trackingValid"":true,""valid"":true,""endReason"":""accepted""},{""repAttemptId"":""step_up_right_first_set_12_reps-rep-11"",""expectedLeadSide"":""right"",""observedLeadSide"":""right"",""startedAtMs"":100,""topReachedAtMs"":500,""returnedToFloorAtMs"":900,""bothFeetAtStart"":true,""expectedLeadInitiatedAscent"":true,""topPhaseValid"":true,""bothFeetReturnedToFloor"":true,""trackingValid"":true,""valid"":true,""endReason"":""accepted""},{""repAttemptId"":""step_up_right_first_set_12_reps-rep-12"",""expectedLeadSide"":""left"",""observedLeadSide"":""left"",""startedAtMs"":100,""topReachedAtMs"":500,""returnedToFloorAtMs"":900,""bothFeetAtStart"":true,""expectedLeadInitiatedAscent"":true,""topPhaseValid"":true,""bothFeetReturnedToFloor"":true,""trackingValid"":true,""valid"":true,""endReason"":""accepted""}],""repSfxCount"":12,""phase"":""set_complete""}",true,valid_set;rep_sfx,,Retained from prior alternation verification addendum; critical metrics below are recomputed from this addendum execution rows.
step_up_three_sets_left_initial,base,prior_alternation_addendum_retained,prior_addendum_csv_retained_for_context,docs/audits/PEARL_TRAINING_STEP_UP_ALTERNATION_SCENARIOS_V2.csv,setStartLeadForIndex;summarizeStepUpAlternationProgression,{},[],"{""setStartLeadSides"":[""left"",""right"",""left""],""progressionEligible"":true}","{""setStartLeadSides"":[""left"",""right"",""left""],""progressionEligible"":true,""completedSetCount"":3}",true,progression,,Retained from prior alternation verification addendum; critical metrics below are recomputed from this addendum execution rows.
step_up_three_sets_right_initial,base,prior_alternation_addendum_retained,prior_addendum_csv_retained_for_context,docs/audits/PEARL_TRAINING_STEP_UP_ALTERNATION_SCENARIOS_V2.csv,setStartLeadForIndex;summarizeStepUpAlternationProgression,{},[],"{""setStartLeadSides"":[""right"",""left"",""right""],""progressionEligible"":true}","{""setStartLeadSides"":[""right"",""left"",""right""],""progressionEligible"":true,""completedSetCount"":3}",true,progression,,Retained from prior alternation verification addendum; critical metrics below are recomputed from this addendum execution rows.
step_up_six_left_six_right,base,prior_alternation_addendum_retained,prior_addendum_csv_retained_for_context,docs/audits/PEARL_TRAINING_STEP_UP_ALTERNATION_SCENARIOS_V2.csv,summarizeStepUpSetResult,{},[],"{""leftLeadRepCount"":6,""rightLeadRepCount"":6}","{""leftLeadRepCount"":6,""rightLeadRepCount"":6}",true,side_balance,,Retained from prior alternation verification addendum; critical metrics below are recomputed from this addendum execution rows.
step_up_both_feet_floor_each_rep,base,prior_alternation_addendum_retained,prior_addendum_csv_retained_for_context,docs/audits/PEARL_TRAINING_STEP_UP_ALTERNATION_SCENARIOS_V2.csv,resolveStepUpRepEvidence,{},[],"{""allAcceptedHaveStartAndReturnFloor"":true}","{""acceptedWithoutStart"":0,""acceptedWithoutReturn"":0}",true,floor_boundary,,Retained from prior alternation verification addendum; critical metrics below are recomputed from this addendum execution rows.
wrong_lead_on_first_rep,base,prior_alternation_addendum_retained,prior_addendum_csv_retained_for_context,docs/audits/PEARL_TRAINING_STEP_UP_ALTERNATION_SCENARIOS_V2.csv,resolveStepUpRepEvidence;advanceStepUpAlternationState,{},[],"{""credited"":false,""expectedLeadSide"":""left""}","{""endReason"":""wrong_lead"",""acceptedRepCount"":0,""expectedLeadSide"":""left""}",true,wrong_lead,,Retained from prior alternation verification addendum; critical metrics below are recomputed from this addendum execution rows.
wrong_lead_after_five_reps,base,prior_alternation_addendum_retained,prior_addendum_csv_retained_for_context,docs/audits/PEARL_TRAINING_STEP_UP_ALTERNATION_SCENARIOS_V2.csv,resolveStepUpRepEvidence;advanceStepUpAlternationState,{},[],"{""acceptedBeforeWrong"":5,""noCreditForWrong"":true}","{""endReason"":""wrong_lead"",""acceptedRepCount"":5,""expectedLeadSide"":""right""}",true,wrong_lead,,Retained from prior alternation verification addendum; critical metrics below are recomputed from this addendum execution rows.
wrong_lead_returns_to_floor_then_corrects,base,prior_alternation_addendum_retained,prior_addendum_csv_retained_for_context,docs/audits/PEARL_TRAINING_STEP_UP_ALTERNATION_SCENARIOS_V2.csv,advanceStepUpAlternationState,{},"[""wrong lead"",""FLOOR_READY"",""correct lead""]","{""correctedAccepted"":true,""acceptedRepCount"":1}","{""acceptedRepCount"":1,""expectedLeadSide"":""right""}",true,wrong_lead,,Retained from prior alternation verification addendum; critical metrics below are recomputed from this addendum execution rows.
wrong_lead_does_not_flip_expected,base,prior_alternation_addendum_retained,prior_addendum_csv_retained_for_context,docs/audits/PEARL_TRAINING_STEP_UP_ALTERNATION_SCENARIOS_V2.csv,advanceStepUpAlternationState,{},[],"{""wrongAttemptExpectedLeadFlipCount"":0}","{""expectedBefore"":""left"",""expectedAfter"":""left""}",true,wrong_lead_flip,,Retained from prior alternation verification addendum; critical metrics below are recomputed from this addendum execution rows.
generic_rep_without_lead_evidence_rejected,base,prior_alternation_addendum_retained,prior_addendum_csv_retained_for_context,docs/audits/PEARL_TRAINING_STEP_UP_ALTERNATION_SCENARIOS_V2.csv,resolveStepUpRepEvidence,{},[],"{""credited"":false}","{""endReason"":""invalid_phase"",""acceptedRepCount"":0}",true,unknown_lead,,Retained from prior alternation verification addendum; critical metrics below are recomputed from this addendum execution rows.
opposite_chain_clearer_not_auto_credited,base,prior_alternation_addendum_retained,prior_addendum_csv_retained_for_context,docs/audits/PEARL_TRAINING_STEP_UP_ALTERNATION_SCENARIOS_V2.csv,resolveStepUpRepEvidence,{},[],"{""credited"":false,""observedLeadSide"":null}","{""endReason"":""invalid_phase"",""observedLeadSide"":null,""acceptedRepCount"":0}",true,conservative_evidence,,Retained from prior alternation verification addendum; critical metrics below are recomputed from this addendum execution rows.
top_reached_no_floor_return,base,prior_alternation_addendum_retained,prior_addendum_csv_retained_for_context,docs/audits/PEARL_TRAINING_STEP_UP_ALTERNATION_SCENARIOS_V2.csv,resolveStepUpRepEvidence,{},[],"{""credited"":false}","{""endReason"":""invalid_phase"",""acceptedRepCount"":0}",true,floor_boundary,,Retained from prior alternation verification addendum; critical metrics below are recomputed from this addendum execution rows.
one_foot_remains_on_step,base,prior_alternation_addendum_retained,prior_addendum_csv_retained_for_context,docs/audits/PEARL_TRAINING_STEP_UP_ALTERNATION_SCENARIOS_V2.csv,resolveStepUpRepEvidence,{},[],"{""credited"":false}","{""endReason"":""invalid_phase"",""acceptedRepCount"":0}",true,floor_boundary,,Retained from prior alternation verification addendum; critical metrics below are recomputed from this addendum execution rows.
duplicate_completion_callback,base,prior_alternation_addendum_retained,prior_addendum_csv_retained_for_context,docs/audits/PEARL_TRAINING_STEP_UP_ALTERNATION_SCENARIOS_V2.csv,advanceStepUpAlternationState,{},[],"{""acceptedRepCount"":1,""duplicateSuppressedCount"":1}","{""acceptedRepCount"":1,""duplicateSuppressedCount"":1}",true,duplicate,,Retained from prior alternation verification addendum; critical metrics below are recomputed from this addendum execution rows.
stale_callback_after_next_rep_started,base,prior_alternation_addendum_retained,prior_addendum_csv_retained_for_context,docs/audits/PEARL_TRAINING_STEP_UP_ALTERNATION_SCENARIOS_V2.csv,advanceStepUpAlternationState,{},[],"{""acceptedRepCount"":0,""ignoredStaleActionCount"":1}","{""acceptedRepCount"":0,""ignoredStaleActionCount"":1}",true,stale,,Retained from prior alternation verification addendum; critical metrics below are recomputed from this addendum execution rows.
threshold_noise_single_credit,base,prior_alternation_addendum_retained,prior_addendum_csv_retained_for_context,docs/audits/PEARL_TRAINING_STEP_UP_ALTERNATION_SCENARIOS_V2.csv,advanceStepUpAlternationState,{},[],"{""creditedReps"":1}","{""acceptedRepCount"":1,""duplicateSuppressedCount"":1}",true,threshold_noise,,Retained from prior alternation verification addendum; critical metrics below are recomputed from this addendum execution rows.
descent_order_not_overconstrained,base,prior_alternation_addendum_retained,prior_addendum_csv_retained_for_context,docs/audits/PEARL_TRAINING_STEP_UP_ALTERNATION_SCENARIOS_V2.csv,resolveStepUpRepEvidence,{},[],"{""acceptedWithoutDescentOrderField"":true}","{""endReason"":""accepted"",""hasDescentOrderField"":false}",true,descent_order,,Retained from prior alternation verification addendum; critical metrics below are recomputed from this addendum execution rows.
tracking_loss_mid_left_lead_rep,base,prior_alternation_addendum_retained,prior_addendum_csv_retained_for_context,docs/audits/PEARL_TRAINING_STEP_UP_ALTERNATION_SCENARIOS_V2.csv,advanceStepUpAlternationState,{},[],"{""credited"":false,""phase"":""tracking_recovery""}","{""phase"":""tracking_recovery"",""acceptedRepCount"":0,""expectedLeadSide"":""left""}",true,tracking,,Retained from prior alternation verification addendum; critical metrics below are recomputed from this addendum execution rows.
tracking_loss_mid_right_lead_rep,base,prior_alternation_addendum_retained,prior_addendum_csv_retained_for_context,docs/audits/PEARL_TRAINING_STEP_UP_ALTERNATION_SCENARIOS_V2.csv,advanceStepUpAlternationState,{},[],"{""credited"":false,""phase"":""tracking_recovery""}","{""phase"":""tracking_recovery"",""acceptedRepCount"":0,""expectedLeadSide"":""right""}",true,tracking,,Retained from prior alternation verification addendum; critical metrics below are recomputed from this addendum execution rows.
pause_mid_rep,base,prior_alternation_addendum_retained,prior_addendum_csv_retained_for_context,docs/audits/PEARL_TRAINING_STEP_UP_ALTERNATION_SCENARIOS_V2.csv,advanceStepUpAlternationState,{},[],"{""partialRepCredited"":false}","{""acceptedRepCount"":0,""ignoredStaleActionCount"":1,""phaseAfterAction"":""ready_both_feet_floor""}",true,pause_callback,,Retained from prior alternation verification addendum; critical metrics below are recomputed from this addendum execution rows.
background_mid_rep,base,prior_alternation_addendum_retained,prior_addendum_csv_retained_for_context,docs/audits/PEARL_TRAINING_STEP_UP_ALTERNATION_SCENARIOS_V2.csv,advanceStepUpAlternationState,{},[],"{""partialRepCredited"":false}","{""acceptedRepCount"":0,""ignoredStaleActionCount"":1,""phaseAfterAction"":""ready_both_feet_floor""}",true,background_callback,,Retained from prior alternation verification addendum; critical metrics below are recomputed from this addendum execution rows.
restore_after_six_reps,base,prior_alternation_addendum_retained,prior_addendum_csv_retained_for_context,docs/audits/PEARL_TRAINING_STEP_UP_ALTERNATION_SCENARIOS_V2.csv,serializeStepUpAlternationRuntimeState;deserializeStepUpAlternationRuntimeState,{},[],"{""acceptedRepCount"":6,""expectedLeadSide"":""left""}","{""acceptedRepCount"":6,""expectedLeadSide"":""left"",""planFingerprintPreserved"":true}",true,restore,,Retained from prior alternation verification addendum; critical metrics below are recomputed from this addendum execution rows.
restore_mid_rep,base,prior_alternation_addendum_retained,prior_addendum_csv_retained_for_context,docs/audits/PEARL_TRAINING_STEP_UP_ALTERNATION_SCENARIOS_V2.csv,serializeStepUpAlternationRuntimeState;deserializeStepUpAlternationRuntimeState;restoreStepUpAlternationRuntimeState,{},[],"{""partialRepCredited"":false}","{""acceptedRepCount"":0,""ignoredStaleActionCount"":1}",true,restore,,Retained from prior alternation verification addendum; critical metrics below are recomputed from this addendum execution rows.
cancel_mid_set,base,prior_alternation_addendum_retained,prior_addendum_csv_retained_for_context,docs/audits/PEARL_TRAINING_STEP_UP_ALTERNATION_SCENARIOS_V2.csv,advanceStepUpAlternationState,{},[],"{""phase"":""cancelled"",""acceptedRepCount"":0}","{""phase"":""cancelled"",""acceptedRepCount"":0}",true,cancel_skip,,Retained from prior alternation verification addendum; critical metrics below are recomputed from this addendum execution rows.
skip_mid_set,base,prior_alternation_addendum_retained,prior_addendum_csv_retained_for_context,docs/audits/PEARL_TRAINING_STEP_UP_ALTERNATION_SCENARIOS_V2.csv,applyBothSidesExerciseCompletionToStartSideSeed,{},[],"{""seedFlipped"":false}","{""nextSide"":""left""}",true,cancel_skip;seed,,Retained from prior alternation verification addendum; critical metrics below are recomputed from this addendum execution rows.
default_target_12,base,prior_alternation_addendum_retained,prior_addendum_csv_retained_for_context,docs/audits/PEARL_TRAINING_STEP_UP_ALTERNATION_SCENARIOS_V2.csv,deriveStepUpAlternationPlanForExerciseId;getExercise,{},[],"{""targetTotalReps"":12,""setCount"":3}","{""targetTotalReps"":12,""setCount"":3,""sourceTargetRepsPerSet"":12}",true,target,,Retained from prior alternation verification addendum; critical metrics below are recomputed from this addendum execution rows.
even_scaled_target_10,base,prior_alternation_addendum_retained,prior_addendum_csv_retained_for_context,docs/audits/PEARL_TRAINING_STEP_UP_ALTERNATION_SCENARIOS_V2.csv,deriveStepUpAlternationPlan,{},[],"{""runtimeSelectable"":true,""targetLeftLeadReps"":5,""targetRightLeadReps"":5}","{""version"":1,""exerciseId"":""step-up"",""targetTotalReps"":10,""targetLeftLeadReps"":5,""targetRightLeadReps"":5,""setCount"":2,""initialLeadSide"":""right"",""setStartLeadSides"":[""right"",""left""],""sourceSetCount"":2,""sourceTargetRepsPerSet"":10,""sourcePrescriptionFingerprint"":""step-up-source_5cd29c7a"",""planFingerprint"":""sua1_e364a49b"",""runtimeSelectable"":true,""blockerReasonCodes"":[""STEP_UP_ALTERNATION_READY""]}",true,target,,Retained from prior alternation verification addendum; critical metrics below are recomputed from this addendum execution rows.
odd_scaled_target_9_blocked,base,prior_alternation_addendum_retained,prior_addendum_csv_retained_for_context,docs/audits/PEARL_TRAINING_STEP_UP_ALTERNATION_SCENARIOS_V2.csv,deriveStepUpAlternationPlan,{},[],"{""runtimeSelectable"":false,""blocker"":""ODD_STEP_UP_TARGET""}","{""version"":1,""exerciseId"":""step-up"",""targetTotalReps"":9,""targetLeftLeadReps"":0,""targetRightLeadReps"":0,""setCount"":2,""initialLeadSide"":""left"",""setStartLeadSides"":[],""sourceSetCount"":2,""sourceTargetRepsPerSet"":9,""sourcePrescriptionFingerprint"":""step-up-source_b96d1956"",""planFingerprint"":""sua1_468b17d8"",""runtimeSelectable"":false,""blockerReasonCodes"":[""ODD_STEP_UP_TARGET""]}",true,target_odd,,Retained from prior alternation verification addendum; critical metrics below are recomputed from this addendum execution rows.
noninteger_target_blocked,base,prior_alternation_addendum_retained,prior_addendum_csv_retained_for_context,docs/audits/PEARL_TRAINING_STEP_UP_ALTERNATION_SCENARIOS_V2.csv,deriveStepUpAlternationPlan,{},[],"{""runtimeSelectable"":false,""blocker"":""NON_INTEGER_STEP_UP_TARGET""}","{""version"":1,""exerciseId"":""step-up"",""targetTotalReps"":7.5,""targetLeftLeadReps"":0,""targetRightLeadReps"":0,""setCount"":2,""initialLeadSide"":""left"",""setStartLeadSides"":[],""sourceSetCount"":2,""sourceTargetRepsPerSet"":7.5,""sourcePrescriptionFingerprint"":""step-up-source_48dfd3a1"",""planFingerprint"":""sua1_6b2eb346"",""runtimeSelectable"":false,""blockerReasonCodes"":[""NON_INTEGER_STEP_UP_TARGET""]}",true,target_noninteger,,Retained from prior alternation verification addendum; critical metrics below are recomputed from this addendum execution rows.
short_session_final_target,base,prior_alternation_addendum_retained,prior_addendum_csv_retained_for_context,docs/audits/PEARL_TRAINING_STEP_UP_ALTERNATION_SCENARIOS_V2.csv,deriveStepUpAlternationPlan,{},[],"{""targetTotalReps"":12,""setCount"":2}","{""targetTotalReps"":12,""setCount"":2,""setStartLeadSides"":[""left"",""right""]}",true,target,,Retained from prior alternation verification addendum; critical metrics below are recomputed from this addendum execution rows.
visible_voice_runtime_target_match,base,prior_alternation_addendum_retained,prior_addendum_csv_retained_for_context,docs/audits/PEARL_TRAINING_STEP_UP_ALTERNATION_SCENARIOS_V2.csv,planTrainingVoiceSequenceV21;resolveTrainingVoiceTargetV21,{},[],"{""spokenText"":""Do twelve total reps."",""value"":12}","{""spokenText"":""Do twelve total reps."",""visibleText"":""Do twelve total reps."",""value"":12}",true,target_voice,,Retained from prior alternation verification addendum; critical metrics below are recomputed from this addendum execution rows.
seed_defaults_left,base,prior_alternation_addendum_retained,prior_addendum_csv_retained_for_context,docs/audits/PEARL_TRAINING_STEP_UP_ALTERNATION_SCENARIOS_V2.csv,applyBothSidesExerciseCompletionToStartSideSeed;nextBothSidesStartSideForExercise,{},[],"{""nextSide"":""left""}","{""nextSide"":""left""}",true,seed,,Retained from prior alternation verification addendum; critical metrics below are recomputed from this addendum execution rows.
successful_completion_flips_seed,base,prior_alternation_addendum_retained,prior_addendum_csv_retained_for_context,docs/audits/PEARL_TRAINING_STEP_UP_ALTERNATION_SCENARIOS_V2.csv,applyBothSidesExerciseCompletionToStartSideSeed;nextBothSidesStartSideForExercise,{},[],"{""nextSide"":""right""}","{""nextSide"":""right"",""seedState"":{""nextBothSidesStartSideByExercise"":{""step-up"":""right""},""appliedBothSidesStartSideFlipEventIds"":[""main-complete""]}}",true,seed,,Retained from prior alternation verification addendum; critical metrics below are recomputed from this addendum execution rows.
skip_does_not_flip_seed,base,prior_alternation_addendum_retained,prior_addendum_csv_retained_for_context,docs/audits/PEARL_TRAINING_STEP_UP_ALTERNATION_SCENARIOS_V2.csv,applyBothSidesExerciseCompletionToStartSideSeed;nextBothSidesStartSideForExercise,{},[],"{""nextSide"":""left""}","{""nextSide"":""left"",""seedState"":{""nextBothSidesStartSideByExercise"":{},""appliedBothSidesStartSideFlipEventIds"":[]}}",true,seed,,Retained from prior alternation verification addendum; critical metrics below are recomputed from this addendum execution rows.
manual_practice_does_not_flip_seed,base,prior_alternation_addendum_retained,prior_addendum_csv_retained_for_context,docs/audits/PEARL_TRAINING_STEP_UP_ALTERNATION_SCENARIOS_V2.csv,applyBothSidesExerciseCompletionToStartSideSeed;nextBothSidesStartSideForExercise,{},[],"{""nextSide"":""left""}","{""nextSide"":""left"",""seedState"":{""nextBothSidesStartSideByExercise"":{},""appliedBothSidesStartSideFlipEventIds"":[]}}",true,seed,,Retained from prior alternation verification addendum; critical metrics below are recomputed from this addendum execution rows.
duplicate_completion_idempotent,base,prior_alternation_addendum_retained,prior_addendum_csv_retained_for_context,docs/audits/PEARL_TRAINING_STEP_UP_ALTERNATION_SCENARIOS_V2.csv,applyBothSidesExerciseCompletionToStartSideSeed;nextBothSidesStartSideForExercise,{},[],"{""nextSide"":""right""}","{""nextSide"":""right"",""seedState"":{""nextBothSidesStartSideByExercise"":{""step-up"":""right""},""appliedBothSidesStartSideFlipEventIds"":[""main-complete""]}}",true,seed,,Retained from prior alternation verification addendum; critical metrics below are recomputed from this addendum execution rows.
sync_restore_preserves_seed,base,prior_alternation_addendum_retained,prior_addendum_csv_retained_for_context,docs/audits/PEARL_TRAINING_STEP_UP_ALTERNATION_SCENARIOS_V2.csv,applyBothSidesExerciseCompletionToStartSideSeed;nextBothSidesStartSideForExercise,{},[],"{""nextSide"":""right""}","{""nextSide"":""right"",""seedState"":{""nextBothSidesStartSideByExercise"":{""step-up"":""right""},""appliedBothSidesStartSideFlipEventIds"":[""main-complete""]}}",true,seed,,Retained from prior alternation verification addendum; critical metrics below are recomputed from this addendum execution rows.
one_set_one_progression_event,base,prior_alternation_addendum_retained,prior_addendum_csv_retained_for_context,docs/audits/PEARL_TRAINING_STEP_UP_ALTERNATION_SCENARIOS_V2.csv,stepUpSetResultToLegacySetResult;summarizeItem,{},[],"{""setResultCount"":3,""totalReps"":36,""reachedAllTargets"":true}","{""setResultCount"":3,""totalReps"":36,""reachedAllTargets"":true}",true,progression,,Retained from prior alternation verification addendum; critical metrics below are recomputed from this addendum execution rows.
lead_counts_do_not_double_set_count,base,prior_alternation_addendum_retained,prior_addendum_csv_retained_for_context,docs/audits/PEARL_TRAINING_STEP_UP_ALTERNATION_SCENARIOS_V2.csv,stepUpSetResultToLegacySetResult,{},[],"{""setResultCount"":3}","{""setResultCount"":3,""totalLeadCount"":36}",true,progression;set_count,,Retained from prior alternation verification addendum; critical metrics below are recomputed from this addendum execution rows.
valid_time_not_doubled,base,prior_alternation_addendum_retained,prior_addendum_csv_retained_for_context,docs/audits/PEARL_TRAINING_STEP_UP_ALTERNATION_SCENARIOS_V2.csv,summarizeValidTimeSets,{},[],"{""validTimeSummary"":null}","{""validTimeSummary"":null}",true,valid_time,,Retained from prior alternation verification addendum; critical metrics below are recomputed from this addendum execution rows.
twelve_total_unequal_sides_rejected,base,prior_alternation_addendum_retained,prior_addendum_csv_retained_for_context,docs/audits/PEARL_TRAINING_STEP_UP_ALTERNATION_SCENARIOS_V2.csv,summarizeStepUpAlternationProgression,{},[],"{""progressionEligible"":false}","{""progressionEligible"":false,""leftLeadRepCount"":7,""rightLeadRepCount"":5}",true,progression_invalid,,Retained from prior alternation verification addendum; critical metrics below are recomputed from this addendum execution rows.
broken_alternation_not_progression_eligible,base,prior_alternation_addendum_retained,prior_addendum_csv_retained_for_context,docs/audits/PEARL_TRAINING_STEP_UP_ALTERNATION_SCENARIOS_V2.csv,summarizeStepUpAlternationProgression,{},[],"{""progressionEligible"":false}","{""progressionEligible"":false,""alternationValid"":false,""completedTarget"":true}",true,progression_invalid,,Retained from prior alternation verification addendum; critical metrics below are recomputed from this addendum execution rows.
legacy_result_still_parses,base,prior_alternation_addendum_retained,prior_addendum_csv_retained_for_context,docs/audits/PEARL_TRAINING_STEP_UP_ALTERNATION_SCENARIOS_V2.csv,summarizeItem,{},[],"{""totalReps"":12}","{""totalReps"":12,""measured"":true}",true,legacy_parse,,Retained from prior alternation verification addendum; critical metrics below are recomputed from this addendum execution rows.
step_up_start_left_logical_plan,base,prior_alternation_addendum_retained,prior_addendum_csv_retained_for_context,docs/audits/PEARL_TRAINING_STEP_UP_ALTERNATION_SCENARIOS_V2.csv,planTrainingVoiceSequenceV21,{},[],"{""cueKey"":""step-up-start-left-v21""}","{""cueKeys"":[""ex-step-up-first-v21"",""step-up-start-left-v21"",""final-position-set-v21"",""target-step-up-v21""],""targetPlan"":{""supported"":true,""cueKey"":""target-step-up-v21"",""exactScript"":""Do twelve total reps."",""visibleText"":""Do twelve total reps."",""spokenText"":""Do twelve total reps."",""value"":12,""unit"":""rep"",""singular"":false,""reasonCodes"":[""target_derived_from_step_up_alternation_plan""]}}",true,voice_start_lead,,Retained from prior alternation verification addendum; critical metrics below are recomputed from this addendum execution rows.
step_up_start_right_logical_plan,base,prior_alternation_addendum_retained,prior_addendum_csv_retained_for_context,docs/audits/PEARL_TRAINING_STEP_UP_ALTERNATION_SCENARIOS_V2.csv,planTrainingVoiceSequenceV21,{},[],"{""cueKey"":""step-up-start-right-v21""}","{""cueKeys"":[""ex-step-up-next-v21"",""step-up-start-right-v21"",""final-position-set-v21"",""target-step-up-v21""],""targetPlan"":{""supported"":true,""cueKey"":""target-step-up-v21"",""exactScript"":""Do twelve total reps."",""visibleText"":""Do twelve total reps."",""spokenText"":""Do twelve total reps."",""value"":12,""unit"":""rep"",""singular"":false,""reasonCodes"":[""target_derived_from_step_up_alternation_plan""]}}",true,voice_start_lead,,Retained from prior alternation verification addendum; critical metrics below are recomputed from this addendum execution rows.
wrong_lead_left_correction_plan,base,prior_alternation_addendum_retained,prior_addendum_csv_retained_for_context,docs/audits/PEARL_TRAINING_STEP_UP_ALTERNATION_SCENARIOS_V2.csv,planTrainingVoiceSequenceV21,{},[],"{""cueKey"":""step-up-wrong-left-v21""}","{""cueKeys"":[""step-up-wrong-left-v21"",""final-position-set-v21""]}",true,voice_wrong_lead,,Retained from prior alternation verification addendum; critical metrics below are recomputed from this addendum execution rows.
wrong_lead_right_correction_plan,base,prior_alternation_addendum_retained,prior_addendum_csv_retained_for_context,docs/audits/PEARL_TRAINING_STEP_UP_ALTERNATION_SCENARIOS_V2.csv,planTrainingVoiceSequenceV21,{},[],"{""cueKey"":""step-up-wrong-right-v21""}","{""cueKeys"":[""step-up-wrong-right-v21"",""final-position-set-v21""]}",true,voice_wrong_lead,,Retained from prior alternation verification addendum; critical metrics below are recomputed from this addendum execution rows.
no_per_rep_spoken_switch,base,prior_alternation_addendum_retained,prior_addendum_csv_retained_for_context,docs/audits/PEARL_TRAINING_STEP_UP_ALTERNATION_SCENARIOS_V2.csv,planTrainingVoiceSequenceV21,{},[],"{""switchCueCount"":0}","{""cueKeys"":[""ex-step-up-first-v21"",""step-up-start-left-v21"",""final-position-set-v21"",""target-step-up-v21"",""ex-step-up-next-v21"",""step-up-start-right-v21"",""final-position-set-v21"",""target-step-up-v21"",""step-up-wrong-right-v21"",""final-position-set-v21""],""switchCueCount"":0}",true,voice_switch,,Retained from prior alternation verification addendum; critical metrics below are recomputed from this addendum execution rows.
feature_off_legacy_unchanged,base,prior_alternation_addendum_retained,prior_addendum_csv_retained_for_context,docs/audits/PEARL_TRAINING_STEP_UP_ALTERNATION_SCENARIOS_V2.csv,attachStepUpAlternationPlansToGeneratedSession,{},[],"{""planAttached"":false}","{""planAttached"":false,""sameReference"":true}",true,feature_isolation,,Retained from prior alternation verification addendum; critical metrics below are recomputed from this addendum execution rows.
alternation_flag_alone_no_half_activation,base,prior_alternation_addendum_retained,prior_addendum_csv_retained_for_context,docs/audits/PEARL_TRAINING_STEP_UP_ALTERNATION_SCENARIOS_V2.csv,selectTrainingStepUpAlternationMode,{},[],"{""selectable"":false}","{""mode"":""legacy"",""featureEnabled"":true,""internalV21RuntimeReady"":false,""selectable"":false,""reasonCodes"":[""internal_v21_runtime_not_ready""]}",true,feature_isolation,,Retained from prior alternation verification addendum; critical metrics below are recomputed from this addendum execution rows.
training_voice_remains_default_closed,base,prior_alternation_addendum_retained,prior_addendum_csv_retained_for_context,docs/audits/PEARL_TRAINING_STEP_UP_ALTERNATION_SCENARIOS_V2.csv,resolveTrainingVoiceRuntimeReadinessV21;getTrainingVoiceContractV21,{},[],"{""selectable"":false,""audioReady"":false,""behaviorReady"":false,""noStepAlternationRequirement"":true}","{""selectable"":false,""blockers"":[""behavior_dependency:IR-VOICE-SAFETY-SUBSUMPTION"",""global_behavior_ready_false"",""global_audio_ready_false"",""missing_audio:ex-step-up-first-v21"",""missing_audio:ex-step-up-next-v21"",""missing_audio:step-up-start-left-v21"",""missing_audio:step-up-start-right-v21"",""missing_audio:target-step-up-v21""],""audioReady"":false,""behaviorReady"":false,""implementationRequirements"":[""IR-VOICE-SAFETY-SUBSUMPTION""]}",true,voice_default_closed;ir_requirement,,Retained from prior alternation verification addendum; critical metrics below are recomputed from this addendum execution rows.
balance_v2_remains_default_closed,base,prior_alternation_addendum_retained,prior_addendum_csv_retained_for_context,docs/audits/PEARL_TRAINING_STEP_UP_ALTERNATION_SCENARIOS_V2.csv,EYES_OPEN_BALANCE_PROTOCOL_V2_AUDIO_READY;EYES_OPEN_BALANCE_PROTOCOL_V2_SELECTABLE,{},[],"{""selectable"":false,""audioReady"":false}","{""selectable"":false,""audioReady"":false}",true,balance_v2,,Retained from prior alternation verification addendum; critical metrics below are recomputed from this addendum execution rows.
audio_assets_unchanged,base,prior_alternation_addendum_retained,prior_addendum_csv_retained_for_context,docs/audits/PEARL_TRAINING_STEP_UP_ALTERNATION_SCENARIOS_V2.csv,git diff --name-only -- assets/audio,{},[],"{""audioAssetDiffCount"":0}","{""audioAssetDiffNameOnly"":[]}",true,audio_assets,,Retained from prior alternation verification addendum; critical metrics below are recomputed from this addendum execution rows.
runtime_selection_generated_item_selects_internal,base,runtime_selection,production_selector,src/training/setRuntime.ts;src/training/stepUpAlternation/runtime.ts,selectTrainingSetRuntime;createTrainingSetRuntime,{},[],"{""kind"":""step_up_alternation""}","{""selection"":{""kind"":""step_up_alternation"",""reasonCodes"":[]},""runtimeKind"":""step_up_alternation""}",true,trace;runtime_owner,RULE-RUNTIME-TRACE,
runtime_selection_flag_alone_stays_legacy,base,runtime_selection,production_selector,src/training/setRuntime.ts,selectTrainingSetRuntime,{},[],"{""kind"":""legacy""}","{""kind"":""legacy"",""reasonCodes"":[""legacy_voice_mode"",""internal_v21_runtime_not_ready""]}",true,default_closed,RULE-RUNTIME-DEFAULTS,
runtime_selection_existing_legacy_session_stays_legacy,base,runtime_selection,production_selector,src/training/setRuntime.ts,selectTrainingSetRuntime,{},[],"{""kind"":""legacy"",""reason"":""existing_legacy_session""}","{""kind"":""legacy"",""reasonCodes"":[""existing_legacy_session""]}",true,default_closed,RULE-RUNTIME-DEFAULTS,
generation_plan_default_closed_and_gated_open,base,runtime_selection,production_generation_helper,src/training/workoutGeneration.ts;src/training/stepUpAlternation/generatedSession.ts,attachStepUpAlternationPlansToGeneratedSession,{},[],"{""defaultPlanAttached"":false,""gatedPlanAttached"":true}","{""defaultPlanAttached"":false,""gatedPlanAttached"":true,""gatedInitialLead"":""left""}",true,default_closed;backend_roundtrip,RULE-RUNTIME-DEFAULTS;RULE-BACKEND-ROUNDTRIP,
live_frame_left_lead_accepts_after_floor_return,base,live_pose_evidence,synthetic_pose_frames,src/training/stepUpAlternation/evidenceAdapter.ts;src/training/stepUpAlternation/runtime.ts,createStepUpAlternationEvidenceAdapter;StepUpAlternationSetRuntime.update,{},[],"{""acceptedEvents"":1,""leftLeadRepCount"":1,""genericRepCredited"":false}","{""acceptedEvents"":1,""state"":{""phase"":""ready_both_feet_floor"",""expectedLeadSide"":""right"",""acceptedRepCount"":1,""leftLeadRepCount"":1,""rightLeadRepCount"":0,""ignoredStaleActionCount"":0,""duplicateSuppressedCount"":0,""wrongLeadCount"":0,""repSfxCount"":1}}",true,live_frame;voice_context,RULE-UNSAFE-CREDIT,
live_frame_right_lead_accepts_after_floor_return,base,live_pose_evidence,synthetic_pose_frames,src/training/stepUpAlternation/evidenceAdapter.ts;src/training/stepUpAlternation/runtime.ts,createStepUpAlternationEvidenceAdapter;StepUpAlternationSetRuntime.update,{},[],"{""acceptedEvents"":1,""rightLeadRepCount"":1,""genericRepCredited"":false}","{""acceptedEvents"":1,""state"":{""phase"":""ready_both_feet_floor"",""expectedLeadSide"":""left"",""acceptedRepCount"":1,""leftLeadRepCount"":0,""rightLeadRepCount"":1,""ignoredStaleActionCount"":0,""duplicateSuppressedCount"":0,""wrongLeadCount"":0,""repSfxCount"":1}}",true,live_frame,RULE-UNSAFE-CREDIT,
live_frame_wrong_lead_rejected,base,live_pose_evidence,synthetic_pose_frames,src/training/stepUpAlternation/evidenceAdapter.ts;src/training/stepUpAlternation/runtime.ts,StepUpAlternationSetRuntime.update,{},[],"{""acceptedEvents"":0,""expectedLeadSide"":""left"",""wrongLeadCount"":1}","{""acceptedEvents"":0,""state"":{""phase"":""awaiting_expected_lead"",""expectedLeadSide"":""left"",""acceptedRepCount"":0,""leftLeadRepCount"":0,""rightLeadRepCount"":0,""ignoredStaleActionCount"":0,""duplicateSuppressedCount"":0,""wrongLeadCount"":1,""repSfxCount"":0}}",true,unsafe_credit,RULE-UNSAFE-CREDIT,
live_frame_unknown_lead_rejected,base,live_pose_evidence,synthetic_pose_frames,src/training/stepUpAlternation/evidenceAdapter.ts;src/training/stepUpAlternation/runtime.ts,StepUpAlternationSetRuntime.update,{},[],"{""acceptedEvents"":0,""acceptedRepCount"":0}","{""acceptedEvents"":0,""state"":{""phase"":""awaiting_expected_lead"",""expectedLeadSide"":""left"",""acceptedRepCount"":0,""leftLeadRepCount"":0,""rightLeadRepCount"":0,""ignoredStaleActionCount"":0,""duplicateSuppressedCount"":0,""wrongLeadCount"":0,""repSfxCount"":0}}",true,unsafe_credit,RULE-UNSAFE-CREDIT,
live_frame_top_without_return_rejected,base,live_pose_evidence,synthetic_pose_frames,src/training/stepUpAlternation/evidenceAdapter.ts;src/training/stepUpAlternation/runtime.ts,StepUpAlternationSetRuntime.update,{},[],"{""acceptedEvents"":0}","{""acceptedEvents"":0,""state"":{""phase"":""awaiting_expected_lead"",""expectedLeadSide"":""left"",""acceptedRepCount"":0,""leftLeadRepCount"":0,""rightLeadRepCount"":0,""ignoredStaleActionCount"":0,""duplicateSuppressedCount"":0,""wrongLeadCount"":0,""repSfxCount"":0}}",true,unsafe_credit,RULE-UNSAFE-CREDIT,
duplicate_terminal_evidence_single_credit,base,duplicate_stale,production_state_machine,src/training/stepUpAlternation/stateMachine.ts,advanceStepUpAlternationState,{},[],"{""acceptedRepCount"":1,""duplicateSuppressedCount"":1}","{""acceptedRepCount"":1,""duplicateSuppressedCount"":1}",true,duplicate_stale,RULE-DUPLICATE-STALE-CREDIT,
stale_callback_old_rep_ignored,base,duplicate_stale,production_state_machine,src/training/stepUpAlternation/stateMachine.ts,advanceStepUpAlternationState,{},[],"{""acceptedRepCount"":0,""ignoredStaleActionCount"":1}","{""acceptedRepCount"":0,""ignoredStaleActionCount"":1}",true,duplicate_stale,RULE-DUPLICATE-STALE-CREDIT,
stale_callback_old_set_ignored,base,duplicate_stale,production_state_machine,src/training/stepUpAlternation/stateMachine.ts,advanceStepUpAlternationState,{},[],"{""acceptedRepCount"":0,""ignoredStaleActionCount"":1}","{""acceptedRepCount"":0,""ignoredStaleActionCount"":1}",true,duplicate_stale,RULE-DUPLICATE-STALE-CREDIT,
generic_legacy_path_suppressed_for_alternation_acceptance,base,sfx_authority,production_runtime_update,src/training/sessionPlayer.ts;src/training/stepUpAlternation/runtime.ts,TrainingSessionPlayer.runSet;StepUpAlternationSetRuntime.fillSetUpdate,{},[],"{""alternationAccepted"":true,""genericRepCredited"":false,""sfxPlayed"":true}","{""acceptedEventCount"":1,""setUpdateRepCredited"":false,""repSfxCount"":1}",true,generic_double_credit,RULE-GENERIC-DOUBLE-CREDIT,
one_completed_set_one_canonical_set_result,base,set_result_progression,production_aggregation,src/training/stepUpAlternation/aggregation.ts;src/training/progression.ts,stepUpSetResultToLegacySetResult;summarizeItem,{},[],"{""setResultCount"":1,""reps"":12,""progressionReps"":12}","{""setResultCount"":1,""setResult"":{""exerciseId"":""step-up"",""reps"":12,""meanVel"":null,""holdSec"":null,""romPeak"":null,""autoregulated"":false,""reachedTarget"":true,""interruptions"":0,""flags"":[],""stepUpAlternation"":{""setIndex"":0,""startLeadSide"":""left"",""targetTotalReps"":12,""acceptedRepCount"":12,""leftLeadRepCount"":6,""rightLeadRepCount"":6,""alternationValid"":true,""completedTarget"":true}},""progression"":{""exerciseId"":""step-up"",""family"":""step-up"",""level"":1,""kind"":""reps"",""meanVel"":null,""totalReps"":12,""targetReps"":36,""reachedAllTargets"":false,""autoregulated"":false,""measured"":true}}",true,set_result,RULE-SETRESULT-DUPLICATION,
three_sets_progression_exactly_three_results,base,set_result_progression,production_aggregation,src/training/stepUpAlternation/aggregation.ts;src/training/progression.ts,stepUpSetResultToLegacySetResult;summarizeItem,{},[],"{""setResultCount"":3,""totalReps"":36}","{""setResultCount"":3,""progression"":{""exerciseId"":""step-up"",""family"":""step-up"",""level"":1,""kind"":""reps"",""meanVel"":null,""totalReps"":36,""targetReps"":36,""reachedAllTargets"":true,""autoregulated"":false,""measured"":true}}",true,set_result,RULE-SETRESULT-DUPLICATION,
invalid_side_imbalance_rejected_from_progression,base,set_result_progression,production_aggregation,src/training/stepUpAlternation/aggregation.ts,summarizeStepUpAlternationProgression,{},[],"{""progressionEligible"":false}","{""exerciseId"":""step-up"",""setCount"":3,""completedSetCount"":2,""totalAcceptedReps"":36,""leftLeadReps"":19,""rightLeadReps"":17,""alternationValid"":false,""progressionEligible"":false,""setResults"":[{""setIndex"":0,""startLeadSide"":""left"",""targetTotalReps"":12,""acceptedRepCount"":12,""leftLeadRepCount"":7,""rightLeadRepCount"":5,""alternationValid"":false,""completedTarget"":false,""repEvidence"":[{""repAttemptId"":""one_completed_set_one_canonical_set_result-rep-1"",""expectedLeadSide"":""left"",""observedLeadSide"":""left"",""startedAtMs"":100,""topReachedAtMs"":500,""returnedToFloorAtMs"":900,""bothFeetAtStart"":true,""expectedLeadInitiatedAscent"":true,""topPhaseValid"":true,""bothFeetReturnedToFloor"":true,""trackingValid"":true,""valid"":true,""endReason"":""accepted""},{""repAttemptId"":""one_completed_set_one_canonical_set_result-rep-2"",""expectedLeadSide"":""right"",""observedLeadSide"":""right"",""startedAtMs"":100,""topReachedAtMs"":500,""returnedToFloorAtMs"":900,""bothFeetAtStart"":true,""expectedLeadInitiatedAscent"":true,""topPhaseValid"":true,""bothFeetReturnedToFloor"":true,""trackingValid"":true,""valid"":true,""endReason"":""accepted""},{""repAttemptId"":""one_completed_set_one_canonical_set_result-rep-3"",""expectedLeadSide"":""left"",""observedLeadSide"":""left"",""startedAtMs"":100,""topReachedAtMs"":500,""returnedToFloorAtMs"":900,""bothFeetAtStart"":true,""expectedLeadInitiatedAscent"":true,""topPhaseValid"":true,""bothFeetReturnedToFloor"":true,""trackingValid"":true,""valid"":true,""endReason"":""accepted""},{""repAttemptId"":""one_completed_set_one_canonical_set_result-rep-4"",""expectedLeadSide"":""right"",""observedLeadSide"":""right"",""startedAtMs"":100,""topReachedAtMs"":500,""returnedToFloorAtMs"":900,""bothFeetAtStart"":true,""expectedLeadInitiatedAscent"":true,""topPhaseValid"":true,""bothFeetReturnedToFloor"":true,""trackingValid"":true,""valid"":true,""endReason"":""accepted""},{""repAttemptId"":""one_completed_set_one_canonical_set_result-rep-5"",""expectedLeadSide"":""left"",""observedLeadSide"":""left"",""startedAtMs"":100,""topReachedAtMs"":500,""returnedToFloorAtMs"":900,""bothFeetAtStart"":true,""expectedLeadInitiatedAscent"":true,""topPhaseValid"":true,""bothFeetReturnedToFloor"":true,""trackingValid"":true,""valid"":true,""endReason"":""accepted""},{""repAttemptId"":""one_completed_set_one_canonical_set_result-rep-6"",""expectedLeadSide"":""right"",""observedLeadSide"":""right"",""startedAtMs"":100,""topReachedAtMs"":500,""returnedToFloorAtMs"":900,""bothFeetAtStart"":true,""expectedLeadInitiatedAscent"":true,""topPhaseValid"":true,""bothFeetReturnedToFloor"":true,""trackingValid"":true,""valid"":true,""endReason"":""accepted""},{""repAttemptId"":""one_completed_set_one_canonical_set_result-rep-7"",""expectedLeadSide"":""left"",""observedLeadSide"":""left"",""startedAtMs"":100,""topReachedAtMs"":500,""returnedToFloorAtMs"":900,""bothFeetAtStart"":true,""expectedLeadInitiatedAscent"":true,""topPhaseValid"":true,""bothFeetReturnedToFloor"":true,""trackingValid"":true,""valid"":true,""endReason"":""accepted""},{""repAttemptId"":""one_completed_set_one_canonical_set_result-rep-8"",""expectedLeadSide"":""right"",""observedLeadSide"":""right"",""startedAtMs"":100,""topReachedAtMs"":500,""returnedToFloorAtMs"":900,""bothFeetAtStart"":true,""expectedLeadInitiatedAscent"":true,""topPhaseValid"":true,""bothFeetReturnedToFloor"":true,""trackingValid"":true,""valid"":true,""endReason"":""accepted""},{""repAttemptId"":""one_completed_set_one_canonical_set_result-rep-9"",""expectedLeadSide"":""left"",""observedLeadSide"":""left"",""startedAtMs"":100,""topReachedAtMs"":500,""returnedToFloorAtMs"":900,""bothFeetAtStart"":true,""expectedLeadInitiatedAscent"":true,""topPhaseValid"":true,""bothFeetReturnedToFloor"":true,""trackingValid"":true,""valid"":true,""endReason"":""accepted""},{""repAttemptId"":""one_completed_set_one_canonical_set_result-rep-10"",""expectedLeadSide"":""right"",""observedLeadSide"":""right"",""startedAtMs"":100,""topReachedAtMs"":500,""returnedToFloorAtMs"":900,""bothFeetAtStart"":true,""expectedLeadInitiatedAscent"":true,""topPhaseValid"":true,""bothFeetReturnedToFloor"":true,""trackingValid"":true,""valid"":true,""endReason"":""accepted""},{""repAttemptId"":""one_completed_set_one_canonical_set_result-rep-11"",""expectedLeadSide"":""left"",""observedLeadSide"":""left"",""startedAtMs"":100,""topReachedAtMs"":500,""returnedToFloorAtMs"":900,""bothFeetAtStart"":true,""expectedLeadInitiatedAscent"":true,""topPhaseValid"":true,""bothFeetReturnedToFloor"":true,""trackingValid"":true,""valid"":true,""endReason"":""accepted""},{""repAttemptId"":""one_completed_set_one_canonical_set_result-rep-12"",""expectedLeadSide"":""right"",""observedLeadSide"":""right"",""startedAtMs"":100,""topReachedAtMs"":500,""returnedToFloorAtMs"":900,""bothFeetAtStart"":true,""expectedLeadInitiatedAscent"":true,""topPhaseValid"":true,""bothFeetReturnedToFloor"":true,""trackingValid"":true,""valid"":true,""endReason"":""accepted""}],""repSfxCount"":12},{""setIndex"":1,""startLeadSide"":""right"",""targetTotalReps"":12,""acceptedRepCount"":12,""leftLeadRepCount"":6,""rightLeadRepCount"":6,""alternationValid"":true,""completedTarget"":true,""repEvidence"":[{""repAttemptId"":""three_sets_progression_exactly_three_results-rep-1"",""expectedLeadSide"":""right"",""observedLeadSide"":""right"",""startedAtMs"":100,""topReachedAtMs"":500,""returnedToFloorAtMs"":900,""bothFeetAtStart"":true,""expectedLeadInitiatedAscent"":true,""topPhaseValid"":true,""bothFeetReturnedToFloor"":true,""trackingValid"":true,""valid"":true,""endReason"":""accepted""},{""repAttemptId"":""three_sets_progression_exactly_three_results-rep-2"",""expectedLeadSide"":""left"",""observedLeadSide"":""left"",""startedAtMs"":100,""topReachedAtMs"":500,""returnedToFloorAtMs"":900,""bothFeetAtStart"":true,""expectedLeadInitiatedAscent"":true,""topPhaseValid"":true,""bothFeetReturnedToFloor"":true,""trackingValid"":true,""valid"":true,""endReason"":""accepted""},{""repAttemptId"":""three_sets_progression_exactly_three_results-rep-3"",""expectedLeadSide"":""right"",""observedLeadSide"":""right"",""startedAtMs"":100,""topReachedAtMs"":500,""returnedToFloorAtMs"":900,""bothFeetAtStart"":true,""expectedLeadInitiatedAscent"":true,""topPhaseValid"":true,""bothFeetReturnedToFloor"":true,""trackingValid"":true,""valid"":true,""endReason"":""accepted""},{""repAttemptId"":""three_sets_progression_exactly_three_results-rep-4"",""expectedLeadSide"":""left"",""observedLeadSide"":""left"",""startedAtMs"":100,""topReachedAtMs"":500,""returnedToFloorAtMs"":900,""bothFeetAtStart"":true,""expectedLeadInitiatedAscent"":true,""topPhaseValid"":true,""bothFeetReturnedToFloor"":true,""trackingValid"":true,""valid"":true,""endReason"":""accepted""},{""repAttemptId"":""three_sets_progression_exactly_three_results-rep-5"",""expectedLeadSide"":""right"",""observedLeadSide"":""right"",""startedAtMs"":100,""topReachedAtMs"":500,""returnedToFloorAtMs"":900,""bothFeetAtStart"":true,""expectedLeadInitiatedAscent"":true,""topPhaseValid"":true,""bothFeetReturnedToFloor"":true,""trackingValid"":true,""valid"":true,""endReason"":""accepted""},{""repAttemptId"":""three_sets_progression_exactly_three_results-rep-6"",""expectedLeadSide"":""left"",""observedLeadSide"":""left"",""startedAtMs"":100,""topReachedAtMs"":500,""returnedToFloorAtMs"":900,""bothFeetAtStart"":true,""expectedLeadInitiatedAscent"":true,""topPhaseValid"":true,""bothFeetReturnedToFloor"":true,""trackingValid"":true,""valid"":true,""endReason"":""accepted""},{""repAttemptId"":""three_sets_progression_exactly_three_results-rep-7"",""expectedLeadSide"":""right"",""observedLeadSide"":""right"",""startedAtMs"":100,""topReachedAtMs"":500,""returnedToFloorAtMs"":900,""bothFeetAtStart"":true,""expectedLeadInitiatedAscent"":true,""topPhaseValid"":true,""bothFeetReturnedToFloor"":true,""trackingValid"":true,""valid"":true,""endReason"":""accepted""},{""repAttemptId"":""three_sets_progression_exactly_three_results-rep-8"",""expectedLeadSide"":""left"",""observedLeadSide"":""left"",""startedAtMs"":100,""topReachedAtMs"":500,""returnedToFloorAtMs"":900,""bothFeetAtStart"":true,""expectedLeadInitiatedAscent"":true,""topPhaseValid"":true,""bothFeetReturnedToFloor"":true,""trackingValid"":true,""valid"":true,""endReason"":""accepted""},{""repAttemptId"":""three_sets_progression_exactly_three_results-rep-9"",""expectedLeadSide"":""right"",""observedLeadSide"":""right"",""startedAtMs"":100,""topReachedAtMs"":500,""returnedToFloorAtMs"":900,""bothFeetAtStart"":true,""expectedLeadInitiatedAscent"":true,""topPhaseValid"":true,""bothFeetReturnedToFloor"":true,""trackingValid"":true,""valid"":true,""endReason"":""accepted""},{""repAttemptId"":""three_sets_progression_exactly_three_results-rep-10"",""expectedLeadSide"":""left"",""observedLeadSide"":""left"",""startedAtMs"":100,""topReachedAtMs"":500,""returnedToFloorAtMs"":900,""bothFeetAtStart"":true,""expectedLeadInitiatedAscent"":true,""topPhaseValid"":true,""bothFeetReturnedToFloor"":true,""trackingValid"":true,""valid"":true,""endReason"":""accepted""},{""repAttemptId"":""three_sets_progression_exactly_three_results-rep-11"",""expectedLeadSide"":""right"",""observedLeadSide"":""right"",""startedAtMs"":100,""topReachedAtMs"":500,""returnedToFloorAtMs"":900,""bothFeetAtStart"":true,""expectedLeadInitiatedAscent"":true,""topPhaseValid"":true,""bothFeetReturnedToFloor"":true,""trackingValid"":true,""valid"":true,""endReason"":""accepted""},{""repAttemptId"":""three_sets_progression_exactly_three_results-rep-12"",""expectedLeadSide"":""left"",""observedLeadSide"":""left"",""startedAtMs"":100,""topReachedAtMs"":500,""returnedToFloorAtMs"":900,""bothFeetAtStart"":true,""expectedLeadInitiatedAscent"":true,""topPhaseValid"":true,""bothFeetReturnedToFloor"":true,""trackingValid"":true,""valid"":true,""endReason"":""accepted""}],""repSfxCount"":12},{""setIndex"":2,""startLeadSide"":""left"",""targetTotalReps"":12,""acceptedRepCount"":12,""leftLeadRepCount"":6,""rightLeadRepCount"":6,""alternationValid"":true,""completedTarget"":true,""repEvidence"":[{""repAttemptId"":""three_sets_progression_exactly_three_results-rep-1"",""expectedLeadSide"":""left"",""observedLeadSide"":""left"",""startedAtMs"":100,""topReachedAtMs"":500,""returnedToFloorAtMs"":900,""bothFeetAtStart"":true,""expectedLeadInitiatedAscent"":true,""topPhaseValid"":true,""bothFeetReturnedToFloor"":true,""trackingValid"":true,""valid"":true,""endReason"":""accepted""},{""repAttemptId"":""three_sets_progression_exactly_three_results-rep-2"",""expectedLeadSide"":""right"",""observedLeadSide"":""right"",""startedAtMs"":100,""topReachedAtMs"":500,""returnedToFloorAtMs"":900,""bothFeetAtStart"":true,""expectedLeadInitiatedAscent"":true,""topPhaseValid"":true,""bothFeetReturnedToFloor"":true,""trackingValid"":true,""valid"":true,""endReason"":""accepted""},{""repAttemptId"":""three_sets_progression_exactly_three_results-rep-3"",""expectedLeadSide"":""left"",""observedLeadSide"":""left"",""startedAtMs"":100,""topReachedAtMs"":500,""returnedToFloorAtMs"":900,""bothFeetAtStart"":true,""expectedLeadInitiatedAscent"":true,""topPhaseValid"":true,""bothFeetReturnedToFloor"":true,""trackingValid"":true,""valid"":true,""endReason"":""accepted""},{""repAttemptId"":""three_sets_progression_exactly_three_results-rep-4"",""expectedLeadSide"":""right"",""observedLeadSide"":""right"",""startedAtMs"":100,""topReachedAtMs"":500,""returnedToFloorAtMs"":900,""bothFeetAtStart"":true,""expectedLeadInitiatedAscent"":true,""topPhaseValid"":true,""bothFeetReturnedToFloor"":true,""trackingValid"":true,""valid"":true,""endReason"":""accepted""},{""repAttemptId"":""three_sets_progression_exactly_three_results-rep-5"",""expectedLeadSide"":""left"",""observedLeadSide"":""left"",""startedAtMs"":100,""topReachedAtMs"":500,""returnedToFloorAtMs"":900,""bothFeetAtStart"":true,""expectedLeadInitiatedAscent"":true,""topPhaseValid"":true,""bothFeetReturnedToFloor"":true,""trackingValid"":true,""valid"":true,""endReason"":""accepted""},{""repAttemptId"":""three_sets_progression_exactly_three_results-rep-6"",""expectedLeadSide"":""right"",""observedLeadSide"":""right"",""startedAtMs"":100,""topReachedAtMs"":500,""returnedToFloorAtMs"":900,""bothFeetAtStart"":true,""expectedLeadInitiatedAscent"":true,""topPhaseValid"":true,""bothFeetReturnedToFloor"":true,""trackingValid"":true,""valid"":true,""endReason"":""accepted""},{""repAttemptId"":""three_sets_progression_exactly_three_results-rep-7"",""expectedLeadSide"":""left"",""observedLeadSide"":""left"",""startedAtMs"":100,""topReachedAtMs"":500,""returnedToFloorAtMs"":900,""bothFeetAtStart"":true,""expectedLeadInitiatedAscent"":true,""topPhaseValid"":true,""bothFeetReturnedToFloor"":true,""trackingValid"":true,""valid"":true,""endReason"":""accepted""},{""repAttemptId"":""three_sets_progression_exactly_three_results-rep-8"",""expectedLeadSide"":""right"",""observedLeadSide"":""right"",""startedAtMs"":100,""topReachedAtMs"":500,""returnedToFloorAtMs"":900,""bothFeetAtStart"":true,""expectedLeadInitiatedAscent"":true,""topPhaseValid"":true,""bothFeetReturnedToFloor"":true,""trackingValid"":true,""valid"":true,""endReason"":""accepted""},{""repAttemptId"":""three_sets_progression_exactly_three_results-rep-9"",""expectedLeadSide"":""left"",""observedLeadSide"":""left"",""startedAtMs"":100,""topReachedAtMs"":500,""returnedToFloorAtMs"":900,""bothFeetAtStart"":true,""expectedLeadInitiatedAscent"":true,""topPhaseValid"":true,""bothFeetReturnedToFloor"":true,""trackingValid"":true,""valid"":true,""endReason"":""accepted""},{""repAttemptId"":""three_sets_progression_exactly_three_results-rep-10"",""expectedLeadSide"":""right"",""observedLeadSide"":""right"",""startedAtMs"":100,""topReachedAtMs"":500,""returnedToFloorAtMs"":900,""bothFeetAtStart"":true,""expectedLeadInitiatedAscent"":true,""topPhaseValid"":true,""bothFeetReturnedToFloor"":true,""trackingValid"":true,""valid"":true,""endReason"":""accepted""},{""repAttemptId"":""three_sets_progression_exactly_three_results-rep-11"",""expectedLeadSide"":""left"",""observedLeadSide"":""left"",""startedAtMs"":100,""topReachedAtMs"":500,""returnedToFloorAtMs"":900,""bothFeetAtStart"":true,""expectedLeadInitiatedAscent"":true,""topPhaseValid"":true,""bothFeetReturnedToFloor"":true,""trackingValid"":true,""valid"":true,""endReason"":""accepted""},{""repAttemptId"":""three_sets_progression_exactly_three_results-rep-12"",""expectedLeadSide"":""right"",""observedLeadSide"":""right"",""startedAtMs"":100,""topReachedAtMs"":500,""returnedToFloorAtMs"":900,""bothFeetAtStart"":true,""expectedLeadInitiatedAscent"":true,""topPhaseValid"":true,""bothFeetReturnedToFloor"":true,""trackingValid"":true,""valid"":true,""endReason"":""accepted""}],""repSfxCount"":12}]}",true,invalid_progression,RULE-INVALID-PROGRESSION,
invalid_broken_alternation_rejected_from_progression,base,set_result_progression,production_aggregation,src/training/stepUpAlternation/aggregation.ts,summarizeStepUpAlternationProgression,{},[],"{""progressionEligible"":false}","{""exerciseId"":""step-up"",""setCount"":3,""completedSetCount"":2,""totalAcceptedReps"":36,""leftLeadReps"":18,""rightLeadReps"":18,""alternationValid"":false,""progressionEligible"":false,""setResults"":[{""setIndex"":0,""startLeadSide"":""left"",""targetTotalReps"":12,""acceptedRepCount"":12,""leftLeadRepCount"":6,""rightLeadRepCount"":6,""alternationValid"":false,""completedTarget"":true,""repEvidence"":[{""repAttemptId"":""one_completed_set_one_canonical_set_result-rep-1"",""expectedLeadSide"":""left"",""observedLeadSide"":""left"",""startedAtMs"":100,""topReachedAtMs"":500,""returnedToFloorAtMs"":900,""bothFeetAtStart"":true,""expectedLeadInitiatedAscent"":true,""topPhaseValid"":true,""bothFeetReturnedToFloor"":true,""trackingValid"":true,""valid"":true,""endReason"":""accepted""},{""repAttemptId"":""one_completed_set_one_canonical_set_result-rep-2"",""expectedLeadSide"":""right"",""observedLeadSide"":""right"",""startedAtMs"":100,""topReachedAtMs"":500,""returnedToFloorAtMs"":900,""bothFeetAtStart"":true,""expectedLeadInitiatedAscent"":true,""topPhaseValid"":true,""bothFeetReturnedToFloor"":true,""trackingValid"":true,""valid"":true,""endReason"":""accepted""},{""repAttemptId"":""one_completed_set_one_canonical_set_result-rep-3"",""expectedLeadSide"":""left"",""observedLeadSide"":""left"",""startedAtMs"":100,""topReachedAtMs"":500,""returnedToFloorAtMs"":900,""bothFeetAtStart"":true,""expectedLeadInitiatedAscent"":true,""topPhaseValid"":true,""bothFeetReturnedToFloor"":true,""trackingValid"":true,""valid"":true,""endReason"":""accepted""},{""repAttemptId"":""one_completed_set_one_canonical_set_result-rep-4"",""expectedLeadSide"":""right"",""observedLeadSide"":""right"",""startedAtMs"":100,""topReachedAtMs"":500,""returnedToFloorAtMs"":900,""bothFeetAtStart"":true,""expectedLeadInitiatedAscent"":true,""topPhaseValid"":true,""bothFeetReturnedToFloor"":true,""trackingValid"":true,""valid"":true,""endReason"":""accepted""},{""repAttemptId"":""one_completed_set_one_canonical_set_result-rep-5"",""expectedLeadSide"":""left"",""observedLeadSide"":""left"",""startedAtMs"":100,""topReachedAtMs"":500,""returnedToFloorAtMs"":900,""bothFeetAtStart"":true,""expectedLeadInitiatedAscent"":true,""topPhaseValid"":true,""bothFeetReturnedToFloor"":true,""trackingValid"":true,""valid"":true,""endReason"":""accepted""},{""repAttemptId"":""one_completed_set_one_canonical_set_result-rep-6"",""expectedLeadSide"":""right"",""observedLeadSide"":""right"",""startedAtMs"":100,""topReachedAtMs"":500,""returnedToFloorAtMs"":900,""bothFeetAtStart"":true,""expectedLeadInitiatedAscent"":true,""topPhaseValid"":true,""bothFeetReturnedToFloor"":true,""trackingValid"":true,""valid"":true,""endReason"":""accepted""},{""repAttemptId"":""one_completed_set_one_canonical_set_result-rep-7"",""expectedLeadSide"":""left"",""observedLeadSide"":""left"",""startedAtMs"":100,""topReachedAtMs"":500,""returnedToFloorAtMs"":900,""bothFeetAtStart"":true,""expectedLeadInitiatedAscent"":true,""topPhaseValid"":true,""bothFeetReturnedToFloor"":true,""trackingValid"":true,""valid"":true,""endReason"":""accepted""},{""repAttemptId"":""one_completed_set_one_canonical_set_result-rep-8"",""expectedLeadSide"":""right"",""observedLeadSide"":""right"",""startedAtMs"":100,""topReachedAtMs"":500,""returnedToFloorAtMs"":900,""bothFeetAtStart"":true,""expectedLeadInitiatedAscent"":true,""topPhaseValid"":true,""bothFeetReturnedToFloor"":true,""trackingValid"":true,""valid"":true,""endReason"":""accepted""},{""repAttemptId"":""one_completed_set_one_canonical_set_result-rep-9"",""expectedLeadSide"":""left"",""observedLeadSide"":""left"",""startedAtMs"":100,""topReachedAtMs"":500,""returnedToFloorAtMs"":900,""bothFeetAtStart"":true,""expectedLeadInitiatedAscent"":true,""topPhaseValid"":true,""bothFeetReturnedToFloor"":true,""trackingValid"":true,""valid"":true,""endReason"":""accepted""},{""repAttemptId"":""one_completed_set_one_canonical_set_result-rep-10"",""expectedLeadSide"":""right"",""observedLeadSide"":""right"",""startedAtMs"":100,""topReachedAtMs"":500,""returnedToFloorAtMs"":900,""bothFeetAtStart"":true,""expectedLeadInitiatedAscent"":true,""topPhaseValid"":true,""bothFeetReturnedToFloor"":true,""trackingValid"":true,""valid"":true,""endReason"":""accepted""},{""repAttemptId"":""one_completed_set_one_canonical_set_result-rep-11"",""expectedLeadSide"":""left"",""observedLeadSide"":""left"",""startedAtMs"":100,""topReachedAtMs"":500,""returnedToFloorAtMs"":900,""bothFeetAtStart"":true,""expectedLeadInitiatedAscent"":true,""topPhaseValid"":true,""bothFeetReturnedToFloor"":true,""trackingValid"":true,""valid"":true,""endReason"":""accepted""},{""repAttemptId"":""one_completed_set_one_canonical_set_result-rep-12"",""expectedLeadSide"":""right"",""observedLeadSide"":""right"",""startedAtMs"":100,""topReachedAtMs"":500,""returnedToFloorAtMs"":900,""bothFeetAtStart"":true,""expectedLeadInitiatedAscent"":true,""topPhaseValid"":true,""bothFeetReturnedToFloor"":true,""trackingValid"":true,""valid"":true,""endReason"":""accepted""}],""repSfxCount"":12},{""setIndex"":1,""startLeadSide"":""right"",""targetTotalReps"":12,""acceptedRepCount"":12,""leftLeadRepCount"":6,""rightLeadRepCount"":6,""alternationValid"":true,""completedTarget"":true,""repEvidence"":[{""repAttemptId"":""three_sets_progression_exactly_three_results-rep-1"",""expectedLeadSide"":""right"",""observedLeadSide"":""right"",""startedAtMs"":100,""topReachedAtMs"":500,""returnedToFloorAtMs"":900,""bothFeetAtStart"":true,""expectedLeadInitiatedAscent"":true,""topPhaseValid"":true,""bothFeetReturnedToFloor"":true,""trackingValid"":true,""valid"":true,""endReason"":""accepted""},{""repAttemptId"":""three_sets_progression_exactly_three_results-rep-2"",""expectedLeadSide"":""left"",""observedLeadSide"":""left"",""startedAtMs"":100,""topReachedAtMs"":500,""returnedToFloorAtMs"":900,""bothFeetAtStart"":true,""expectedLeadInitiatedAscent"":true,""topPhaseValid"":true,""bothFeetReturnedToFloor"":true,""trackingValid"":true,""valid"":true,""endReason"":""accepted""},{""repAttemptId"":""three_sets_progression_exactly_three_results-rep-3"",""expectedLeadSide"":""right"",""observedLeadSide"":""right"",""startedAtMs"":100,""topReachedAtMs"":500,""returnedToFloorAtMs"":900,""bothFeetAtStart"":true,""expectedLeadInitiatedAscent"":true,""topPhaseValid"":true,""bothFeetReturnedToFloor"":true,""trackingValid"":true,""valid"":true,""endReason"":""accepted""},{""repAttemptId"":""three_sets_progression_exactly_three_results-rep-4"",""expectedLeadSide"":""left"",""observedLeadSide"":""left"",""startedAtMs"":100,""topReachedAtMs"":500,""returnedToFloorAtMs"":900,""bothFeetAtStart"":true,""expectedLeadInitiatedAscent"":true,""topPhaseValid"":true,""bothFeetReturnedToFloor"":true,""trackingValid"":true,""valid"":true,""endReason"":""accepted""},{""repAttemptId"":""three_sets_progression_exactly_three_results-rep-5"",""expectedLeadSide"":""right"",""observedLeadSide"":""right"",""startedAtMs"":100,""topReachedAtMs"":500,""returnedToFloorAtMs"":900,""bothFeetAtStart"":true,""expectedLeadInitiatedAscent"":true,""topPhaseValid"":true,""bothFeetReturnedToFloor"":true,""trackingValid"":true,""valid"":true,""endReason"":""accepted""},{""repAttemptId"":""three_sets_progression_exactly_three_results-rep-6"",""expectedLeadSide"":""left"",""observedLeadSide"":""left"",""startedAtMs"":100,""topReachedAtMs"":500,""returnedToFloorAtMs"":900,""bothFeetAtStart"":true,""expectedLeadInitiatedAscent"":true,""topPhaseValid"":true,""bothFeetReturnedToFloor"":true,""trackingValid"":true,""valid"":true,""endReason"":""accepted""},{""repAttemptId"":""three_sets_progression_exactly_three_results-rep-7"",""expectedLeadSide"":""right"",""observedLeadSide"":""right"",""startedAtMs"":100,""topReachedAtMs"":500,""returnedToFloorAtMs"":900,""bothFeetAtStart"":true,""expectedLeadInitiatedAscent"":true,""topPhaseValid"":true,""bothFeetReturnedToFloor"":true,""trackingValid"":true,""valid"":true,""endReason"":""accepted""},{""repAttemptId"":""three_sets_progression_exactly_three_results-rep-8"",""expectedLeadSide"":""left"",""observedLeadSide"":""left"",""startedAtMs"":100,""topReachedAtMs"":500,""returnedToFloorAtMs"":900,""bothFeetAtStart"":true,""expectedLeadInitiatedAscent"":true,""topPhaseValid"":true,""bothFeetReturnedToFloor"":true,""trackingValid"":true,""valid"":true,""endReason"":""accepted""},{""repAttemptId"":""three_sets_progression_exactly_three_results-rep-9"",""expectedLeadSide"":""right"",""observedLeadSide"":""right"",""startedAtMs"":100,""topReachedAtMs"":500,""returnedToFloorAtMs"":900,""bothFeetAtStart"":true,""expectedLeadInitiatedAscent"":true,""topPhaseValid"":true,""bothFeetReturnedToFloor"":true,""trackingValid"":true,""valid"":true,""endReason"":""accepted""},{""repAttemptId"":""three_sets_progression_exactly_three_results-rep-10"",""expectedLeadSide"":""left"",""observedLeadSide"":""left"",""startedAtMs"":100,""topReachedAtMs"":500,""returnedToFloorAtMs"":900,""bothFeetAtStart"":true,""expectedLeadInitiatedAscent"":true,""topPhaseValid"":true,""bothFeetReturnedToFloor"":true,""trackingValid"":true,""valid"":true,""endReason"":""accepted""},{""repAttemptId"":""three_sets_progression_exactly_three_results-rep-11"",""expectedLeadSide"":""right"",""observedLeadSide"":""right"",""startedAtMs"":100,""topReachedAtMs"":500,""returnedToFloorAtMs"":900,""bothFeetAtStart"":true,""expectedLeadInitiatedAscent"":true,""topPhaseValid"":true,""bothFeetReturnedToFloor"":true,""trackingValid"":true,""valid"":true,""endReason"":""accepted""},{""repAttemptId"":""three_sets_progression_exactly_three_results-rep-12"",""expectedLeadSide"":""left"",""observedLeadSide"":""left"",""startedAtMs"":100,""topReachedAtMs"":500,""returnedToFloorAtMs"":900,""bothFeetAtStart"":true,""expectedLeadInitiatedAscent"":true,""topPhaseValid"":true,""bothFeetReturnedToFloor"":true,""trackingValid"":true,""valid"":true,""endReason"":""accepted""}],""repSfxCount"":12},{""setIndex"":2,""startLeadSide"":""left"",""targetTotalReps"":12,""acceptedRepCount"":12,""leftLeadRepCount"":6,""rightLeadRepCount"":6,""alternationValid"":true,""completedTarget"":true,""repEvidence"":[{""repAttemptId"":""three_sets_progression_exactly_three_results-rep-1"",""expectedLeadSide"":""left"",""observedLeadSide"":""left"",""startedAtMs"":100,""topReachedAtMs"":500,""returnedToFloorAtMs"":900,""bothFeetAtStart"":true,""expectedLeadInitiatedAscent"":true,""topPhaseValid"":true,""bothFeetReturnedToFloor"":true,""trackingValid"":true,""valid"":true,""endReason"":""accepted""},{""repAttemptId"":""three_sets_progression_exactly_three_results-rep-2"",""expectedLeadSide"":""right"",""observedLeadSide"":""right"",""startedAtMs"":100,""topReachedAtMs"":500,""returnedToFloorAtMs"":900,""bothFeetAtStart"":true,""expectedLeadInitiatedAscent"":true,""topPhaseValid"":true,""bothFeetReturnedToFloor"":true,""trackingValid"":true,""valid"":true,""endReason"":""accepted""},{""repAttemptId"":""three_sets_progression_exactly_three_results-rep-3"",""expectedLeadSide"":""left"",""observedLeadSide"":""left"",""startedAtMs"":100,""topReachedAtMs"":500,""returnedToFloorAtMs"":900,""bothFeetAtStart"":true,""expectedLeadInitiatedAscent"":true,""topPhaseValid"":true,""bothFeetReturnedToFloor"":true,""trackingValid"":true,""valid"":true,""endReason"":""accepted""},{""repAttemptId"":""three_sets_progression_exactly_three_results-rep-4"",""expectedLeadSide"":""right"",""observedLeadSide"":""right"",""startedAtMs"":100,""topReachedAtMs"":500,""returnedToFloorAtMs"":900,""bothFeetAtStart"":true,""expectedLeadInitiatedAscent"":true,""topPhaseValid"":true,""bothFeetReturnedToFloor"":true,""trackingValid"":true,""valid"":true,""endReason"":""accepted""},{""repAttemptId"":""three_sets_progression_exactly_three_results-rep-5"",""expectedLeadSide"":""left"",""observedLeadSide"":""left"",""startedAtMs"":100,""topReachedAtMs"":500,""returnedToFloorAtMs"":900,""bothFeetAtStart"":true,""expectedLeadInitiatedAscent"":true,""topPhaseValid"":true,""bothFeetReturnedToFloor"":true,""trackingValid"":true,""valid"":true,""endReason"":""accepted""},{""repAttemptId"":""three_sets_progression_exactly_three_results-rep-6"",""expectedLeadSide"":""right"",""observedLeadSide"":""right"",""startedAtMs"":100,""topReachedAtMs"":500,""returnedToFloorAtMs"":900,""bothFeetAtStart"":true,""expectedLeadInitiatedAscent"":true,""topPhaseValid"":true,""bothFeetReturnedToFloor"":true,""trackingValid"":true,""valid"":true,""endReason"":""accepted""},{""repAttemptId"":""three_sets_progression_exactly_three_results-rep-7"",""expectedLeadSide"":""left"",""observedLeadSide"":""left"",""startedAtMs"":100,""topReachedAtMs"":500,""returnedToFloorAtMs"":900,""bothFeetAtStart"":true,""expectedLeadInitiatedAscent"":true,""topPhaseValid"":true,""bothFeetReturnedToFloor"":true,""trackingValid"":true,""valid"":true,""endReason"":""accepted""},{""repAttemptId"":""three_sets_progression_exactly_three_results-rep-8"",""expectedLeadSide"":""right"",""observedLeadSide"":""right"",""startedAtMs"":100,""topReachedAtMs"":500,""returnedToFloorAtMs"":900,""bothFeetAtStart"":true,""expectedLeadInitiatedAscent"":true,""topPhaseValid"":true,""bothFeetReturnedToFloor"":true,""trackingValid"":true,""valid"":true,""endReason"":""accepted""},{""repAttemptId"":""three_sets_progression_exactly_three_results-rep-9"",""expectedLeadSide"":""left"",""observedLeadSide"":""left"",""startedAtMs"":100,""topReachedAtMs"":500,""returnedToFloorAtMs"":900,""bothFeetAtStart"":true,""expectedLeadInitiatedAscent"":true,""topPhaseValid"":true,""bothFeetReturnedToFloor"":true,""trackingValid"":true,""valid"":true,""endReason"":""accepted""},{""repAttemptId"":""three_sets_progression_exactly_three_results-rep-10"",""expectedLeadSide"":""right"",""observedLeadSide"":""right"",""startedAtMs"":100,""topReachedAtMs"":500,""returnedToFloorAtMs"":900,""bothFeetAtStart"":true,""expectedLeadInitiatedAscent"":true,""topPhaseValid"":true,""bothFeetReturnedToFloor"":true,""trackingValid"":true,""valid"":true,""endReason"":""accepted""},{""repAttemptId"":""three_sets_progression_exactly_three_results-rep-11"",""expectedLeadSide"":""left"",""observedLeadSide"":""left"",""startedAtMs"":100,""topReachedAtMs"":500,""returnedToFloorAtMs"":900,""bothFeetAtStart"":true,""expectedLeadInitiatedAscent"":true,""topPhaseValid"":true,""bothFeetReturnedToFloor"":true,""trackingValid"":true,""valid"":true,""endReason"":""accepted""},{""repAttemptId"":""three_sets_progression_exactly_three_results-rep-12"",""expectedLeadSide"":""right"",""observedLeadSide"":""right"",""startedAtMs"":100,""topReachedAtMs"":500,""returnedToFloorAtMs"":900,""bothFeetAtStart"":true,""expectedLeadInitiatedAscent"":true,""topPhaseValid"":true,""bothFeetReturnedToFloor"":true,""trackingValid"":true,""valid"":true,""endReason"":""accepted""}],""repSfxCount"":12}]}",true,invalid_progression,RULE-INVALID-PROGRESSION,
step_up_valid_time_not_applicable_not_doubled,base,set_result_progression,production_valid_time_summary,src/training/validTimeProgression.ts,summarizeValidTimeSets,{},[],"{""validTime"":null}","{""validTime"":null}",true,valid_time,RULE-INVALID-PROGRESSION,
local_runtime_roundtrip_after_six_reps,base,roundtrip,production_local_serialization,src/training/serialize.ts;src/training/stepUpAlternation/persistence.ts,serializeStepUpAlternationRuntimeState;deserializeStepUpAlternationRuntimeState;validSerializedTrainingSetRuntime via focused Jest,{},[],"{""acceptedRepCount"":6,""activeRuntimePreserved"":true}","{""runtimeRestore"":{""plan"":{""version"":1,""exerciseId"":""step-up"",""targetTotalReps"":12,""targetLeftLeadReps"":6,""targetRightLeadReps"":6,""setCount"":3,""initialLeadSide"":""left"",""setStartLeadSides"":[""left"",""right"",""left""],""sourceSetCount"":3,""sourceTargetRepsPerSet"":12,""sourcePrescriptionFingerprint"":""step-up-source_731cf0ad"",""planFingerprint"":""sua1_c6eceba6"",""runtimeSelectable"":true,""blockerReasonCodes"":[""STEP_UP_ALTERNATION_READY""]},""setIndex"":0,""startLeadSide"":""left"",""expectedLeadSide"":""left"",""phase"":""ready_both_feet_floor"",""currentRepAttemptId"":null,""acceptedRepCount"":6,""leftLeadRepCount"":3,""rightLeadRepCount"":3,""repEvidence"":[{""repAttemptId"":""local-six-1"",""expectedLeadSide"":""left"",""observedLeadSide"":""left"",""startedAtMs"":100,""topReachedAtMs"":500,""returnedToFloorAtMs"":900,""bothFeetAtStart"":true,""expectedLeadInitiatedAscent"":true,""topPhaseValid"":true,""bothFeetReturnedToFloor"":true,""trackingValid"":true,""valid"":true,""endReason"":""accepted""},{""repAttemptId"":""local-six-2"",""expectedLeadSide"":""right"",""observedLeadSide"":""right"",""startedAtMs"":100,""topReachedAtMs"":500,""returnedToFloorAtMs"":900,""bothFeetAtStart"":true,""expectedLeadInitiatedAscent"":true,""topPhaseValid"":true,""bothFeetReturnedToFloor"":true,""trackingValid"":true,""valid"":true,""endReason"":""accepted""},{""repAttemptId"":""local-six-3"",""expectedLeadSide"":""left"",""observedLeadSide"":""left"",""startedAtMs"":100,""topReachedAtMs"":500,""returnedToFloorAtMs"":900,""bothFeetAtStart"":true,""expectedLeadInitiatedAscent"":true,""topPhaseValid"":true,""bothFeetReturnedToFloor"":true,""trackingValid"":true,""valid"":true,""endReason"":""accepted""},{""repAttemptId"":""local-six-4"",""expectedLeadSide"":""right"",""observedLeadSide"":""right"",""startedAtMs"":100,""topReachedAtMs"":500,""returnedToFloorAtMs"":900,""bothFeetAtStart"":true,""expectedLeadInitiatedAscent"":true,""topPhaseValid"":true,""bothFeetReturnedToFloor"":true,""trackingValid"":true,""valid"":true,""endReason"":""accepted""},{""repAttemptId"":""local-six-5"",""expectedLeadSide"":""left"",""observedLeadSide"":""left"",""startedAtMs"":100,""topReachedAtMs"":500,""returnedToFloorAtMs"":900,""bothFeetAtStart"":true,""expectedLeadInitiatedAscent"":true,""topPhaseValid"":true,""bothFeetReturnedToFloor"":true,""trackingValid"":true,""valid"":true,""endReason"":""accepted""},{""repAttemptId"":""local-six-6"",""expectedLeadSide"":""right"",""observedLeadSide"":""right"",""startedAtMs"":100,""topReachedAtMs"":500,""returnedToFloorAtMs"":900,""bothFeetAtStart"":true,""expectedLeadInitiatedAscent"":true,""topPhaseValid"":true,""bothFeetReturnedToFloor"":true,""trackingValid"":true,""valid"":true,""endReason"":""accepted""}],""retiredRepAttemptIds"":[""local-six-1"",""local-six-2"",""local-six-3"",""local-six-4"",""local-six-5"",""local-six-6""],""stageEpoch"":14,""ignoredStaleActionCount"":0,""duplicateSuppressedCount"":0,""wrongLeadCount"":0,""repSfxCount"":6},""trainingActiveRuntimeKind"":""step_up_alternation""}",true,local_roundtrip,RULE-LOCAL-ROUNDTRIP,
local_runtime_restore_mid_rep_retires_partial,base,roundtrip,production_local_restore,src/training/stepUpAlternation/persistence.ts;src/training/stepUpAlternation/stateMachine.ts,restoreStepUpAlternationRuntimeState;advanceStepUpAlternationState,{},[],"{""acceptedRepCount"":0,""ignoredStaleActionCount"":1}","{""acceptedRepCount"":0,""ignoredStaleActionCount"":1}",true,local_roundtrip;duplicate_stale,RULE-LOCAL-ROUNDTRIP;RULE-DUPLICATE-STALE-CREDIT,
backend_sanitize_sync_restore_preserves_plan_runtime_seed,base,roundtrip,backend_shape_roundtrip_plus_focused_jest,src/services/backend/trainingStateSyncService.ts;src/services/backend/restoreService.ts;src/training/serialize.ts,mapLocalTrainingStateToRemotePayload;mapRemoteTrainingStateToLocal;deserializeTrainingState,{},[],"{""planPreserved"":true,""activeRuntimePreserved"":true,""seedPreserved"":true}","{""payload"":{""snapshotSchemaVersion"":1,""trainingSchemaVersion"":4,""capturedAt"":""2026-06-25T09:10:00.000Z"",""activeLegacyTrainingBlock"":{""createdAt"":""2026-06-25T08:00:00.000Z"",""weeks"":4,""sessionsPerWeek"":3,""weakestDomain"":""strength"",""sessions"":[]},""progress"":{""completedSessions"":1,""lastSessionAt"":""2026-06-25T09:00:00.000Z"",""retestDueAt"":null},""progression"":{""levels"":{},""velHistory"":{}},""equipment"":{""stair"":false,""band"":false,""miniBand"":false,""load"":false},""planPreferences"":{""preferredIntensity"":""standard""},""ladderProgressById"":{},""appliedProgressionEventIds"":[],""bothSidesStartSideSeed"":{""nextBothSidesStartSideByExercise"":{""step-up"":""right""},""appliedBothSidesStartSideFlipEventIds"":[""backend-main-completion:step-up""]},""activeSetRuntime"":{""kind"":""step_up_alternation"",""schemaVersion"":1,""state"":{""plan"":{""version"":1,""exerciseId"":""step-up"",""targetTotalReps"":12,""targetLeftLeadReps"":6,""targetRightLeadReps"":6,""setCount"":3,""initialLeadSide"":""right"",""setStartLeadSides"":[""right"",""left"",""right""],""sourceSetCount"":3,""sourceTargetRepsPerSet"":12,""sourcePrescriptionFingerprint"":""step-up-source_731cf0ad"",""planFingerprint"":""sua1_421bd884"",""runtimeSelectable"":true,""blockerReasonCodes"":[""STEP_UP_ALTERNATION_READY""]},""setIndex"":0,""startLeadSide"":""right"",""expectedLeadSide"":""right"",""phase"":""set_setup"",""currentRepAttemptId"":null,""acceptedRepCount"":0,""leftLeadRepCount"":0,""rightLeadRepCount"":0,""repEvidence"":[],""retiredRepAttemptIds"":[],""stageEpoch"":1,""ignoredStaleActionCount"":0,""duplicateSuppressedCount"":0,""wrongLeadCount"":0,""repSfxCount"":0},""adapter"":{""schemaVersion"":1,""floorBaseline"":{""leftFootY"":0.9,""rightFootY"":0.9}}},""generatedSessionContext"":{""totalPersisted"":1,""recentSummaries"":[{""id"":""generated-step-up"",""blockId"":null,""source"":""block_generated"",""templateId"":null,""title"":""Strength Session B"",""completedAt"":null,""exerciseIds"":[""step-up""],""exercises"":[{""exerciseId"":""step-up"",""ladderId"":null,""levelId"":null,""slotType"":null,""sets"":3,""repsPerSet"":12,""secondsPerSet"":null,""measurementTier"":null,""intendedDomain"":null,""stimulusRole"":null,""stimulusReason"":null,""requestedLevelId"":null,""storedLevelId"":null,""selectedDailyLevelId"":null,""progressionPolicySelectionReason"":null,""progressionPolicyDiagnostics"":null,""doseBeforeAdjustment"":null,""adjustmentReasons"":null,""collectionSelection"":null,""bothSidesDosePlan"":null,""bothSidesInitialStartSide"":null,""stepUpAlternationPlan"":{""version"":1,""exerciseId"":""step-up"",""targetTotalReps"":12,""targetLeftLeadReps"":6,""targetRightLeadReps"":6,""setCount"":3,""initialLeadSide"":""right"",""setStartLeadSides"":[""right"",""left"",""right""],""sourceSetCount"":3,""sourceTargetRepsPerSet"":12,""sourcePrescriptionFingerprint"":""step-up-source_731cf0ad"",""planFingerprint"":""sua1_421bd884"",""runtimeSelectable"":true,""blockerReasonCodes"":[""STEP_UP_ALTERNATION_READY""]},""stepUpInitialLeadSide"":""right""}]}]},""lastPostSessionFeedback"":null},""restoredActiveRuntime"":""step_up_alternation"",""restoredSeed"":""right"",""restoredPlanFingerprint"":""sua1_421bd884""}",true,backend_roundtrip,RULE-BACKEND-ROUNDTRIP,
seed_main_plan_completion_flips_exactly_once,base,seed,production_seed_helper,App.tsx;src/training/bothSidesRounds/startSide.ts,applyBothSidesExerciseCompletionToStartSideSeed;nextBothSidesStartSideForExercise,{},[],"{""nextSide"":""right"",""mutationCount"":1}","{""nextSide"":""right"",""mutationCount"":1,""seed"":{""nextBothSidesStartSideByExercise"":{""step-up"":""right""},""appliedBothSidesStartSideFlipEventIds"":[""main:step-up""]}}",true,seed,RULE-SEED-MUTATION,
seed_skip_does_not_flip,base,seed,production_seed_helper,App.tsx;src/training/bothSidesRounds/startSide.ts,applyBothSidesExerciseCompletionToStartSideSeed;nextBothSidesStartSideForExercise,{},[],"{""nextSide"":""left"",""mutationCount"":0}","{""nextSide"":""left"",""mutationCount"":0,""seed"":{""nextBothSidesStartSideByExercise"":{},""appliedBothSidesStartSideFlipEventIds"":[]}}",true,seed,RULE-SEED-MUTATION,
seed_cancel_incomplete_does_not_flip,base,seed,production_seed_helper,App.tsx;src/training/bothSidesRounds/startSide.ts,applyBothSidesExerciseCompletionToStartSideSeed;nextBothSidesStartSideForExercise,{},[],"{""nextSide"":""left"",""mutationCount"":0}","{""nextSide"":""left"",""mutationCount"":0,""seed"":{""nextBothSidesStartSideByExercise"":{},""appliedBothSidesStartSideFlipEventIds"":[]}}",true,seed,RULE-SEED-MUTATION,
seed_manual_practice_does_not_flip,base,seed,production_seed_helper,App.tsx;src/training/bothSidesRounds/startSide.ts,applyBothSidesExerciseCompletionToStartSideSeed;nextBothSidesStartSideForExercise,{},[],"{""nextSide"":""left"",""mutationCount"":0}","{""nextSide"":""left"",""mutationCount"":0,""seed"":{""nextBothSidesStartSideByExercise"":{},""appliedBothSidesStartSideFlipEventIds"":[]}}",true,seed,RULE-SEED-MUTATION,
seed_explore_completion_does_not_flip,base,seed,production_seed_helper,App.tsx;src/training/bothSidesRounds/startSide.ts,applyBothSidesExerciseCompletionToStartSideSeed;nextBothSidesStartSideForExercise,{},[],"{""nextSide"":""left"",""mutationCount"":0}","{""nextSide"":""left"",""mutationCount"":0,""seed"":{""nextBothSidesStartSideByExercise"":{},""appliedBothSidesStartSideFlipEventIds"":[]}}",true,seed,RULE-SEED-MUTATION,
voice_v21_live_expected_lead_and_target_match,base,voice_context,production_runtime_context_to_voice_planner,src/training/sessionPlayer.ts;src/training/voiceV21/sequencePlanner.ts;src/training/voiceV21/readiness.ts,StepUpAlternationSetRuntime.update;planTrainingVoiceSequenceV21,{},[],"{""expectedLeadSide"":""right"",""targetTotalReps"":12,""cueKey"":""step-up-wrong-right-v21""}","{""context"":{""plan"":{""version"":1,""exerciseId"":""step-up"",""targetTotalReps"":12,""targetLeftLeadReps"":6,""targetRightLeadReps"":6,""setCount"":3,""initialLeadSide"":""left"",""setStartLeadSides"":[""left"",""right"",""left""],""sourceSetCount"":3,""sourceTargetRepsPerSet"":12,""sourcePrescriptionFingerprint"":""step-up-source_731cf0ad"",""planFingerprint"":""sua1_c6eceba6"",""runtimeSelectable"":true,""blockerReasonCodes"":[""STEP_UP_ALTERNATION_READY""]},""expectedLeadSide"":""right"",""startLeadSide"":""left"",""acceptedRepCount"":1,""leftLeadRepCount"":1,""rightLeadRepCount"":0,""targetTotalReps"":12},""cueKeys"":[""step-up-wrong-right-v21"",""final-position-set-v21""],""targetPlan"":{""supported"":true,""cueKey"":""target-step-up-v21"",""exactScript"":""Do twelve total reps."",""visibleText"":""Do twelve total reps."",""spokenText"":""Do twelve total reps."",""value"":12,""unit"":""rep"",""singular"":false,""reasonCodes"":[""target_derived_from_step_up_alternation_plan""]}}",true,voice_context,RULE-VOICE-CONTEXT,
project_boundaries_remain_default_closed,base,project_boundary,production_constants,src/training/stepUpAlternation/readiness.ts;src/training/voiceV21/readiness.ts;src/config/eyesOpenBalanceProtocolV2.ts,selectTrainingStepUpAlternationMode;resolveTrainingVoiceRuntimeReadinessV21,{},[],"{""stepUpDefaultSelectable"":false,""voiceSelectable"":false,""balanceSelectable"":false,""voiceAudioReady"":false,""voiceBehaviorReady"":false}","{""selectorDefault"":{""mode"":""legacy"",""featureEnabled"":false,""internalV21RuntimeReady"":false,""selectable"":false,""reasonCodes"":[""feature_flag_off"",""internal_v21_runtime_not_ready""]},""tvReadiness"":{""exerciseId"":""step-up"",""softwareContractValid"":true,""behaviorReady"":false,""targetReady"":true,""safetyPlanReady"":true,""audioReady"":false,""selectable"":false,""blockers"":[""behavior_dependency:IR-VOICE-SAFETY-SUBSUMPTION"",""global_behavior_ready_false"",""global_audio_ready_false"",""missing_audio:ex-step-up-first-v21"",""missing_audio:ex-step-up-next-v21"",""missing_audio:step-up-start-left-v21"",""missing_audio:step-up-start-right-v21"",""missing_audio:target-step-up-v21""],""legacyFallbackAvailable"":true,""notes"":""Training Voice V2.1 item is blocked and must use the legacy voice path.""},""trainingVoiceAudioReady"":false,""trainingVoiceBehaviorReady"":false,""balanceSelectable"":false,""balanceAudioReady"":false,""implementationRequirements"":[""IR-VOICE-SAFETY-SUBSUMPTION""]}",true,default_closed,RULE-RUNTIME-DEFAULTS,
audio_assets_unchanged_by_evidence_addendum,base,project_boundary,git_audio_diff,assets/audio,git diff --name-only -- assets/audio,{},[],"{""audioDiffCount"":0}","{""audioDiffNameOnly"":[]}",true,footprint,RULE-FOOTPRINT,
