scenarioId,variantId,eventIndex,timestampMs,runtimeId,setId,setIndex,repAttemptId,logicalRepId,authority,eventType,phaseBefore,phaseAfter,expectedLeadBefore,observedLead,bothFeetAtStart,ascentValid,topPhaseValid,bothFeetReturnedToFloor,trackingValid,evidenceOutcome,credited,repSfxEmitted,expectedLeadAfter,acceptedRepCount,leftLeadRepCount,rightLeadRepCount,setCompleted,setResultId,setResultEmitted,progressionEventId,progressionConsumed,progressionEligible,sessionCompletionEventId,validTimeMs,serialized,restored,seedBefore,seedAfter,voiceExpectedLead,voiceTarget,notes
step_up_left_first_set_12_reps,base,1,1000,step-up-alternation-runtime,step-up-set-1,0,step_up_left_first_set_12_reps-attempt-1,step_up_left_first_set_12_reps-logical-1,alternation_runtime,rep_terminal,awaiting_expected_lead,ready_both_feet_floor,left,left,true,true,true,true,true,accepted,true,true,right,12,6,6,true,step-up-set-result-1,true,,false,true,,0,false,false,,,,,row retained for reducer evidence
step_up_right_first_set_12_reps,base,2,1033,step-up-alternation-runtime,step-up-set-1,0,step_up_right_first_set_12_reps-attempt-1,step_up_right_first_set_12_reps-logical-1,alternation_runtime,rep_terminal,awaiting_expected_lead,ready_both_feet_floor,right,right,true,true,true,true,true,accepted,true,true,left,12,6,6,true,step-up-set-result-1,true,,false,true,,0,false,false,,,,,row retained for reducer evidence
step_up_three_sets_left_initial,base,3,1066,step-up-alternation-runtime,step-up-set-1,0,step_up_three_sets_left_initial-attempt-1,step_up_three_sets_left_initial-logical-1,alternation_runtime,rep_terminal,ready_both_feet_floor,ready_both_feet_floor,left,left,true,true,false,false,true,not_applicable,false,false,left,0,0,0,false,,false,,false,false,,0,false,false,,,,,row retained for reducer evidence
step_up_three_sets_right_initial,base,4,1099,step-up-alternation-runtime,step-up-set-1,0,step_up_three_sets_right_initial-attempt-1,step_up_three_sets_right_initial-logical-1,alternation_runtime,rep_terminal,ready_both_feet_floor,ready_both_feet_floor,right,right,true,true,false,false,true,not_applicable,false,false,right,0,0,0,false,,false,,false,false,,0,false,false,,,,,row retained for reducer evidence
step_up_six_left_six_right,base,5,1132,step-up-alternation-runtime,step-up-set-1,0,step_up_six_left_six_right-attempt-1,step_up_six_left_six_right-logical-1,alternation_runtime,rep_terminal,ready_both_feet_floor,ready_both_feet_floor,right,right,true,true,false,false,true,not_applicable,false,false,right,12,6,6,true,step-up-set-result-1,true,,false,true,,0,false,false,,,,,row retained for reducer evidence
step_up_both_feet_floor_each_rep,base,6,1165,step-up-alternation-runtime,step-up-set-1,0,step_up_both_feet_floor_each_rep-attempt-1,step_up_both_feet_floor_each_rep-logical-1,alternation_runtime,rep_terminal,awaiting_expected_lead,ready_both_feet_floor,left,left,true,true,true,true,true,accepted,true,true,right,1,1,0,false,,false,,false,false,,0,false,false,,,,,row retained for reducer evidence
wrong_lead_on_first_rep,base,7,1198,step-up-alternation-runtime,step-up-set-1,0,wrong_lead_on_first_rep-attempt-1,wrong_lead_on_first_rep-logical-1,alternation_runtime,rep_terminal,ready_both_feet_floor,wrong_lead_recovery,left,right,true,true,false,true,true,wrong_lead,false,false,left,0,0,0,false,,false,,false,false,,0,false,false,,,,,row retained for reducer evidence
wrong_lead_after_five_reps,base,8,1231,step-up-alternation-runtime,step-up-set-1,0,wrong_lead_after_five_reps-attempt-1,wrong_lead_after_five_reps-logical-1,alternation_runtime,rep_terminal,ready_both_feet_floor,wrong_lead_recovery,left,right,true,true,false,true,true,wrong_lead,false,false,left,0,0,0,false,,false,,false,false,,0,false,false,,,,,row retained for reducer evidence
wrong_lead_returns_to_floor_then_corrects,base,9,1264,step-up-alternation-runtime,step-up-set-1,0,wrong_lead_returns_to_floor_then_corrects-attempt-1,wrong_lead_returns_to_floor_then_corrects-logical-1,alternation_runtime,rep_terminal,ready_both_feet_floor,wrong_lead_recovery,left,right,true,true,false,true,true,wrong_lead,false,false,left,0,0,0,false,,false,,false,false,,0,false,false,,,,,row retained for reducer evidence
wrong_lead_does_not_flip_expected,base,10,1297,step-up-alternation-runtime,step-up-set-1,0,wrong_lead_does_not_flip_expected-attempt-1,wrong_lead_does_not_flip_expected-logical-1,alternation_runtime,rep_terminal,ready_both_feet_floor,wrong_lead_recovery,left,right,true,true,false,true,true,wrong_lead,false,false,left,0,0,0,false,,false,,false,false,,0,false,false,,,,,row retained for reducer evidence
generic_rep_without_lead_evidence_rejected,base,11,1330,step-up-alternation-runtime,step-up-set-1,0,generic_rep_without_lead_evidence_rejected-attempt-1,generic_rep_without_lead_evidence_rejected-logical-1,alternation_runtime,rep_terminal,ready_both_feet_floor,ready_both_feet_floor,left,,true,false,false,false,true,invalid_phase,false,false,left,0,0,0,false,,false,,false,false,,0,false,false,,,,,row retained for reducer evidence
opposite_chain_clearer_not_auto_credited,base,12,1363,step-up-alternation-runtime,step-up-set-1,0,opposite_chain_clearer_not_auto_credited-attempt-1,opposite_chain_clearer_not_auto_credited-logical-1,alternation_runtime,rep_terminal,ready_both_feet_floor,ready_both_feet_floor,left,left,true,true,false,false,true,not_applicable,false,false,left,0,0,0,false,,false,,false,false,,0,false,false,,,,,row retained for reducer evidence
top_reached_no_floor_return,base,13,1396,step-up-alternation-runtime,step-up-set-1,0,top_reached_no_floor_return-attempt-1,top_reached_no_floor_return-logical-1,alternation_runtime,rep_terminal,ready_both_feet_floor,ready_both_feet_floor,left,left,true,true,false,false,true,invalid_phase,false,false,left,0,0,0,false,,false,,false,false,,0,false,false,,,,,row retained for reducer evidence
one_foot_remains_on_step,base,14,1429,step-up-alternation-runtime,step-up-set-1,0,one_foot_remains_on_step-attempt-1,one_foot_remains_on_step-logical-1,alternation_runtime,rep_terminal,ready_both_feet_floor,ready_both_feet_floor,left,left,false,true,false,false,true,invalid_phase,false,false,left,0,0,0,false,,false,,false,false,,0,false,false,,,,,row retained for reducer evidence
duplicate_completion_callback,base,15,1462,step-up-alternation-runtime,step-up-set-1,0,dup-attempt-1,logical-rep-duplicate,alternation_runtime,duplicate_terminal,ready_both_feet_floor,ready_both_feet_floor,left,left,true,true,false,false,true,not_applicable,false,false,left,0,0,0,false,,false,,false,false,step-up-completion-1,0,false,false,left,left,,,row retained for reducer evidence
stale_callback_after_next_rep_started,base,16,1495,step-up-alternation-runtime,step-up-set-1,0,stale-attempt-1,stale_callback_after_next_rep_started-logical-1,alternation_runtime,stale_callback,ready_both_feet_floor,ready_both_feet_floor,left,left,true,true,false,false,true,not_applicable,false,false,left,0,0,0,false,,false,,false,false,,0,false,false,,,,,row retained for reducer evidence
threshold_noise_single_credit,base,17,1528,step-up-alternation-runtime,step-up-set-1,0,threshold_noise_single_credit-attempt-1,threshold_noise_single_credit-logical-1,alternation_runtime,rep_terminal,ready_both_feet_floor,ready_both_feet_floor,left,left,true,true,false,false,true,not_applicable,false,false,left,0,0,0,false,,false,,false,false,,0,false,false,,,,,threshold noise retained one credit only
descent_order_not_overconstrained,base,18,1561,step-up-alternation-runtime,step-up-set-1,0,descent_order_not_overconstrained-attempt-1,descent_order_not_overconstrained-logical-1,alternation_runtime,rep_terminal,ready_both_feet_floor,ready_both_feet_floor,left,left,true,true,false,false,true,not_applicable,false,false,left,0,0,0,false,,false,,false,false,,0,false,false,,,,,row retained for reducer evidence
tracking_loss_mid_left_lead_rep,base,19,1594,step-up-alternation-runtime,step-up-set-1,0,tracking_loss_mid_left_lead_rep-attempt-1,tracking_loss_mid_left_lead_rep-logical-1,alternation_runtime,rep_terminal,ready_both_feet_floor,tracking_recovery,left,left,true,true,false,false,false,tracking_interrupted,false,false,left,0,0,0,false,,false,,false,false,,0,false,false,,,,,row retained for reducer evidence
tracking_loss_mid_right_lead_rep,base,20,1627,step-up-alternation-runtime,step-up-set-1,0,tracking_loss_mid_right_lead_rep-attempt-1,tracking_loss_mid_right_lead_rep-logical-1,alternation_runtime,rep_terminal,ready_both_feet_floor,tracking_recovery,right,right,true,true,false,false,false,tracking_interrupted,false,false,right,0,0,0,false,,false,,false,false,,0,false,false,,,,,row retained for reducer evidence
pause_mid_rep,base,21,1660,step-up-alternation-runtime,step-up-set-1,0,pause_mid_rep-attempt-1,pause_mid_rep-logical-1,alternation_runtime,rep_terminal,ready_both_feet_floor,ready_both_feet_floor,left,left,true,true,false,false,true,not_applicable,false,false,left,0,0,0,false,,false,,false,false,,0,false,false,,,,,row retained for reducer evidence
background_mid_rep,base,22,1693,step-up-alternation-runtime,step-up-set-1,0,background_mid_rep-attempt-1,background_mid_rep-logical-1,alternation_runtime,rep_terminal,ready_both_feet_floor,ready_both_feet_floor,left,left,true,true,false,false,true,not_applicable,false,false,left,0,0,0,false,,false,,false,false,,0,false,false,,,,,row retained for reducer evidence
restore_after_six_reps,base,23,1726,step-up-alternation-runtime,step-up-set-1,0,restore_after_six_reps-attempt-1,restore_after_six_reps-logical-1,local_serializer,local_roundtrip,awaiting_expected_lead,ready_both_feet_floor,left,left,true,true,true,true,true,accepted,true,true,right,1,1,0,false,,false,,false,false,,0,true,true,,,,,row retained for reducer evidence
restore_mid_rep,base,24,1759,step-up-alternation-runtime,step-up-set-1,0,restore_mid_rep-attempt-1,restore_mid_rep-logical-1,local_serializer,local_roundtrip,ready_both_feet_floor,ready_both_feet_floor,left,left,true,true,false,false,true,not_applicable,false,false,left,0,0,0,false,,false,,false,false,,0,true,true,,,,,row retained for reducer evidence
cancel_mid_set,base,25,1792,step-up-alternation-runtime,step-up-set-1,0,cancel_mid_set-attempt-1,cancel_mid_set-logical-1,alternation_runtime,rep_terminal,ready_both_feet_floor,ready_both_feet_floor,left,left,true,true,false,false,true,not_applicable,false,false,left,0,0,0,false,,false,,false,false,,0,false,false,left,left,,,row retained for reducer evidence
skip_mid_set,base,26,1825,step-up-alternation-runtime,step-up-set-1,0,skip_mid_set-attempt-1,skip_mid_set-logical-1,alternation_runtime,rep_terminal,ready_both_feet_floor,ready_both_feet_floor,left,left,true,true,false,false,true,not_applicable,false,false,left,0,0,0,false,,false,,false,false,,0,false,false,left,left,,,row retained for reducer evidence
default_target_12,base,27,1858,step-up-alternation-runtime,step-up-set-1,0,default_target_12-attempt-1,default_target_12-logical-1,feature_selector,static_query,ready_both_feet_floor,ready_both_feet_floor,left,left,true,true,false,false,true,not_applicable,false,false,left,0,0,0,false,,false,,false,false,,0,false,false,,,,,row retained for reducer evidence
even_scaled_target_10,base,28,1891,step-up-alternation-runtime,step-up-set-1,0,even_scaled_target_10-attempt-1,even_scaled_target_10-logical-1,alternation_runtime,rep_terminal,ready_both_feet_floor,ready_both_feet_floor,left,left,true,true,false,false,true,not_applicable,false,false,left,0,0,0,false,,false,,false,false,,0,false,false,,,,,row retained for reducer evidence
odd_scaled_target_9_blocked,base,29,1924,step-up-alternation-runtime,step-up-set-1,0,odd_scaled_target_9_blocked-attempt-1,odd_scaled_target_9_blocked-logical-1,alternation_runtime,rep_terminal,ready_both_feet_floor,ready_both_feet_floor,left,left,true,true,false,false,true,not_applicable,false,false,left,0,0,0,false,,false,,false,false,,0,false,false,,,,,row retained for reducer evidence
noninteger_target_blocked,base,30,1957,step-up-alternation-runtime,step-up-set-1,0,noninteger_target_blocked-attempt-1,noninteger_target_blocked-logical-1,alternation_runtime,rep_terminal,ready_both_feet_floor,ready_both_feet_floor,left,left,true,true,false,false,true,not_applicable,false,false,left,0,0,0,false,,false,,false,false,,0,false,false,,,,,row retained for reducer evidence
short_session_final_target,base,31,1990,step-up-alternation-runtime,step-up-set-1,0,short_session_final_target-attempt-1,short_session_final_target-logical-1,alternation_runtime,rep_terminal,ready_both_feet_floor,ready_both_feet_floor,left,left,true,true,false,false,true,not_applicable,false,false,left,0,0,0,false,,false,,false,false,,0,false,false,,,,,row retained for reducer evidence
visible_voice_runtime_target_match,base,32,2023,step-up-alternation-runtime,step-up-set-1,0,visible_voice_runtime_target_match-attempt-1,visible_voice_runtime_target_match-logical-1,voice_planner,rep_terminal,ready_both_feet_floor,ready_both_feet_floor,left,left,true,true,false,false,true,not_applicable,false,false,left,0,0,0,false,,false,,false,false,,0,false,false,,,left,Do twelve total reps.,target=Do twelve total reps.
seed_defaults_left,base,33,2056,step-up-alternation-runtime,step-up-set-1,0,seed_defaults_left-attempt-1,seed_defaults_left-logical-1,seed_updater,static_query,static_query,ready_both_feet_floor,left,left,true,true,false,false,true,not_applicable,false,false,left,0,0,0,false,,false,,false,false,,0,false,false,left,left,,,row retained for reducer evidence
successful_completion_flips_seed,base,34,2089,step-up-alternation-runtime,step-up-set-1,0,successful_completion_flips_seed-attempt-1,successful_completion_flips_seed-logical-1,seed_updater,rep_terminal,ready_both_feet_floor,ready_both_feet_floor,left,left,true,true,false,false,true,not_applicable,false,false,left,0,0,0,false,,false,,false,false,step-up-completion-1,0,false,false,left,right,,,row retained for reducer evidence
skip_does_not_flip_seed,base,35,2122,step-up-alternation-runtime,step-up-set-1,0,skip_does_not_flip_seed-attempt-1,skip_does_not_flip_seed-logical-1,seed_updater,rep_terminal,ready_both_feet_floor,ready_both_feet_floor,left,left,true,true,false,false,true,not_applicable,false,false,left,0,0,0,false,,false,,false,false,,0,false,false,left,left,,,row retained for reducer evidence
manual_practice_does_not_flip_seed,base,36,2155,step-up-alternation-runtime,step-up-set-1,0,manual_practice_does_not_flip_seed-attempt-1,manual_practice_does_not_flip_seed-logical-1,seed_updater,rep_terminal,ready_both_feet_floor,ready_both_feet_floor,left,left,true,true,false,false,true,not_applicable,false,false,left,0,0,0,false,,false,,false,false,,0,false,false,left,left,,,row retained for reducer evidence
duplicate_completion_idempotent,base,37,2188,step-up-alternation-runtime,step-up-set-1,0,dup-attempt-1,logical-rep-duplicate,alternation_runtime,duplicate_terminal,ready_both_feet_floor,ready_both_feet_floor,left,left,true,true,false,false,true,not_applicable,false,false,left,0,0,0,false,,false,,false,false,step-up-completion-1,0,false,false,left,left,,,row retained for reducer evidence
sync_restore_preserves_seed,base,38,2221,step-up-alternation-runtime,step-up-set-1,0,sync_restore_preserves_seed-attempt-1,sync_restore_preserves_seed-logical-1,local_serializer,local_roundtrip,ready_both_feet_floor,ready_both_feet_floor,left,left,true,true,false,false,true,not_applicable,false,false,left,0,0,0,false,,false,,false,false,,0,true,true,left,left,,,row retained for reducer evidence
one_set_one_progression_event,base,39,2254,step-up-alternation-runtime,step-up-set-1,0,one_set_one_progression_event-attempt-1,one_set_one_progression_event-logical-1,progression,rep_terminal,ready_both_feet_floor,ready_both_feet_floor,left,left,true,true,false,false,true,not_applicable,false,false,left,0,0,0,false,,false,step-up-progression-1,true,true,,0,false,false,,,,,row retained for reducer evidence
lead_counts_do_not_double_set_count,base,40,2287,step-up-alternation-runtime,step-up-set-1,0,lead_counts_do_not_double_set_count-attempt-1,lead_counts_do_not_double_set_count-logical-1,alternation_runtime,rep_terminal,ready_both_feet_floor,ready_both_feet_floor,left,left,true,true,false,false,true,not_applicable,false,false,left,0,0,0,false,,false,,false,false,,0,false,false,,,,,row retained for reducer evidence
valid_time_not_doubled,base,41,2320,step-up-alternation-runtime,step-up-set-1,0,valid_time_not_doubled-attempt-1,valid_time_not_doubled-logical-1,alternation_runtime,rep_terminal,ready_both_feet_floor,ready_both_feet_floor,left,left,true,true,false,false,true,not_applicable,false,false,left,0,0,0,false,,false,step-up-progression-1,true,true,,0,false,false,,,,,row retained for reducer evidence
twelve_total_unequal_sides_rejected,base,42,2353,step-up-alternation-runtime,step-up-set-1,0,twelve_total_unequal_sides_rejected-attempt-1,twelve_total_unequal_sides_rejected-logical-1,alternation_runtime,rep_terminal,ready_both_feet_floor,ready_both_feet_floor,left,left,true,true,false,false,true,not_applicable,false,false,left,0,0,0,false,,false,,false,false,,0,false,false,,,,,row retained for reducer evidence
broken_alternation_not_progression_eligible,base,43,2386,step-up-alternation-runtime,step-up-set-1,0,broken_alternation_not_progression_eligible-attempt-1,broken_alternation_not_progression_eligible-logical-1,progression,rep_terminal,ready_both_feet_floor,ready_both_feet_floor,left,left,true,true,false,false,true,not_applicable,false,false,left,0,0,0,false,,false,step-up-progression-1,true,false,,0,false,false,,,,,row retained for reducer evidence
legacy_result_still_parses,base,44,2419,legacy-runtime,step-up-set-1,0,legacy_result_still_parses-attempt-1,legacy_result_still_parses-logical-1,legacy_grader,rep_terminal,ready_both_feet_floor,ready_both_feet_floor,left,left,true,true,false,false,true,not_applicable,false,false,left,0,0,0,false,,false,,false,false,,0,false,false,,,,,row retained for reducer evidence
step_up_start_left_logical_plan,base,45,2452,step-up-alternation-runtime,step-up-set-1,0,step_up_start_left_logical_plan-attempt-1,step_up_start_left_logical_plan-logical-1,voice_planner,rep_terminal,ready_both_feet_floor,ready_both_feet_floor,left,left,true,true,false,false,true,not_applicable,false,false,left,0,0,0,false,,false,,false,false,,0,false,false,,,left,Do twelve total reps.,row retained for reducer evidence
step_up_start_right_logical_plan,base,46,2485,step-up-alternation-runtime,step-up-set-1,0,step_up_start_right_logical_plan-attempt-1,step_up_start_right_logical_plan-logical-1,voice_planner,rep_terminal,ready_both_feet_floor,ready_both_feet_floor,right,right,true,true,false,false,true,not_applicable,false,false,right,0,0,0,false,,false,,false,false,,0,false,false,,,right,Do twelve total reps.,row retained for reducer evidence
wrong_lead_left_correction_plan,base,47,2518,step-up-alternation-runtime,step-up-set-1,0,wrong_lead_left_correction_plan-attempt-1,wrong_lead_left_correction_plan-logical-1,voice_planner,rep_terminal,ready_both_feet_floor,wrong_lead_recovery,left,right,true,true,false,true,true,wrong_lead,false,false,left,0,0,0,false,,false,,false,false,,0,false,false,,,left,Do twelve total reps.,row retained for reducer evidence
wrong_lead_right_correction_plan,base,48,2551,step-up-alternation-runtime,step-up-set-1,0,wrong_lead_right_correction_plan-attempt-1,wrong_lead_right_correction_plan-logical-1,voice_planner,rep_terminal,ready_both_feet_floor,wrong_lead_recovery,left,right,true,true,false,true,true,wrong_lead,false,false,left,0,0,0,false,,false,,false,false,,0,false,false,,,left,Do twelve total reps.,row retained for reducer evidence
no_per_rep_spoken_switch,base,49,2584,step-up-alternation-runtime,step-up-set-1,0,no_per_rep_spoken_switch-attempt-1,no_per_rep_spoken_switch-logical-1,voice_planner,rep_terminal,awaiting_expected_lead,ready_both_feet_floor,left,left,true,true,true,true,true,accepted,true,true,right,1,1,0,false,,false,,false,false,,0,false,false,,,left,Do twelve total reps.,row retained for reducer evidence
feature_off_legacy_unchanged,base,50,2617,legacy-runtime,step-up-set-1,0,feature_off_legacy_unchanged-attempt-1,feature_off_legacy_unchanged-logical-1,feature_selector,static_query,static_query,ready_both_feet_floor,left,left,true,true,false,false,true,not_applicable,false,false,left,0,0,0,false,,false,,false,false,,0,false,false,,,,,"defaults={""balanceV2AudioReady"":false,""balanceV2Selectable"":false,""stepUpAlternationDefaultEnabled"":false,""trainingVoiceV21AudioReady"":false,""trainingVoiceV21BehaviorReady"":true,""trainingVoiceV21DefaultEnabled"":false}"
alternation_flag_alone_no_half_activation,base,51,2650,step-up-alternation-runtime,step-up-set-1,0,alternation_flag_alone_no_half_activation-attempt-1,alternation_flag_alone_no_half_activation-logical-1,alternation_runtime,rep_terminal,static_query,ready_both_feet_floor,left,left,true,true,false,false,true,not_applicable,false,false,left,0,0,0,false,,false,,false,false,,0,false,false,,,,,row retained for reducer evidence
training_voice_remains_default_closed,base,52,2683,step-up-alternation-runtime,step-up-set-1,0,training_voice_remains_default_closed-attempt-1,training_voice_remains_default_closed-logical-1,voice_planner,static_query,static_query,ready_both_feet_floor,left,left,true,true,false,false,true,not_applicable,false,false,left,0,0,0,false,,false,,false,false,,0,false,false,,,left,Do twelve total reps.,"defaults={""balanceV2AudioReady"":false,""balanceV2Selectable"":false,""stepUpAlternationDefaultEnabled"":false,""trainingVoiceV21AudioReady"":false,""trainingVoiceV21BehaviorReady"":true,""trainingVoiceV21DefaultEnabled"":false}"
balance_v2_remains_default_closed,base,53,2716,step-up-alternation-runtime,step-up-set-1,0,balance_v2_remains_default_closed-attempt-1,balance_v2_remains_default_closed-logical-1,feature_selector,static_query,static_query,ready_both_feet_floor,left,left,true,true,false,false,true,not_applicable,false,false,left,0,0,0,false,,false,,false,false,,0,false,false,,,,,"defaults={""balanceV2AudioReady"":false,""balanceV2Selectable"":false,""stepUpAlternationDefaultEnabled"":false,""trainingVoiceV21AudioReady"":false,""trainingVoiceV21BehaviorReady"":true,""trainingVoiceV21DefaultEnabled"":false}"
integration_generated_item_selects_runtime,base,54,2749,step-up-alternation-runtime,step-up-set-1,0,integration_generated_item_selects_runtime-attempt-1,integration_generated_item_selects_runtime-logical-1,alternation_runtime,rep_terminal,ready_both_feet_floor,ready_both_feet_floor,left,left,true,true,false,false,true,not_applicable,false,false,left,0,0,0,false,,false,,false,false,,0,false,false,,,,,row retained for reducer evidence
integration_step_up_flag_alone_stays_legacy,base,55,2782,legacy-runtime,step-up-set-1,0,integration_step_up_flag_alone_stays_legacy-attempt-1,integration_step_up_flag_alone_stays_legacy-logical-1,legacy_grader,rep_terminal,static_query,ready_both_feet_floor,left,left,true,true,false,false,true,not_applicable,false,false,left,0,0,0,false,,false,,false,false,,0,false,false,,,,,row retained for reducer evidence
integration_one_runtime_owner,base,56,2815,step-up-alternation-runtime,step-up-set-1,0,integration_one_runtime_owner-attempt-1,integration_one_runtime_owner-logical-1,alternation_runtime,rep_terminal,ready_both_feet_floor,ready_both_feet_floor,left,left,true,true,false,false,true,not_applicable,false,false,left,0,0,0,false,,false,,false,false,,0,false,false,,,,,row retained for reducer evidence
integration_existing_legacy_session_stays_legacy,base,57,2848,legacy-runtime,step-up-set-1,0,integration_existing_legacy_session_stays_legacy-attempt-1,integration_existing_legacy_session_stays_legacy-logical-1,legacy_grader,rep_terminal,ready_both_feet_floor,ready_both_feet_floor,left,left,true,true,false,false,true,not_applicable,false,false,left,0,0,0,false,,false,,false,false,,0,false,false,,,,,row retained for reducer evidence
integration_frames_left_lead_to_evidence,base,58,2881,step-up-alternation-runtime,step-up-set-1,0,integration_frames_left_lead_to_evidence-attempt-1,integration_frames_left_lead_to_evidence-logical-1,alternation_runtime,rep_terminal,awaiting_expected_lead,ready_both_feet_floor,left,left,true,true,true,true,true,accepted,true,true,right,1,1,0,false,,false,,false,false,,0,false,false,,,,,row retained for reducer evidence
integration_frames_right_lead_to_evidence,base,59,2914,step-up-alternation-runtime,step-up-set-1,0,integration_frames_right_lead_to_evidence-attempt-1,integration_frames_right_lead_to_evidence-logical-1,alternation_runtime,rep_terminal,awaiting_expected_lead,ready_both_feet_floor,right,right,true,true,true,true,true,accepted,true,true,left,1,0,1,false,,false,,false,false,,0,false,false,,,,,row retained for reducer evidence
integration_frames_wrong_lead_rejected,base,60,2947,step-up-alternation-runtime,step-up-set-1,0,integration_frames_wrong_lead_rejected-attempt-1,integration_frames_wrong_lead_rejected-logical-1,alternation_runtime,rep_terminal,ready_both_feet_floor,wrong_lead_recovery,left,right,true,true,false,true,true,wrong_lead,false,false,left,0,0,0,false,,false,,false,false,,0,false,false,,,,,row retained for reducer evidence
integration_frames_unknown_lead_rejected,base,61,2980,step-up-alternation-runtime,step-up-set-1,0,integration_frames_unknown_lead_rejected-attempt-1,integration_frames_unknown_lead_rejected-logical-1,alternation_runtime,rep_terminal,ready_both_feet_floor,ready_both_feet_floor,left,,true,false,false,false,true,invalid_phase,false,false,left,0,0,0,false,,false,,false,false,,0,false,false,,,,,row retained for reducer evidence
integration_frames_top_without_return_rejected,base,62,3013,step-up-alternation-runtime,step-up-set-1,0,integration_frames_top_without_return_rejected-attempt-1,integration_frames_top_without_return_rejected-logical-1,alternation_runtime,rep_terminal,ready_both_feet_floor,ready_both_feet_floor,left,left,true,true,true,false,true,invalid_phase,false,false,left,0,0,0,false,,false,,false,false,,0,false,false,,,,,row retained for reducer evidence
integration_frames_one_foot_on_step_rejected,base,63,3046,step-up-alternation-runtime,step-up-set-1,0,integration_frames_one_foot_on_step_rejected-attempt-1,integration_frames_one_foot_on_step_rejected-logical-1,alternation_runtime,rep_terminal,ready_both_feet_floor,ready_both_feet_floor,left,left,false,true,false,false,true,invalid_phase,false,false,left,0,0,0,false,,false,,false,false,,0,false,false,,,,,row retained for reducer evidence
integration_frames_threshold_noise_single_credit,base,64,3079,step-up-alternation-runtime,step-up-set-1,0,integration_frames_threshold_noise_single_credit-attempt-1,integration_frames_threshold_noise_single_credit-logical-1,alternation_runtime,rep_terminal,ready_both_feet_floor,ready_both_feet_floor,left,left,true,true,false,false,true,not_applicable,false,false,left,0,0,0,false,,false,,false,false,,0,false,false,,,,,threshold noise retained one credit only
integration_tracking_interrupt_retires_rep,base,65,3112,step-up-alternation-runtime,step-up-set-1,0,integration_tracking_interrupt_retires_rep-attempt-1,integration_tracking_interrupt_retires_rep-logical-1,alternation_runtime,rep_terminal,ready_both_feet_floor,tracking_recovery,left,left,true,true,false,false,false,tracking_interrupted,false,false,left,0,0,0,false,,false,,false,false,,0,false,false,,,,,row retained for reducer evidence
integration_evidence_dispatches_state_machine,base,66,3145,step-up-alternation-runtime,step-up-set-1,0,integration_evidence_dispatches_state_machine-attempt-1,integration_evidence_dispatches_state_machine-logical-1,alternation_runtime,rep_terminal,ready_both_feet_floor,ready_both_feet_floor,left,left,true,true,false,false,true,not_applicable,false,false,left,0,0,0,false,,false,,false,false,,0,false,false,,,,,row retained for reducer evidence
integration_accepted_rep_is_only_sfx_source,base,67,3178,step-up-alternation-runtime,step-up-set-1,0,integration_accepted_rep_is_only_sfx_source-attempt-1,integration_accepted_rep_is_only_sfx_source-logical-1,sfx_channel,rep_terminal,awaiting_expected_lead,ready_both_feet_floor,left,left,true,true,true,true,true,accepted,true,true,right,1,1,0,false,,false,,false,false,,0,false,false,,,,,row retained for reducer evidence
integration_generic_rep_sfx_suppressed,base,68,3211,step-up-alternation-runtime,step-up-set-1,0,integration_generic_rep_sfx_suppressed-attempt-1,integration_generic_rep_sfx_suppressed-logical-1,sfx_channel,rep_terminal,ready_both_feet_floor,ready_both_feet_floor,left,,true,false,false,false,true,invalid_phase,false,false,left,0,0,0,false,,false,,false,false,,0,false,false,,,,,row retained for reducer evidence
integration_twelve_reps_complete_one_set,base,69,3244,step-up-alternation-runtime,step-up-set-1,0,integration_twelve_reps_complete_one_set-attempt-1,integration_twelve_reps_complete_one_set-logical-1,alternation_runtime,rep_terminal,awaiting_expected_lead,ready_both_feet_floor,left,left,true,true,true,true,true,accepted,true,true,right,12,6,6,true,step-up-set-result-1,true,,false,true,,0,false,false,,,,,row retained for reducer evidence
integration_three_sets_preserve_start_order,base,70,3277,step-up-alternation-runtime,step-up-set-1,0,integration_three_sets_preserve_start_order-attempt-1,integration_three_sets_preserve_start_order-logical-1,alternation_runtime,rep_terminal,ready_both_feet_floor,ready_both_feet_floor,left,left,true,true,false,false,true,not_applicable,false,false,left,0,0,0,false,,false,,false,false,,0,false,false,,,,,row retained for reducer evidence
integration_state_machine_emits_set_result,base,71,3310,step-up-alternation-runtime,step-up-set-1,0,integration_state_machine_emits_set_result-attempt-1,integration_state_machine_emits_set_result-logical-1,set_result_adapter,rep_terminal,ready_both_feet_floor,ready_both_feet_floor,left,left,true,true,false,false,true,not_applicable,false,false,left,0,0,0,true,step-up-set-result-1,true,,false,false,,0,false,false,,,,,row retained for reducer evidence
integration_set_result_reaches_progression,base,72,3343,step-up-alternation-runtime,step-up-set-1,0,integration_set_result_reaches_progression-attempt-1,integration_set_result_reaches_progression-logical-1,progression,rep_terminal,ready_both_feet_floor,ready_both_feet_floor,left,left,true,true,false,false,true,not_applicable,false,false,left,0,0,0,true,step-up-set-result-1,true,step-up-progression-1,true,true,,0,false,false,,,,,row retained for reducer evidence
integration_invalid_alternation_blocks_progression,base,73,3376,step-up-alternation-runtime,step-up-set-1,0,integration_invalid_alternation_blocks_progression-attempt-1,integration_invalid_alternation_blocks_progression-logical-1,progression,rep_terminal,ready_both_feet_floor,ready_both_feet_floor,left,left,true,true,false,false,true,not_applicable,false,false,left,0,0,0,false,,false,step-up-progression-1,true,true,,0,false,false,,,,,row retained for reducer evidence
integration_no_valid_time_double_count,base,74,3409,step-up-alternation-runtime,step-up-set-1,0,integration_no_valid_time_double_count-attempt-1,integration_no_valid_time_double_count-logical-1,alternation_runtime,rep_terminal,ready_both_feet_floor,ready_both_feet_floor,left,left,true,true,false,false,true,not_applicable,false,false,left,0,0,0,false,,false,step-up-progression-1,true,true,,0,false,false,,,,,row retained for reducer evidence
integration_session_completion_once,base,75,3442,step-up-alternation-runtime,step-up-set-1,0,integration_session_completion_once-attempt-1,integration_session_completion_once-logical-1,alternation_runtime,rep_terminal,ready_both_feet_floor,ready_both_feet_floor,left,left,true,true,false,false,true,not_applicable,false,false,left,0,0,0,false,,false,,false,false,step-up-completion-1,0,false,false,left,left,,,row retained for reducer evidence
integration_local_restore_after_six_reps,base,76,3475,step-up-alternation-runtime,step-up-set-1,0,integration_local_restore_after_six_reps-attempt-1,integration_local_restore_after_six_reps-logical-1,local_serializer,local_roundtrip,awaiting_expected_lead,ready_both_feet_floor,left,left,true,true,true,true,true,accepted,true,true,right,1,1,0,false,,false,,false,false,,0,true,true,,,,,row retained for reducer evidence
integration_local_restore_mid_rep,base,77,3508,step-up-alternation-runtime,step-up-set-1,0,integration_local_restore_mid_rep-attempt-1,integration_local_restore_mid_rep-logical-1,local_serializer,local_roundtrip,ready_both_feet_floor,ready_both_feet_floor,left,left,true,true,false,false,true,not_applicable,false,false,left,0,0,0,false,,false,,false,false,,0,true,true,,,,,row retained for reducer evidence
integration_backend_generated_plan_roundtrip,base,78,3541,step-up-alternation-runtime,step-up-set-1,0,integration_backend_generated_plan_roundtrip-attempt-1,integration_backend_generated_plan_roundtrip-logical-1,backend_sanitizer,backend_roundtrip,ready_both_feet_floor,ready_both_feet_floor,left,left,true,true,false,false,true,not_applicable,false,false,left,0,0,0,false,,false,,false,false,,0,true,true,,,,,"backend={""activeRuntimeKind"":""step_up_alternation"",""generatedPlanFingerprint"":""sua1_c6eceba6"",""nextSeed"":""right"",""payloadHasGeneratedPlan"":true,""stepUpInitialLeadSide"":""left""}"
integration_backend_active_state_roundtrip,base,79,3574,step-up-alternation-runtime,step-up-set-1,0,integration_backend_active_state_roundtrip-attempt-1,integration_backend_active_state_roundtrip-logical-1,backend_sanitizer,backend_roundtrip,ready_both_feet_floor,ready_both_feet_floor,left,left,true,true,false,false,true,not_applicable,false,false,left,0,0,0,false,,false,,false,false,,0,true,true,,,,,"backend={""activeRuntimeKind"":""step_up_alternation"",""generatedPlanFingerprint"":""sua1_c6eceba6"",""nextSeed"":""right"",""payloadHasGeneratedPlan"":true,""stepUpInitialLeadSide"":""left""}"
integration_backend_seed_roundtrip,base,80,3607,step-up-alternation-runtime,step-up-set-1,0,integration_backend_seed_roundtrip-attempt-1,integration_backend_seed_roundtrip-logical-1,backend_sanitizer,backend_roundtrip,ready_both_feet_floor,ready_both_feet_floor,left,left,true,true,false,false,true,not_applicable,false,false,left,0,0,0,false,,false,,false,false,,0,true,true,left,left,,,"backend={""activeRuntimeKind"":""step_up_alternation"",""generatedPlanFingerprint"":""sua1_c6eceba6"",""nextSeed"":""right"",""payloadHasGeneratedPlan"":true,""stepUpInitialLeadSide"":""left""}"
integration_richer_metadata_merge,base,81,3640,step-up-alternation-runtime,step-up-set-1,0,integration_richer_metadata_merge-attempt-1,integration_richer_metadata_merge-logical-1,alternation_runtime,rep_terminal,ready_both_feet_floor,ready_both_feet_floor,left,left,true,true,false,false,true,not_applicable,false,false,left,0,0,0,false,,false,,false,false,,0,false,false,,,,,row retained for reducer evidence
integration_main_plan_completion_flips_seed_once,base,82,3673,step-up-alternation-runtime,step-up-set-1,0,integration_main_plan_completion_flips_seed_once-attempt-1,integration_main_plan_completion_flips_seed_once-logical-1,seed_updater,rep_terminal,ready_both_feet_floor,ready_both_feet_floor,left,left,true,true,false,false,true,not_applicable,false,false,left,0,0,0,false,,false,,false,false,step-up-completion-1,0,false,false,left,right,,,row retained for reducer evidence
integration_duplicate_completion_seed_idempotent,base,83,3706,step-up-alternation-runtime,step-up-set-1,0,dup-attempt-1,logical-rep-duplicate,seed_updater,duplicate_terminal,ready_both_feet_floor,ready_both_feet_floor,left,left,true,true,false,false,true,not_applicable,false,false,left,0,0,0,false,,false,,false,false,step-up-completion-1,0,false,false,left,left,,,row retained for reducer evidence
integration_manual_completion_does_not_flip_seed,base,84,3739,step-up-alternation-runtime,step-up-set-1,0,integration_manual_completion_does_not_flip_seed-attempt-1,integration_manual_completion_does_not_flip_seed-logical-1,seed_updater,rep_terminal,ready_both_feet_floor,ready_both_feet_floor,left,left,true,true,false,false,true,not_applicable,false,false,left,0,0,0,false,,false,,false,false,step-up-completion-1,0,false,false,left,left,,,row retained for reducer evidence
integration_explore_completion_does_not_flip_seed,base,85,3772,step-up-alternation-runtime,step-up-set-1,0,integration_explore_completion_does_not_flip_seed-attempt-1,integration_explore_completion_does_not_flip_seed-logical-1,seed_updater,rep_terminal,ready_both_feet_floor,ready_both_feet_floor,left,left,true,true,false,false,true,not_applicable,false,false,left,0,0,0,false,,false,,false,false,step-up-completion-1,0,false,false,left,left,,,row retained for reducer evidence
integration_live_expected_lead_reaches_voice_planner,base,86,3805,step-up-alternation-runtime,step-up-set-1,0,integration_live_expected_lead_reaches_voice_planner-attempt-1,integration_live_expected_lead_reaches_voice_planner-logical-1,voice_planner,rep_terminal,ready_both_feet_floor,ready_both_feet_floor,left,left,true,true,false,false,true,not_applicable,false,false,left,0,0,0,false,,false,,false,false,,0,false,false,,,left,Do twelve total reps.,target=Do twelve total reps.
integration_wrong_lead_context_reaches_voice_planner,base,87,3838,step-up-alternation-runtime,step-up-set-1,0,integration_wrong_lead_context_reaches_voice_planner-attempt-1,integration_wrong_lead_context_reaches_voice_planner-logical-1,voice_planner,rep_terminal,ready_both_feet_floor,wrong_lead_recovery,left,right,true,true,false,true,true,wrong_lead,false,false,left,0,0,0,false,,false,,false,false,,0,false,false,,,left,Do twelve total reps.,target=Do twelve total reps.
integration_training_voice_remains_closed,base,88,3871,step-up-alternation-runtime,step-up-set-1,0,integration_training_voice_remains_closed-attempt-1,integration_training_voice_remains_closed-logical-1,voice_planner,rep_terminal,static_query,ready_both_feet_floor,left,left,true,true,false,false,true,not_applicable,false,false,left,0,0,0,false,,false,,false,false,,0,false,false,,,left,Do twelve total reps.,"defaults={""balanceV2AudioReady"":false,""balanceV2Selectable"":false,""stepUpAlternationDefaultEnabled"":false,""trainingVoiceV21AudioReady"":false,""trainingVoiceV21BehaviorReady"":true,""trainingVoiceV21DefaultEnabled"":false}"
integration_balance_v2_remains_closed,base,89,3904,step-up-alternation-runtime,step-up-set-1,0,integration_balance_v2_remains_closed-attempt-1,integration_balance_v2_remains_closed-logical-1,feature_selector,static_query,static_query,ready_both_feet_floor,left,left,true,true,false,false,true,not_applicable,false,false,left,0,0,0,false,,false,,false,false,,0,false,false,,,,,"defaults={""balanceV2AudioReady"":false,""balanceV2Selectable"":false,""stepUpAlternationDefaultEnabled"":false,""trainingVoiceV21AudioReady"":false,""trainingVoiceV21BehaviorReady"":true,""trainingVoiceV21DefaultEnabled"":false}"
integration_audio_manifest_unchanged,base,90,3937,step-up-alternation-runtime,step-up-set-1,0,integration_audio_manifest_unchanged-attempt-1,integration_audio_manifest_unchanged-logical-1,alternation_runtime,rep_terminal,ready_both_feet_floor,ready_both_feet_floor,left,left,true,true,false,false,true,not_applicable,false,false,left,0,0,0,false,,false,,false,false,,0,false,false,,,,,row retained for reducer evidence
verify_duplicate_same_attempt_terminal_evidence,base,91,3970,step-up-alternation-runtime,step-up-set-1,0,dup-attempt-1,logical-rep-duplicate,alternation_runtime,duplicate_terminal,ready_both_feet_floor,ready_both_feet_floor,left,left,true,true,false,false,true,not_applicable,false,false,left,0,0,0,false,,false,,false,false,,0,false,false,,,,,row retained for reducer evidence
verify_duplicate_replayed_accepted_event,base,92,4003,step-up-alternation-runtime,step-up-set-1,0,dup-attempt-1,logical-rep-duplicate,alternation_runtime,duplicate_terminal,ready_both_feet_floor,ready_both_feet_floor,left,left,true,true,false,false,true,not_applicable,false,false,left,0,0,0,false,,false,,false,false,,0,false,false,,,,,row retained for reducer evidence
verify_stale_attempt_after_new_attempt_started,base,93,4036,step-up-alternation-runtime,step-up-set-1,0,stale-attempt-1,verify_stale_attempt_after_new_attempt_started-logical-1,alternation_runtime,stale_callback,ready_both_feet_floor,ready_both_feet_floor,left,left,true,true,false,false,true,not_applicable,false,false,left,0,0,0,false,,false,,false,false,,0,false,false,,,,,row retained for reducer evidence
verify_stale_attempt_after_set_completed,base,94,4069,step-up-alternation-runtime,step-up-set-1,0,stale-attempt-1,verify_stale_attempt_after_set_completed-logical-1,alternation_runtime,stale_callback,ready_both_feet_floor,ready_both_feet_floor,left,left,true,true,false,false,true,not_applicable,false,false,left,0,0,0,false,,false,,false,false,,0,false,false,,,,,row retained for reducer evidence
verify_stale_callback_after_restore,base,95,4102,step-up-alternation-runtime,step-up-set-1,0,stale-attempt-1,verify_stale_callback_after_restore-logical-1,local_serializer,stale_callback,ready_both_feet_floor,ready_both_feet_floor,left,left,true,true,false,false,true,not_applicable,false,false,left,0,0,0,false,,false,,false,false,,0,true,true,,,,,row retained for reducer evidence
verify_threshold_noise_multiple_terminal_frames,base,96,4135,step-up-alternation-runtime,step-up-set-1,0,verify_threshold_noise_multiple_terminal_frames-attempt-1,verify_threshold_noise_multiple_terminal_frames-logical-1,alternation_runtime,rep_terminal,ready_both_feet_floor,ready_both_feet_floor,left,left,true,true,false,false,true,not_applicable,false,false,left,0,0,0,false,,false,,false,false,,0,false,false,,,,,threshold noise retained one credit only
verify_same_rep_generic_and_alternation_authorities,base,97,4168,step-up-alternation-runtime,step-up-set-1,0,verify_same_rep_generic_and_alternation_authorities-attempt-1,verify_same_rep_generic_and_alternation_authorities-logical-1,alternation_runtime,rep_terminal,ready_both_feet_floor,ready_both_feet_floor,left,left,true,true,false,false,true,not_applicable,false,false,left,0,0,0,false,,false,,false,false,,0,false,false,,,,,row retained for reducer evidence
verify_generic_rep_event_suppressed_internal_runtime,base,98,4201,step-up-alternation-runtime,step-up-set-1,0,verify_generic_rep_event_suppressed_internal_runtime-attempt-1,verify_generic_rep_event_suppressed_internal_runtime-logical-1,alternation_runtime,rep_terminal,ready_both_feet_floor,ready_both_feet_floor,left,,true,false,false,false,true,invalid_phase,false,false,left,0,0,0,false,,false,,false,false,,0,false,false,,,,,row retained for reducer evidence
verify_accepted_event_single_sfx,base,99,4234,step-up-alternation-runtime,step-up-set-1,0,verify_accepted_event_single_sfx-attempt-1,verify_accepted_event_single_sfx-logical-1,sfx_channel,rep_terminal,awaiting_expected_lead,ready_both_feet_floor,left,left,true,true,true,true,true,accepted,true,true,right,1,1,0,false,,false,,false,false,,0,false,false,,,,,row retained for reducer evidence
verify_duplicate_accepted_event_no_second_sfx,base,100,4267,step-up-alternation-runtime,step-up-set-1,0,dup-attempt-1,logical-rep-duplicate,sfx_channel,duplicate_terminal,ready_both_feet_floor,ready_both_feet_floor,left,left,true,true,false,false,true,not_applicable,false,false,left,0,0,0,false,,false,,false,false,,0,false,false,,,,,row retained for reducer evidence
verify_wrong_lead_no_sfx,base,101,4300,step-up-alternation-runtime,step-up-set-1,0,verify_wrong_lead_no_sfx-attempt-1,verify_wrong_lead_no_sfx-logical-1,sfx_channel,rep_terminal,ready_both_feet_floor,wrong_lead_recovery,left,right,true,true,false,true,true,wrong_lead,false,false,left,0,0,0,false,,false,,false,false,,0,false,false,,,,,row retained for reducer evidence
verify_unknown_lead_no_sfx,base,102,4333,step-up-alternation-runtime,step-up-set-1,0,verify_unknown_lead_no_sfx-attempt-1,verify_unknown_lead_no_sfx-logical-1,sfx_channel,rep_terminal,ready_both_feet_floor,ready_both_feet_floor,left,,true,false,false,false,true,invalid_phase,false,false,left,0,0,0,false,,false,,false,false,,0,false,false,,,,,row retained for reducer evidence
verify_single_set_single_setresult,base,103,4366,step-up-alternation-runtime,step-up-set-1,0,verify_single_set_single_setresult-attempt-1,verify_single_set_single_setresult-logical-1,set_result_adapter,rep_terminal,ready_both_feet_floor,ready_both_feet_floor,left,left,true,true,false,false,true,not_applicable,false,false,left,0,0,0,true,step-up-set-result-1,true,,false,false,,0,false,false,,,,,row retained for reducer evidence
verify_duplicate_finish_single_setresult,base,104,4399,step-up-alternation-runtime,step-up-set-1,0,dup-attempt-1,logical-rep-duplicate,set_result_adapter,duplicate_terminal,ready_both_feet_floor,ready_both_feet_floor,left,left,true,true,false,false,true,not_applicable,false,false,left,0,0,0,true,step-up-set-result-1,true,,false,false,,0,false,false,,,,,row retained for reducer evidence
verify_setresult_replayed_progression_once,base,105,4432,step-up-alternation-runtime,step-up-set-1,0,verify_setresult_replayed_progression_once-attempt-1,verify_setresult_replayed_progression_once-logical-1,progression,rep_terminal,awaiting_expected_lead,ready_both_feet_floor,left,left,true,true,true,true,true,accepted,true,true,right,1,1,0,true,step-up-set-result-1,true,step-up-progression-1,true,true,,0,false,false,,,,,row retained for reducer evidence
verify_broken_alternation_progression_rejected,base,106,4465,step-up-alternation-runtime,step-up-set-1,0,verify_broken_alternation_progression_rejected-attempt-1,verify_broken_alternation_progression_rejected-logical-1,progression,rep_terminal,ready_both_feet_floor,ready_both_feet_floor,left,left,true,true,false,false,true,not_applicable,false,false,left,0,0,0,false,,false,step-up-progression-1,true,false,,0,false,false,,,,,row retained for reducer evidence
verify_side_imbalance_progression_rejected,base,107,4498,step-up-alternation-runtime,step-up-set-1,0,verify_side_imbalance_progression_rejected-attempt-1,verify_side_imbalance_progression_rejected-logical-1,progression,static_query,ready_both_feet_floor,ready_both_feet_floor,left,left,true,true,false,false,true,not_applicable,false,false,left,0,0,0,false,,false,step-up-progression-1,true,false,,0,false,false,,,,,row retained for reducer evidence
verify_valid_6_6_progression_accepted_once,base,108,4531,step-up-alternation-runtime,step-up-set-1,0,verify_valid_6_6_progression_accepted_once-attempt-1,verify_valid_6_6_progression_accepted_once-logical-1,progression,rep_terminal,awaiting_expected_lead,ready_both_feet_floor,left,left,true,true,true,true,true,accepted,true,true,right,12,6,6,true,step-up-set-result-1,true,step-up-progression-1,true,true,,0,false,false,,,,,row retained for reducer evidence
verify_valid_time_not_doubled_end_to_end,base,109,4564,step-up-alternation-runtime,step-up-set-1,0,verify_valid_time_not_doubled_end_to_end-attempt-1,verify_valid_time_not_doubled_end_to_end-logical-1,alternation_runtime,rep_terminal,ready_both_feet_floor,ready_both_feet_floor,left,left,true,true,false,false,true,not_applicable,false,false,left,0,0,0,false,,false,step-up-progression-1,true,true,,0,false,false,,,,,row retained for reducer evidence
verify_local_roundtrip_safe_boundary,base,110,4597,step-up-alternation-runtime,step-up-set-1,0,verify_local_roundtrip_safe_boundary-attempt-1,verify_local_roundtrip_safe_boundary-logical-1,local_serializer,local_roundtrip,ready_both_feet_floor,ready_both_feet_floor,left,left,true,true,false,false,true,not_applicable,false,false,left,0,0,0,false,,false,,false,false,,0,true,true,,,,,row retained for reducer evidence
verify_local_roundtrip_mid_rep_retires_partial,base,111,4630,step-up-alternation-runtime,step-up-set-1,0,verify_local_roundtrip_mid_rep_retires_partial-attempt-1,verify_local_roundtrip_mid_rep_retires_partial-logical-1,local_serializer,local_roundtrip,ready_both_feet_floor,ready_both_feet_floor,left,left,true,true,false,false,true,not_applicable,false,false,left,0,0,0,false,,false,,false,false,,0,true,true,,,,,row retained for reducer evidence
verify_backend_roundtrip_generated_plan,base,112,4663,step-up-alternation-runtime,step-up-set-1,0,verify_backend_roundtrip_generated_plan-attempt-1,verify_backend_roundtrip_generated_plan-logical-1,backend_sanitizer,backend_roundtrip,ready_both_feet_floor,ready_both_feet_floor,left,left,true,true,false,false,true,not_applicable,false,false,left,0,0,0,false,,false,,false,false,,0,true,true,,,,,"backend={""activeRuntimeKind"":""step_up_alternation"",""generatedPlanFingerprint"":""sua1_c6eceba6"",""nextSeed"":""right"",""payloadHasGeneratedPlan"":true,""stepUpInitialLeadSide"":""left""}"
verify_backend_roundtrip_active_state,base,113,4696,step-up-alternation-runtime,step-up-set-1,0,verify_backend_roundtrip_active_state-attempt-1,verify_backend_roundtrip_active_state-logical-1,backend_sanitizer,backend_roundtrip,ready_both_feet_floor,ready_both_feet_floor,left,left,true,true,false,false,true,not_applicable,false,false,left,0,0,0,false,,false,,false,false,,0,true,true,,,,,"backend={""activeRuntimeKind"":""step_up_alternation"",""generatedPlanFingerprint"":""sua1_c6eceba6"",""nextSeed"":""right"",""payloadHasGeneratedPlan"":true,""stepUpInitialLeadSide"":""left""}"
verify_backend_roundtrip_side_seed,base,114,4729,step-up-alternation-runtime,step-up-set-1,0,verify_backend_roundtrip_side_seed-attempt-1,verify_backend_roundtrip_side_seed-logical-1,backend_sanitizer,backend_roundtrip,ready_both_feet_floor,ready_both_feet_floor,left,left,true,true,false,false,true,not_applicable,false,false,left,0,0,0,false,,false,,false,false,,0,true,true,left,left,,,"backend={""activeRuntimeKind"":""step_up_alternation"",""generatedPlanFingerprint"":""sua1_c6eceba6"",""nextSeed"":""right"",""payloadHasGeneratedPlan"":true,""stepUpInitialLeadSide"":""left""}"
verify_backend_richer_metadata_merge,base,115,4762,step-up-alternation-runtime,step-up-set-1,0,verify_backend_richer_metadata_merge-attempt-1,verify_backend_richer_metadata_merge-logical-1,backend_sanitizer,backend_roundtrip,ready_both_feet_floor,ready_both_feet_floor,left,left,true,true,false,false,true,not_applicable,false,false,left,0,0,0,false,,false,,false,false,,0,true,true,,,,,"backend={""activeRuntimeKind"":""step_up_alternation"",""generatedPlanFingerprint"":""sua1_c6eceba6"",""nextSeed"":""right"",""payloadHasGeneratedPlan"":true,""stepUpInitialLeadSide"":""left""}"
verify_seed_all_completion_paths,base,116,4795,step-up-alternation-runtime,step-up-set-1,0,verify_seed_all_completion_paths-attempt-1,verify_seed_all_completion_paths-logical-1,seed_updater,rep_terminal,ready_both_feet_floor,ready_both_feet_floor,left,left,true,true,false,false,true,not_applicable,false,false,left,0,0,0,false,,false,,false,false,step-up-completion-1,0,false,false,left,left,,,row retained for reducer evidence
verify_voice_context_left_right_wrong_lead_and_target,base,117,4828,step-up-alternation-runtime,step-up-set-1,0,verify_voice_context_left_right_wrong_lead_and_target-attempt-1,verify_voice_context_left_right_wrong_lead_and_target-logical-1,voice_planner,rep_terminal,ready_both_feet_floor,wrong_lead_recovery,right,left,true,true,false,true,true,wrong_lead,false,false,right,0,0,0,false,,false,,false,false,,0,false,false,,,right,Do twelve total reps.,target=Do twelve total reps.
verify_feature_defaults_and_runtime_ownership,base,118,4861,step-up-alternation-runtime,step-up-set-1,0,verify_feature_defaults_and_runtime_ownership-attempt-1,verify_feature_defaults_and_runtime_ownership-logical-1,feature_selector,static_query,static_query,ready_both_feet_floor,left,left,true,true,false,false,true,not_applicable,false,false,left,0,0,0,false,,false,,false,false,,0,false,false,,,,,"defaults={""balanceV2AudioReady"":false,""balanceV2Selectable"":false,""stepUpAlternationDefaultEnabled"":false,""trainingVoiceV21AudioReady"":false,""trainingVoiceV21BehaviorReady"":true,""trainingVoiceV21DefaultEnabled"":false}"
