newCueKey,action,oldCueKeys,flow,category,policyId,proposedNumericPriority,trigger,exactScript,isComposable,compositionRole,firstUseOrRepeat,blocksProgression,mayInterrupt,mayBeInterruptedBy,dropIfBusy,cancelOnStateExit,estimatedClaraMs,estimatedMarcusMs,targetMaxMs,hardMaxMs,wordCount,requiredForVoiceFirst,sourceContract,implementationPhase,freezeStatus,blockingDecisionIds,reviewStatus,notes
training-intro-v2,rewrite_existing_key,training-intro,training,session_intro,instruction,60,Training session entry.,"Time to train. I'll guide each setup, set, and rest. Follow my voice and pause whenever you need.",false,whole_recording,shared,true,low_reassurance,critical_stop;critical_window;result_transition,false,true,6900,6720,12000,16000,18,true,,phase_4,ready_for_founder_review,,needs_human_review,
safe-session-start-v2,new_asset,,training,safety.universal,instruction,60,Once per training session after entry.,"Before we start, clear the space around you. Stop for sharp pain, dizziness, or feeling unwell. Keep support steady.",false,whole_recording,shared,true,low_reassurance,critical_stop;critical_window;result_transition,false,true,7260,7070,12000,16000,19,true,,phase_4,ready_for_founder_review,,needs_human_review,
framing-ready-v2,rewrite_existing_key,framing-ready,shared,setup.prompt,setup_recovery,50,Preflight or movement-camera-readiness prompt.,You're in position. Stay there.,false,whole_recording,shared,false,low_reassurance,critical_stop;critical_window;result_transition;instruction,true,true,2220,2170,3000,4000,5,true,,phase_4,ready_for_founder_review,,needs_human_review,
step-into-frame-v2,rewrite_existing_key,step-into-frame,shared,setup.prompt,setup_recovery,50,Preflight or movement-camera-readiness prompt.,Step into view so your whole body is visible.,false,whole_recording,shared,false,low_reassurance,critical_stop;critical_window;result_transition;instruction,true,true,3660,3570,3000,4000,9,true,,phase_4,ready_for_founder_review,,needs_human_review,
center-yourself-v2,rewrite_existing_key,center-yourself,shared,setup.prompt,setup_recovery,50,Preflight or movement-camera-readiness prompt.,Move to the center of the view.,false,whole_recording,shared,false,low_reassurance,critical_stop;critical_window;result_transition;instruction,true,true,2940,2870,3000,4000,7,true,,phase_4,ready_for_founder_review,,needs_human_review,
step-back-v2,rewrite_existing_key,step-back,shared,setup.prompt,setup_recovery,50,Preflight or movement-camera-readiness prompt.,Move a little farther back.,false,whole_recording,shared,false,low_reassurance,critical_stop;critical_window;result_transition;instruction,true,true,2220,2170,3000,4000,5,true,,phase_4,ready_for_founder_review,,needs_human_review,
step-closer-v2,rewrite_existing_key,step-closer,shared,setup.prompt,setup_recovery,50,Preflight or movement-camera-readiness prompt.,Move a little closer.,false,whole_recording,shared,false,low_reassurance,critical_stop;critical_window;result_transition;instruction,true,true,1860,1820,3000,4000,4,true,,phase_4,ready_for_founder_review,,needs_human_review,
hold-still-v2,rewrite_existing_key,hold-still,shared,setup.prompt,setup_recovery,50,Preflight or movement-camera-readiness prompt.,Hold still for a moment.,false,whole_recording,shared,false,low_reassurance,critical_stop;critical_window;result_transition;instruction,true,true,2220,2170,3000,4000,5,true,,phase_4,ready_for_founder_review,,needs_human_review,
turn-on-light-v2,rewrite_existing_key,turn-on-light,shared,orientation,setup_recovery,50,Preflight or movement-camera-readiness prompt.,Turn on the main light.,false,whole_recording,shared,false,low_reassurance,critical_stop;critical_window;result_transition;instruction,true,true,2220,2170,3000,4000,5,true,,phase_4,ready_for_founder_review,,needs_human_review,
turn-side-on-v2,rewrite_existing_key,turn-side-on,shared,orientation,setup_recovery,50,Preflight or movement-camera-readiness prompt.,Turn so your side faces the phone.,false,whole_recording,shared,false,low_reassurance,critical_stop;critical_window;result_transition;instruction,true,true,2940,2870,3000,4000,7,true,,phase_4,ready_for_founder_review,,needs_human_review,
face-forward-v2,rewrite_existing_key,face-forward,shared,orientation,setup_recovery,50,Preflight or movement-camera-readiness prompt.,Turn to face the phone.,false,whole_recording,shared,false,low_reassurance,critical_stop;critical_window;result_transition;instruction,true,true,2220,2170,3000,4000,5,true,,phase_4,ready_for_founder_review,,needs_human_review,
countdown-three,reuse_existing,countdown-three,shared,countdown,critical_window,90,countdown,Three.,false,whole_recording,shared,true,low_reassurance;setup_recovery;instruction,critical_stop,false,true,697,650,1200,1600,1,true,,phase_4,ready_for_founder_review,,needs_human_review,
countdown-two,reuse_existing,countdown-two,shared,countdown,critical_window,90,countdown,Two.,false,whole_recording,shared,true,low_reassurance;setup_recovery;instruction,critical_stop,false,true,604,650,1200,1600,1,true,,phase_4,ready_for_founder_review,,needs_human_review,
countdown-one,reuse_existing,countdown-one,shared,countdown,critical_window,90,countdown,One.,false,whole_recording,shared,true,low_reassurance;setup_recovery;instruction,critical_stop,false,true,511,511,1200,1600,1,true,,phase_4,ready_for_founder_review,,needs_human_review,
go,reuse_existing,go,shared,countdown,critical_window,90,countdown,Go.,false,whole_recording,shared,true,low_reassurance;setup_recovery;instruction,critical_stop,false,true,604,604,1200,1600,1,true,,phase_4,ready_for_founder_review,,needs_human_review,
times-up-v2,rewrite_existing_key,times-up,shared,active_stop,critical_stop,100,active_stop,Time.,false,whole_recording,shared,true,low_reassurance;setup_recovery;instruction;result_transition;critical_window,critical_stop,false,true,900,900,1800,2500,1,true,,phase_4,ready_for_founder_review,,needs_human_review,
tracking-lost-v2,rewrite_existing_key,tracking-lost,shared,tracking_loss,critical_stop,100,tracking_loss,I lost the view. Step back into position and wait.,false,whole_recording,shared,true,low_reassurance;setup_recovery;instruction;result_transition;critical_window,critical_stop,false,true,4020,3920,3500,5000,10,true,,phase_4,ready_for_founder_review,,needs_human_review,
tracking-recovered-v2,rewrite_existing_key,tracking-recovered,shared,tracking_recovery,setup_recovery,50,tracking_recovery,You're back in position. We'll start again with a countdown.,false,whole_recording,shared,false,low_reassurance,critical_stop;critical_window;result_transition;instruction,true,true,4020,3920,2500,4000,10,true,,phase_4,ready_for_founder_review,,needs_human_review,
pause-v2,new_asset,pause,shared,control_or_completion,result_transition,70,Pause control.,Paused.,false,whole_recording,shared,true,low_reassurance;setup_recovery,critical_stop;critical_window,false,true,900,900,2000,3500,1,true,,phase_4,ready_for_founder_review,,needs_human_review,
resume-v2,new_asset,resume,shared,control_or_completion,result_transition,70,Resume control.,Resuming.,false,whole_recording,shared,true,low_reassurance;setup_recovery,critical_stop;critical_window,false,true,900,900,2000,3500,1,true,,phase_4,ready_for_founder_review,,needs_human_review,
retry-setup-v2,new_asset,retry-setup,shared,control_or_completion,result_transition,70,Retry setup control.,Let's try that setup again.,false,whole_recording,shared,true,low_reassurance;setup_recovery,critical_stop;critical_window,false,true,2220,2170,2000,3500,5,true,,phase_4,ready_for_founder_review,,needs_human_review,
skip-v2,new_asset,skip,shared,control_or_completion,result_transition,70,Skip current movement control.,Skipping this movement.,false,whole_recording,shared,true,low_reassurance;setup_recovery,critical_stop;critical_window,false,true,1500,1470,2000,3500,3,true,,phase_4,ready_for_founder_review,,needs_human_review,
discard-v2,new_asset,discard,shared,control_or_completion,result_transition,70,Discard or cancel session control.,Session ended.,false,whole_recording,shared,true,low_reassurance;setup_recovery,critical_stop;critical_window,false,true,1140,1120,2000,3500,2,true,,phase_4,ready_for_founder_review,,needs_human_review,
completion-v2,new_asset,completion,shared,control_or_completion,result_transition,70,Training session completion.,Session complete. Well done.,false,whole_recording,shared,true,low_reassurance;setup_recovery,critical_stop;critical_window,false,true,1860,1820,2000,3500,4,true,,phase_4,ready_for_founder_review,,needs_human_review,
checkup-complete-v2,new_asset,checkup-complete,shared,control_or_completion,result_transition,70,Check-up completion.,Check-Up complete. Your results are ready.,false,whole_recording,shared,true,low_reassurance;setup_recovery,critical_stop;critical_window,false,true,2940,2870,2000,3500,7,true,,phase_4,ready_for_founder_review,,needs_human_review,
item-complete-v2,rewrite_existing_key,item-complete,shared,control_or_completion,result_transition,70,Assessment item completion.,Complete.,false,whole_recording,shared,true,low_reassurance;setup_recovery,critical_stop;critical_window,false,true,900,900,2000,3500,1,true,,phase_4,ready_for_founder_review,,needs_human_review,
microcheck-complete-v2,new_asset,microcheck-complete,shared,control_or_completion,result_transition,70,Micro-check completion.,Check complete.,false,whole_recording,shared,true,low_reassurance;setup_recovery,critical_stop;critical_window,false,true,1140,1120,2000,3500,2,true,,phase_4,ready_for_founder_review,,needs_human_review,
halfway-v2,new_asset,,shared,progress,low_reassurance,20,Deterministic timed-progress moment.,Halfway.,false,whole_recording,shared,false,,critical_stop;critical_window;result_transition;instruction;setup_recovery,true,true,900,900,1800,2500,1,false,,phase_4,ready_for_founder_review,,needs_human_review,
five-seconds-left-v2,new_asset,,shared,progress,low_reassurance,20,Deterministic timed-progress moment.,Five seconds left.,false,whole_recording,shared,false,,critical_stop;critical_window;result_transition;instruction;setup_recovery,true,true,1500,1470,1800,2500,3,false,,phase_4,ready_for_founder_review,,needs_human_review,
safe-chair-first-v2,new_asset,,training,safety.equipment_family,instruction,60,First use of the corresponding equipment family in a session.,Use a sturdy chair that will not slide or tip.,false,whole_recording,shared,true,low_reassurance,critical_stop;critical_window;result_transition,false,true,4020,3920,6000,8000,10,true,,phase_4,ready_for_founder_review,,needs_human_review,
safe-support-first-v2,new_asset,,training,safety.equipment_family,instruction,60,First use of the corresponding equipment family in a session.,Keep sturdy support within easy reach.,false,whole_recording,shared,true,low_reassurance,critical_stop;critical_window;result_transition,false,true,2580,2520,6000,8000,6,true,,phase_4,ready_for_founder_review,,needs_human_review,
safe-step-first-v2,new_asset,,training,safety.equipment_family,instruction,60,First use of the corresponding equipment family in a session.,"Use the lowest stable step, keep support nearby, and keep the phone out of your stepping path.",false,whole_recording,shared,true,low_reassurance,critical_stop;critical_window;result_transition,false,true,6540,6370,8000,10000,17,true,,phase_4,ready_for_founder_review,,needs_human_review,
safe-band-first-v2,new_asset,,training,safety.equipment_family,instruction,60,First use of the corresponding equipment family in a session.,Check the band first. Keep it away from your face and return it slowly.,false,whole_recording,shared,true,low_reassurance,critical_stop;critical_window;result_transition,false,true,5460,5320,6000,8000,14,true,,phase_4,ready_for_founder_review,,needs_human_review,
safe-door-anchor-first-v2,new_asset,,training,safety.equipment_family,instruction,60,First use of the corresponding equipment family in a session.,Use a purpose-built anchor on a fully closed door. Test light tension before the set.,false,whole_recording,shared,true,low_reassurance,critical_stop;critical_window;result_transition,false,true,6180,6020,8000,10000,16,true,,phase_4,ready_for_founder_review,,needs_human_review,
safe-mini-band-first-v2,new_asset,,training,safety.equipment_family,instruction,60,First use of the corresponding equipment family in a session.,Place the mini band securely above your knees and use small controlled steps.,false,whole_recording,shared,true,low_reassurance,critical_stop;critical_window;result_transition,false,true,5100,4970,6000,8000,13,true,,phase_4,blocked_by_decision,FD-004,needs_human_review,
safe-floor-first-v2,new_asset,,training,safety.equipment_family,instruction,60,First use of the corresponding equipment family in a session.,Use clear floor space and move slowly getting down and back up.,false,whole_recording,shared,true,low_reassurance,critical_stop;critical_window;result_transition,false,true,4740,4620,6000,8000,12,true,,phase_4,ready_for_founder_review,,needs_human_review,
safe-balance-first-v2,new_asset,,training,safety.equipment_family,instruction,60,First use of the corresponding equipment family in a session.,Keep fingertips near support and touch it whenever you need.,false,whole_recording,shared,true,low_reassurance,critical_stop;critical_window;result_transition,false,true,4020,3920,6000,8000,10,true,,phase_4,ready_for_founder_review,,needs_human_review,
checkup-intro-v2,rewrite_existing_key,checkup-intro,checkup,assessment_instruction,instruction,60,"Assessment setup, stage cue, or result.","Welcome to your Movement Check-Up. Hale will guide a few short movements for strength, balance, and mobility.",false,whole_recording,shared,true,low_reassurance,critical_stop;critical_window;result_transition,false,true,6900,6720,8000,12000,18,true,,phase_4,ready_for_founder_review,,needs_human_review,
chair-stand-intro-v2,rewrite_existing_key,chair-stand-intro,checkup,assessment_instruction,instruction,60,"Assessment setup, stage cue, or result.","Next is the thirty-second chair stand. Sit side-on to the phone in a sturdy chair, feet flat.",false,whole_recording,shared,true,low_reassurance,critical_stop;critical_window;result_transition,false,true,7260,7070,8000,12000,19,true,,phase_4,ready_for_founder_review,,needs_human_review,
chair-stand-setup-v2,rewrite_existing_key,chair-stand-setup,checkup,assessment_instruction,instruction,60,"Assessment setup, stage cue, or result.","Cross your arms. On go, stand fully and sit with control until I call time.",false,whole_recording,shared,true,low_reassurance,critical_stop;critical_window;result_transition,false,true,5820,5670,8000,12000,15,true,,phase_4,ready_for_founder_review,,needs_human_review,
chair-stand-result-prefix-v2,rewrite_existing_key,chair-stand-result-prefix,checkup,result,result_transition,70,"Assessment setup, stage cue, or result.",You completed,false,whole_recording,shared,true,low_reassurance;setup_recovery,critical_stop;critical_window,false,true,1140,1120,8000,12000,2,true,,phase_4,ready_for_founder_review,,needs_human_review,
chair-stand-result-suffix-v2,rewrite_existing_key,chair-stand-result-suffix,checkup,result,result_transition,70,"Assessment setup, stage cue, or result.",chair stands.,false,whole_recording,shared,true,low_reassurance;setup_recovery,critical_stop;critical_window,false,true,1140,1120,8000,12000,2,true,,phase_4,ready_for_founder_review,,needs_human_review,
chair-stand-no-reps-v2,rewrite_existing_key,chair-stand-no-reps,checkup,assessment_stage,instruction,60,"Assessment setup, stage cue, or result.",No stands were measured that time. You can try again later.,false,whole_recording,shared,true,low_reassurance,critical_stop;critical_window;result_transition,false,true,4380,4270,8000,12000,11,true,,phase_4,ready_for_founder_review,,needs_human_review,
balance-intro-v2,rewrite_existing_key,balance-intro,checkup,assessment_instruction,instruction,60,"Assessment setup, stage cue, or result.","Next are balance holds. Stand near a counter or sturdy support, close enough to touch.",false,whole_recording,shared,true,low_reassurance,critical_stop;critical_window;result_transition,false,true,5820,5670,8000,12000,15,true,,phase_4,ready_for_founder_review,,needs_human_review,
balance-setup-v2,rewrite_existing_key,balance-setup,checkup,assessment_instruction,instruction,60,"Assessment setup, stage cue, or result.",I will tell you each foot position. Hold until the time ends or you need support.,false,whole_recording,shared,true,low_reassurance,critical_stop;critical_window;result_transition,false,true,6180,6020,8000,12000,16,true,,phase_4,ready_for_founder_review,,needs_human_review,
balance-feet-together-v2,rewrite_existing_key,balance-feet-together,checkup,assessment_stage,instruction,60,"Assessment setup, stage cue, or result.","Place your feet together, side by side.",false,whole_recording,shared,true,low_reassurance,critical_stop;critical_window;result_transition,false,true,2940,2870,8000,12000,7,true,,phase_4,ready_for_founder_review,,needs_human_review,
balance-tandem-v2,rewrite_existing_key,balance-tandem,checkup,assessment_stage,instruction,60,"Assessment setup, stage cue, or result.","Place one foot directly in front of the other, heel to toe.",false,whole_recording,shared,true,low_reassurance,critical_stop;critical_window;result_transition,false,true,4740,4620,8000,12000,12,true,,phase_4,ready_for_founder_review,,needs_human_review,
balance-single-leg-v2,rewrite_existing_key,balance-single-leg,checkup,assessment_stage,instruction,60,"Assessment setup, stage cue, or result.",Stand on one leg and lift the other foot just off the floor.,false,whole_recording,shared,true,low_reassurance,critical_stop;critical_window;result_transition,false,true,5100,4970,8000,12000,13,true,,phase_4,ready_for_founder_review,,needs_human_review,
close-your-eyes-v2,rewrite_existing_key,close-your-eyes,checkup,assessment_stage,instruction,60,"Assessment setup, stage cue, or result.","If approved for this check, gently close your eyes.",false,whole_recording,shared,true,low_reassurance,critical_stop;critical_window;result_transition,false,true,3660,3570,8000,12000,9,true,,phase_4,blocked_by_decision,FD-003,needs_human_review,
open-your-eyes-v2,rewrite_existing_key,open-your-eyes,checkup,assessment_stage,instruction,60,"Assessment setup, stage cue, or result.",Open your eyes.,false,whole_recording,shared,true,low_reassurance,critical_stop;critical_window;result_transition,false,true,1500,1470,8000,12000,3,true,,phase_4,ready_for_founder_review,,needs_human_review,
shoulder-intro-v2,rewrite_existing_key,shoulder-intro,checkup,assessment_instruction,instruction,60,"Assessment setup, stage cue, or result.",Turn so the arm being measured faces the phone. Stand tall with that arm relaxed.,false,whole_recording,shared,true,low_reassurance,critical_stop;critical_window;result_transition,false,true,5820,5670,8000,12000,15,true,,phase_4,blocked_by_decision,FD-002,needs_human_review,
shoulder-setup-v2,rewrite_existing_key,shoulder-setup,checkup,assessment_instruction,instruction,60,"Assessment setup, stage cue, or result.","On go, raise that arm forward and up as high as comfortable, then hold.",false,whole_recording,shared,true,low_reassurance,critical_stop;critical_window;result_transition,false,true,5460,5320,8000,12000,14,true,,phase_4,blocked_by_decision,FD-002,needs_human_review,
relax-arm-v2,rewrite_existing_key,relax-arm,checkup,assessment_stage,instruction,60,"Assessment setup, stage cue, or result.",Lower your arm and relax.,false,whole_recording,shared,true,low_reassurance,critical_stop;critical_window;result_transition,false,true,2220,2170,8000,12000,5,true,,phase_4,ready_for_founder_review,,needs_human_review,
hinge-intro-v2,rewrite_existing_key,hinge-intro,checkup,assessment_instruction,instruction,60,"Assessment setup, stage cue, or result.",Stand side-on to the phone with your feet under your hips.,false,whole_recording,shared,true,low_reassurance,critical_stop;critical_window;result_transition,false,true,4740,4620,8000,12000,12,true,,phase_4,ready_for_founder_review,,needs_human_review,
hinge-setup-v2,rewrite_existing_key,hinge-setup,checkup,assessment_instruction,instruction,60,"Assessment setup, stage cue, or result.","On go, fold from your hips and reach toward the floor as far as comfortable, then hold.",false,whole_recording,shared,true,low_reassurance,critical_stop;critical_window;result_transition,false,true,6540,6370,8000,12000,17,true,,phase_4,ready_for_founder_review,,needs_human_review,
stand-tall-v2,rewrite_existing_key,stand-tall,checkup,assessment_stage,instruction,60,"Assessment setup, stage cue, or result.",Slowly return to standing.,false,whole_recording,shared,true,low_reassurance,critical_stop;critical_window;result_transition,false,true,1860,1820,8000,12000,4,true,,phase_4,ready_for_founder_review,,needs_human_review,
tug-intro-v2,rewrite_existing_key,tug-intro,checkup,assessment_instruction,instruction,60,"Assessment setup, stage cue, or result.","For up and go, sit side-on with a clear walking path in front of you.",false,whole_recording,shared,true,low_reassurance,critical_stop;critical_window;result_transition,false,true,6180,6020,8000,12000,16,true,,phase_4,ready_for_founder_review,,needs_human_review,
tug-setup-v2,rewrite_existing_key,tug-setup,checkup,assessment_instruction,instruction,60,"Assessment setup, stage cue, or result.","On go, stand, walk out, turn, walk back, and sit.",false,whole_recording,shared,true,low_reassurance,critical_stop;critical_window;result_transition,false,true,4020,3920,8000,12000,10,true,,phase_4,ready_for_founder_review,,needs_human_review,
microcheck-chair-v2,rewrite_existing_key,microcheck-chair,micro_check,micro_check_instruction,instruction,60,Weekly micro-check setup.,"Five chair stands. Sit tall with arms crossed. On go, stand and sit five times, as quickly as feels safe.",false,whole_recording,shared,true,low_reassurance,critical_stop;critical_window;result_transition,false,true,7620,7420,7000,10000,20,true,,phase_4,ready_for_founder_review,,needs_human_review,
microcheck-balance-v2,rewrite_existing_key,microcheck-balance,micro_check,micro_check_instruction,instruction,60,Weekly micro-check setup.,"Quick balance check. Fingertips near support, stand on your selected leg, and hold as long as comfortable.",false,whole_recording,shared,true,low_reassurance,critical_stop;critical_window;result_transition,false,true,6540,6370,7000,10000,17,true,,phase_4,blocked_by_decision,FD-002,needs_human_review,
microcheck-mobility-v2,rewrite_existing_key,ex-hamstring-reach,micro_check,micro_check_instruction,instruction,60,Weekly micro-check setup.,"Quick mobility check. Sit tall at the chair edge, one leg straight, and reach gently toward your toes.",false,whole_recording,shared,true,low_reassurance,critical_stop;critical_window;result_transition,false,true,6900,6720,7000,10000,18,true,,phase_4,blocked_by_decision,FD-002,needs_human_review,
ex-balance-feet-together-hold-first-v2,rewrite_existing_key,ex-balance,training,exact_training_instruction,instruction,60,First exposure for balance-feet-together-hold.,"Feet-together hold. Stand with feet together, fingertips near support, eyes open.",false,whole_recording,shared,true,low_reassurance,critical_stop;critical_window;result_transition,false,true,4740,4620,9000,12000,12,true,,phase_4,ready_for_founder_review,,needs_human_review,
ex-balance-feet-together-hold-next-v2,new_asset,,training,later_set_reminder,instruction,60,Later set for balance-feet-together-hold.,Feet-together hold.,false,whole_recording,repeat,true,low_reassurance,critical_stop;critical_window;result_transition,false,true,1500,1470,4000,6000,3,true,,phase_4,ready_for_founder_review,,needs_human_review,
target-balance-feet-together-hold-v2,new_composable_fragment,,training,target,instruction,60,Target for balance-feet-together-hold.,Hold for twenty seconds.,true,target_fragment,shared,true,low_reassurance,critical_stop;critical_window;result_transition,false,true,1860,1820,2500,3500,4,true,,phase_4,ready_for_founder_review,,needs_human_review,
ex-balance-single-leg-hold-first-v2,rewrite_existing_key,ex-balance,training,exact_training_instruction,instruction,60,First exposure for balance-single-leg-hold.,"Single-leg hold. Stand on the approved leg, lift the other foot slightly, fingertips near support.",false,whole_recording,shared,true,low_reassurance,critical_stop;critical_window;result_transition,false,true,6180,6020,9000,12000,16,true,,phase_4,blocked_by_decision,FD-001,needs_human_review,
ex-balance-single-leg-hold-next-v2,new_asset,,training,later_set_reminder,instruction,60,Later set for balance-single-leg-hold.,Single-leg hold.,false,whole_recording,repeat,true,low_reassurance,critical_stop;critical_window;result_transition,false,true,1500,1470,4000,6000,3,true,,phase_4,blocked_by_decision,FD-001,needs_human_review,
target-balance-single-leg-hold-v2,new_composable_fragment,,training,target,instruction,60,Target for balance-single-leg-hold.,Hold for fifteen seconds.,true,target_fragment,shared,true,low_reassurance,critical_stop;critical_window;result_transition,false,true,1860,1820,2500,3500,4,true,,phase_4,blocked_by_decision,FD-001,needs_human_review,
ex-balance-tandem-hold-first-v2,rewrite_existing_key,ex-balance,training,exact_training_instruction,instruction,60,First exposure for balance-tandem-hold.,"Tandem hold. Use the approved lead foot, heel to toe, fingertips near support.",false,whole_recording,shared,true,low_reassurance,critical_stop;critical_window;result_transition,false,true,5100,4970,9000,12000,13,true,,phase_4,blocked_by_decision,FD-001,needs_human_review,
ex-balance-tandem-hold-next-v2,new_asset,,training,later_set_reminder,instruction,60,Later set for balance-tandem-hold.,Tandem hold.,false,whole_recording,repeat,true,low_reassurance,critical_stop;critical_window;result_transition,false,true,1140,1120,4000,6000,2,true,,phase_4,blocked_by_decision,FD-001,needs_human_review,
target-balance-tandem-hold-v2,new_composable_fragment,,training,target,instruction,60,Target for balance-tandem-hold.,Hold for twenty seconds.,true,target_fragment,shared,true,low_reassurance,critical_stop;critical_window;result_transition,false,true,1860,1820,2500,3500,4,true,,phase_4,blocked_by_decision,FD-001,needs_human_review,
ex-band-pull-apart-first-v2,new_asset,,training,exact_training_instruction,instruction,60,First exposure for band-pull-apart.,"Band pull-apart. Hold a light band at chest height. Pull your hands wide, then return slowly.",false,whole_recording,shared,true,low_reassurance,critical_stop;critical_window;result_transition,false,true,6540,6370,9000,12000,17,true,,phase_4,ready_for_founder_review,,needs_human_review,
ex-band-pull-apart-next-v2,new_asset,,training,later_set_reminder,instruction,60,Later set for band-pull-apart.,Band pull-apart.,false,whole_recording,repeat,true,low_reassurance,critical_stop;critical_window;result_transition,false,true,1500,1470,4000,6000,3,true,,phase_4,ready_for_founder_review,,needs_human_review,
target-band-pull-apart-v2,new_composable_fragment,,training,target,instruction,60,Target for band-pull-apart.,Move for thirty seconds.,true,target_fragment,shared,true,low_reassurance,critical_stop;critical_window;result_transition,false,true,1860,1820,2500,3500,4,true,,phase_4,ready_for_founder_review,,needs_human_review,
ex-chair-supported-split-squat-first-v2,rewrite_existing_key,ex-squat,training,exact_training_instruction,instruction,60,First exposure for chair-supported-split-squat.,"Supported split squat. Use the approved stance side, fingertips near support. Bend both knees slightly, then stand tall.",false,whole_recording,shared,true,low_reassurance,critical_stop;critical_window;result_transition,false,true,6900,6720,9000,12000,18,true,,phase_4,blocked_by_decision,FD-001,needs_human_review,
ex-chair-supported-split-squat-next-v2,new_asset,,training,later_set_reminder,instruction,60,Later set for chair-supported-split-squat.,Supported split squat.,false,whole_recording,repeat,true,low_reassurance,critical_stop;critical_window;result_transition,false,true,1500,1470,4000,6000,3,true,,phase_4,blocked_by_decision,FD-001,needs_human_review,
target-chair-supported-split-squat-v2,new_composable_fragment,,training,target,instruction,60,Target for chair-supported-split-squat.,Aim for eight reps.,true,target_fragment,shared,true,low_reassurance,critical_stop;critical_window;result_transition,false,true,1860,1820,2500,3500,4,true,,phase_4,blocked_by_decision,FD-001,needs_human_review,
ex-glute-bridge-hold-first-v2,rewrite_existing_key,ex-glute-bridge,training,exact_training_instruction,instruction,60,First exposure for glute-bridge-hold.,"Bridge hold. Lie on your back, knees bent, feet flat. Lift your hips and hold.",false,whole_recording,shared,true,low_reassurance,critical_stop;critical_window;result_transition,false,true,5820,5670,9000,12000,15,true,,phase_4,blocked_by_decision,FD-007,needs_human_review,
ex-glute-bridge-hold-next-v2,new_asset,,training,later_set_reminder,instruction,60,Later set for glute-bridge-hold.,Bridge hold.,false,whole_recording,repeat,true,low_reassurance,critical_stop;critical_window;result_transition,false,true,1140,1120,4000,6000,2,true,,phase_4,blocked_by_decision,FD-007,needs_human_review,
target-glute-bridge-hold-v2,new_composable_fragment,,training,target,instruction,60,Target for glute-bridge-hold.,Hold for twenty seconds.,true,target_fragment,shared,true,low_reassurance,critical_stop;critical_window;result_transition,false,true,1860,1820,2500,3500,4,true,,phase_4,blocked_by_decision,FD-007,needs_human_review,
ex-glute-bridge-reps-first-v2,rewrite_existing_key,ex-glute-bridge,training,exact_training_instruction,instruction,60,First exposure for glute-bridge-reps.,"Glute bridge. Lie on your back, knees bent, feet flat. Lift your hips, then lower with control.",false,whole_recording,shared,true,low_reassurance,critical_stop;critical_window;result_transition,false,true,6540,6370,9000,12000,17,true,,phase_4,blocked_by_decision,FD-007,needs_human_review,
ex-glute-bridge-reps-next-v2,new_asset,,training,later_set_reminder,instruction,60,Later set for glute-bridge-reps.,Glute bridge.,false,whole_recording,repeat,true,low_reassurance,critical_stop;critical_window;result_transition,false,true,1140,1120,4000,6000,2,true,,phase_4,blocked_by_decision,FD-007,needs_human_review,
target-glute-bridge-reps-v2,new_composable_fragment,,training,target,instruction,60,Target for glute-bridge-reps.,Aim for twelve reps.,true,target_fragment,shared,true,low_reassurance,critical_stop;critical_window;result_transition,false,true,1860,1820,2500,3500,4,true,,phase_4,blocked_by_decision,FD-007,needs_human_review,
ex-heel-raise-free-first-v2,rewrite_existing_key,ex-heel-raise,training,exact_training_instruction,instruction,60,First exposure for heel-raise-free.,"Heel raise. Stand tall. Rise onto the balls of your feet, then lower slowly.",false,whole_recording,shared,true,low_reassurance,critical_stop;critical_window;result_transition,false,true,5460,5320,9000,12000,14,true,,phase_4,ready_for_founder_review,,needs_human_review,
ex-heel-raise-free-next-v2,new_asset,,training,later_set_reminder,instruction,60,Later set for heel-raise-free.,Heel raise.,false,whole_recording,repeat,true,low_reassurance,critical_stop;critical_window;result_transition,false,true,1140,1120,4000,6000,2,true,,phase_4,ready_for_founder_review,,needs_human_review,
target-heel-raise-free-v2,new_composable_fragment,,training,target,instruction,60,Target for heel-raise-free.,Aim for eighteen reps.,true,target_fragment,shared,true,low_reassurance,critical_stop;critical_window;result_transition,false,true,1860,1820,2500,3500,4,true,,phase_4,ready_for_founder_review,,needs_human_review,
ex-heel-raise-supported-first-v2,rewrite_existing_key,ex-heel-raise,training,exact_training_instruction,instruction,60,First exposure for heel-raise-supported.,"Supported heel raise. Fingertips near support. Rise onto the balls of your feet, then lower slowly.",false,whole_recording,shared,true,low_reassurance,critical_stop;critical_window;result_transition,false,true,6180,6020,9000,12000,16,true,,phase_4,ready_for_founder_review,,needs_human_review,
ex-heel-raise-supported-next-v2,new_asset,,training,later_set_reminder,instruction,60,Later set for heel-raise-supported.,Supported heel raise.,false,whole_recording,repeat,true,low_reassurance,critical_stop;critical_window;result_transition,false,true,1500,1470,4000,6000,3,true,,phase_4,ready_for_founder_review,,needs_human_review,
target-heel-raise-supported-v2,new_composable_fragment,,training,target,instruction,60,Target for heel-raise-supported.,Aim for fifteen reps.,true,target_fragment,shared,true,low_reassurance,critical_stop;critical_window;result_transition,false,true,1860,1820,2500,3500,4,true,,phase_4,ready_for_founder_review,,needs_human_review,
ex-hip-hinge-free-first-v2,rewrite_existing_key,ex-hip-hinge,training,exact_training_instruction,instruction,60,First exposure for hip-hinge-free.,"Hip hinge. Feet under hips. Send hips back with a long spine, then stand tall.",false,whole_recording,shared,true,low_reassurance,critical_stop;critical_window;result_transition,false,true,5820,5670,9000,12000,15,true,,phase_4,ready_for_founder_review,,needs_human_review,
ex-hip-hinge-free-next-v2,new_asset,,training,later_set_reminder,instruction,60,Later set for hip-hinge-free.,Hip hinge.,false,whole_recording,repeat,true,low_reassurance,critical_stop;critical_window;result_transition,false,true,1140,1120,4000,6000,2,true,,phase_4,ready_for_founder_review,,needs_human_review,
target-hip-hinge-free-v2,new_composable_fragment,,training,target,instruction,60,Target for hip-hinge-free.,Aim for twelve reps.,true,target_fragment,shared,true,low_reassurance,critical_stop;critical_window;result_transition,false,true,1860,1820,2500,3500,4,true,,phase_4,ready_for_founder_review,,needs_human_review,
ex-hip-hinge-wall-first-v2,rewrite_existing_key,ex-hip-hinge,training,exact_training_instruction,instruction,60,First exposure for hip-hinge-wall.,"Wall-tap hinge. Stand a step from the wall. Send hips back to tap the wall, then stand tall.",false,whole_recording,shared,true,low_reassurance,critical_stop;critical_window;result_transition,false,true,7260,7070,9000,12000,19,true,,phase_4,ready_for_founder_review,,needs_human_review,
ex-hip-hinge-wall-next-v2,new_asset,,training,later_set_reminder,instruction,60,Later set for hip-hinge-wall.,Wall-tap hinge.,false,whole_recording,repeat,true,low_reassurance,critical_stop;critical_window;result_transition,false,true,1500,1470,4000,6000,3,true,,phase_4,ready_for_founder_review,,needs_human_review,
target-hip-hinge-wall-v2,new_composable_fragment,,training,target,instruction,60,Target for hip-hinge-wall.,Aim for ten reps.,true,target_fragment,shared,true,low_reassurance,critical_stop;critical_window;result_transition,false,true,1860,1820,2500,3500,4,true,,phase_4,ready_for_founder_review,,needs_human_review,
ex-loaded-march-first-v2,rewrite_existing_key,ex-march,training,exact_training_instruction,instruction,60,First exposure for loaded-march.,March in place. Stand tall near support and march with a steady rhythm.,false,whole_recording,shared,true,low_reassurance,critical_stop;critical_window;result_transition,false,true,5100,4970,9000,12000,13,true,,phase_4,ready_for_founder_review,,needs_human_review,
ex-loaded-march-next-v2,new_asset,,training,later_set_reminder,instruction,60,Later set for loaded-march.,March in place.,false,whole_recording,repeat,true,low_reassurance,critical_stop;critical_window;result_transition,false,true,1500,1470,4000,6000,3,true,,phase_4,ready_for_founder_review,,needs_human_review,
target-loaded-march-v2,new_composable_fragment,,training,target,instruction,60,Target for loaded-march.,Aim for sixteen reps.,true,target_fragment,shared,true,low_reassurance,critical_stop;critical_window;result_transition,false,true,1860,1820,2500,3500,4,true,,phase_4,ready_for_founder_review,,needs_human_review,
ex-loaded-sit-to-stand-first-v2,rewrite_existing_key,ex-sit-to-stand,training,exact_training_instruction,instruction,60,First exposure for loaded-sit-to-stand.,"Loaded sit-to-stand. Hold the load close to your chest. Stand fully, then sit with control.",false,whole_recording,shared,true,low_reassurance,critical_stop;critical_window;result_transition,false,true,6540,6370,9000,12000,17,true,,phase_4,ready_for_founder_review,,needs_human_review,
ex-loaded-sit-to-stand-next-v2,new_asset,,training,later_set_reminder,instruction,60,Later set for loaded-sit-to-stand.,Loaded sit-to-stand.,false,whole_recording,repeat,true,low_reassurance,critical_stop;critical_window;result_transition,false,true,1860,1820,4000,6000,4,true,,phase_4,ready_for_founder_review,,needs_human_review,
target-loaded-sit-to-stand-v2,new_composable_fragment,,training,target,instruction,60,Target for loaded-sit-to-stand.,Aim for eight reps.,true,target_fragment,shared,true,low_reassurance,critical_stop;critical_window;result_transition,false,true,1860,1820,2500,3500,4,true,,phase_4,ready_for_founder_review,,needs_human_review,
ex-mini-band-lateral-walk-first-v2,new_asset,,training,exact_training_instruction,instruction,60,First exposure for mini-band-lateral-walk.,Mini-band lateral walk. Place the mini band above your knees. Take small controlled side steps.,false,whole_recording,shared,true,low_reassurance,critical_stop;critical_window;result_transition,false,true,6180,6020,9000,12000,16,true,,phase_4,blocked_by_decision,FD-001;FD-004,needs_human_review,
ex-mini-band-lateral-walk-next-v2,new_asset,,training,later_set_reminder,instruction,60,Later set for mini-band-lateral-walk.,Mini-band lateral walk.,false,whole_recording,repeat,true,low_reassurance,critical_stop;critical_window;result_transition,false,true,1860,1820,4000,6000,4,true,,phase_4,blocked_by_decision,FD-001;FD-004,needs_human_review,
target-mini-band-lateral-walk-v2,new_composable_fragment,,training,target,instruction,60,Target for mini-band-lateral-walk.,Move for thirty seconds.,true,target_fragment,shared,true,low_reassurance,critical_stop;critical_window;result_transition,false,true,1860,1820,2500,3500,4,true,,phase_4,blocked_by_decision,FD-001;FD-004,needs_human_review,
ex-neck-rotation-first-v2,rewrite_existing_key,ex-neck-rotation,training,exact_training_instruction,instruction,60,First exposure for neck-rotation.,"Neck rotations. Face the phone, sit or stand tall, and slowly look over one shoulder, then the other.",false,whole_recording,shared,true,low_reassurance,critical_stop;critical_window;result_transition,false,true,6900,6720,9000,12000,18,true,,phase_4,ready_for_founder_review,,needs_human_review,
ex-neck-rotation-next-v2,new_asset,,training,later_set_reminder,instruction,60,Later set for neck-rotation.,Neck rotations.,false,whole_recording,repeat,true,low_reassurance,critical_stop;critical_window;result_transition,false,true,1140,1120,4000,6000,2,true,,phase_4,ready_for_founder_review,,needs_human_review,
target-neck-rotation-v2,new_composable_fragment,,training,target,instruction,60,Target for neck-rotation.,Capture for fourteen seconds.,true,target_fragment,shared,true,low_reassurance,critical_stop;critical_window;result_transition,false,true,1860,1820,2500,3500,4,true,,phase_4,ready_for_founder_review,,needs_human_review,
ex-overhead-press-band-first-v2,rewrite_existing_key,ex-overhead,training,exact_training_instruction,instruction,60,First exposure for overhead-press-band.,"Band overhead press. Stand tall with light band tension. Press overhead, then return slowly.",false,whole_recording,shared,true,low_reassurance,critical_stop;critical_window;result_transition,false,true,5460,5320,9000,12000,14,true,,phase_4,ready_for_founder_review,,needs_human_review,
ex-overhead-press-band-next-v2,new_asset,,training,later_set_reminder,instruction,60,Later set for overhead-press-band.,Band overhead press.,false,whole_recording,repeat,true,low_reassurance,critical_stop;critical_window;result_transition,false,true,1500,1470,4000,6000,3,true,,phase_4,ready_for_founder_review,,needs_human_review,
target-overhead-press-band-v2,new_composable_fragment,,training,target,instruction,60,Target for overhead-press-band.,Aim for twelve reps.,true,target_fragment,shared,true,low_reassurance,critical_stop;critical_window;result_transition,false,true,1860,1820,2500,3500,4,true,,phase_4,ready_for_founder_review,,needs_human_review,
ex-overhead-reach-first-v2,rewrite_existing_key,ex-overhead,training,exact_training_instruction,instruction,60,First exposure for overhead-reach.,"Overhead reach. Stand tall. Reach both arms overhead as far as comfortable, then lower.",false,whole_recording,shared,true,low_reassurance,critical_stop;critical_window;result_transition,false,true,5460,5320,9000,12000,14,true,,phase_4,ready_for_founder_review,,needs_human_review,
ex-overhead-reach-next-v2,new_asset,,training,later_set_reminder,instruction,60,Later set for overhead-reach.,Overhead reach.,false,whole_recording,repeat,true,low_reassurance,critical_stop;critical_window;result_transition,false,true,1140,1120,4000,6000,2,true,,phase_4,ready_for_founder_review,,needs_human_review,
target-overhead-reach-v2,new_composable_fragment,,training,target,instruction,60,Target for overhead-reach.,Aim for twelve reps.,true,target_fragment,shared,true,low_reassurance,critical_stop;critical_window;result_transition,false,true,1860,1820,2500,3500,4,true,,phase_4,ready_for_founder_review,,needs_human_review,
ex-push-up-incline-first-v2,rewrite_existing_key,ex-push-up,training,exact_training_instruction,instruction,60,First exposure for push-up-incline.,"Incline push-up. Hands on a stable counter or sturdy chair. Lower in with control, then press away.",false,whole_recording,shared,true,low_reassurance,critical_stop;critical_window;result_transition,false,true,6900,6720,9000,12000,18,true,,phase_4,ready_for_founder_review,,needs_human_review,
ex-push-up-incline-next-v2,new_asset,,training,later_set_reminder,instruction,60,Later set for push-up-incline.,Incline push-up.,false,whole_recording,repeat,true,low_reassurance,critical_stop;critical_window;result_transition,false,true,1500,1470,4000,6000,3,true,,phase_4,ready_for_founder_review,,needs_human_review,
target-push-up-incline-v2,new_composable_fragment,,training,target,instruction,60,Target for push-up-incline.,Aim for ten reps.,true,target_fragment,shared,true,low_reassurance,critical_stop;critical_window;result_transition,false,true,1860,1820,2500,3500,4,true,,phase_4,ready_for_founder_review,,needs_human_review,
ex-push-up-standard-first-v2,rewrite_existing_key,ex-push-up,training,exact_training_instruction,instruction,60,First exposure for push-up-standard.,"Push-up. Hands under your shoulders. Lower with control, then press up.",false,whole_recording,shared,true,low_reassurance,critical_stop;critical_window;result_transition,false,true,4740,4620,9000,12000,12,true,,phase_4,blocked_by_decision,FD-007,needs_human_review,
ex-push-up-standard-next-v2,new_asset,,training,later_set_reminder,instruction,60,Later set for push-up-standard.,Push-up.,false,whole_recording,repeat,true,low_reassurance,critical_stop;critical_window;result_transition,false,true,1140,1120,4000,6000,2,true,,phase_4,blocked_by_decision,FD-007,needs_human_review,
target-push-up-standard-v2,new_composable_fragment,,training,target,instruction,60,Target for push-up-standard.,Aim for eight reps.,true,target_fragment,shared,true,low_reassurance,critical_stop;critical_window;result_transition,false,true,1860,1820,2500,3500,4,true,,phase_4,blocked_by_decision,FD-007,needs_human_review,
ex-push-up-wall-first-v2,rewrite_existing_key,ex-push-up,training,exact_training_instruction,instruction,60,First exposure for push-up-wall.,"Wall push-up. Hands on the wall. Lower in with control, then press away.",false,whole_recording,shared,true,low_reassurance,critical_stop;critical_window;result_transition,false,true,5460,5320,9000,12000,14,true,,phase_4,ready_for_founder_review,,needs_human_review,
ex-push-up-wall-next-v2,new_asset,,training,later_set_reminder,instruction,60,Later set for push-up-wall.,Wall push-up.,false,whole_recording,repeat,true,low_reassurance,critical_stop;critical_window;result_transition,false,true,1500,1470,4000,6000,3,true,,phase_4,ready_for_founder_review,,needs_human_review,
target-push-up-wall-v2,new_composable_fragment,,training,target,instruction,60,Target for push-up-wall.,Aim for ten reps.,true,target_fragment,shared,true,low_reassurance,critical_stop;critical_window;result_transition,false,true,1860,1820,2500,3500,4,true,,phase_4,ready_for_founder_review,,needs_human_review,
ex-seated-band-row-first-v2,new_asset,,training,exact_training_instruction,instruction,60,First exposure for seated-band-row.,"Seated band row. Sit tall with the band secure under your feet or a low anchor. Pull elbows back, then return slowly.",false,whole_recording,shared,true,low_reassurance,critical_stop;critical_window;result_transition,false,true,8340,8120,9000,12000,22,true,,phase_4,ready_for_founder_review,,needs_human_review,
ex-seated-band-row-next-v2,new_asset,,training,later_set_reminder,instruction,60,Later set for seated-band-row.,Seated band row.,false,whole_recording,repeat,true,low_reassurance,critical_stop;critical_window;result_transition,false,true,1500,1470,4000,6000,3,true,,phase_4,ready_for_founder_review,,needs_human_review,
target-seated-band-row-v2,new_composable_fragment,,training,target,instruction,60,Target for seated-band-row.,Aim for ten reps.,true,target_fragment,shared,true,low_reassurance,critical_stop;critical_window;result_transition,false,true,1860,1820,2500,3500,4,true,,phase_4,ready_for_founder_review,,needs_human_review,
ex-seated-hamstring-reach-first-v2,rewrite_existing_key,ex-hamstring-reach,training,exact_training_instruction,instruction,60,First exposure for seated-hamstring-reach.,"Seated hamstring reach. Sit tall at the chair edge, one leg straight. Reach gently toward your toes and hold.",false,whole_recording,shared,true,low_reassurance,critical_stop;critical_window;result_transition,false,true,7260,7070,9000,12000,19,true,,phase_4,blocked_by_decision,FD-001,needs_human_review,
ex-seated-hamstring-reach-next-v2,new_asset,,training,later_set_reminder,instruction,60,Later set for seated-hamstring-reach.,Seated hamstring reach.,false,whole_recording,repeat,true,low_reassurance,critical_stop;critical_window;result_transition,false,true,1500,1470,4000,6000,3,true,,phase_4,blocked_by_decision,FD-001,needs_human_review,
target-seated-hamstring-reach-v2,new_composable_fragment,,training,target,instruction,60,Target for seated-hamstring-reach.,Capture for twelve seconds.,true,target_fragment,shared,true,low_reassurance,critical_stop;critical_window;result_transition,false,true,1860,1820,2500,3500,4,true,,phase_4,blocked_by_decision,FD-001,needs_human_review,
ex-squat-free-first-v2,rewrite_existing_key,ex-squat,training,exact_training_instruction,instruction,60,First exposure for squat-free.,"Squat. Feet about hip width. Lower as if to sit, then stand with control.",false,whole_recording,shared,true,low_reassurance,critical_stop;critical_window;result_transition,false,true,5460,5320,9000,12000,14,true,,phase_4,ready_for_founder_review,,needs_human_review,
ex-squat-free-next-v2,new_asset,,training,later_set_reminder,instruction,60,Later set for squat-free.,Squat.,false,whole_recording,repeat,true,low_reassurance,critical_stop;critical_window;result_transition,false,true,900,900,4000,6000,1,true,,phase_4,ready_for_founder_review,,needs_human_review,
target-squat-free-v2,new_composable_fragment,,training,target,instruction,60,Target for squat-free.,Aim for twelve reps.,true,target_fragment,shared,true,low_reassurance,critical_stop;critical_window;result_transition,false,true,1860,1820,2500,3500,4,true,,phase_4,ready_for_founder_review,,needs_human_review,
ex-squat-loaded-first-v2,rewrite_existing_key,ex-squat,training,exact_training_instruction,instruction,60,First exposure for squat-loaded.,"Loaded squat. Hold the load close to your chest. Lower into a squat, then stand with control.",false,whole_recording,shared,true,low_reassurance,critical_stop;critical_window;result_transition,false,true,6540,6370,9000,12000,17,true,,phase_4,ready_for_founder_review,,needs_human_review,
ex-squat-loaded-next-v2,new_asset,,training,later_set_reminder,instruction,60,Later set for squat-loaded.,Loaded squat.,false,whole_recording,repeat,true,low_reassurance,critical_stop;critical_window;result_transition,false,true,1140,1120,4000,6000,2,true,,phase_4,ready_for_founder_review,,needs_human_review,
target-squat-loaded-v2,new_composable_fragment,,training,target,instruction,60,Target for squat-loaded.,Aim for eight reps.,true,target_fragment,shared,true,low_reassurance,critical_stop;critical_window;result_transition,false,true,1860,1820,2500,3500,4,true,,phase_4,ready_for_founder_review,,needs_human_review,
ex-squat-slow-eccentric-first-v2,rewrite_existing_key,ex-squat,training,exact_training_instruction,instruction,60,First exposure for squat-slow-eccentric.,"Slow-lower squat. Lower slowly, then stand with control.",false,whole_recording,shared,true,low_reassurance,critical_stop;critical_window;result_transition,false,true,3660,3570,9000,12000,9,true,,phase_4,ready_for_founder_review,,needs_human_review,
ex-squat-slow-eccentric-next-v2,new_asset,,training,later_set_reminder,instruction,60,Later set for squat-slow-eccentric.,Slow-lower squat.,false,whole_recording,repeat,true,low_reassurance,critical_stop;critical_window;result_transition,false,true,1500,1470,4000,6000,3,true,,phase_4,ready_for_founder_review,,needs_human_review,
target-squat-slow-eccentric-v2,new_composable_fragment,,training,target,instruction,60,Target for squat-slow-eccentric.,Aim for eight reps.,true,target_fragment,shared,true,low_reassurance,critical_stop;critical_window;result_transition,false,true,1860,1820,2500,3500,4,true,,phase_4,ready_for_founder_review,,needs_human_review,
ex-squat-supported-first-v2,rewrite_existing_key,ex-squat,training,exact_training_instruction,instruction,60,First exposure for squat-supported.,"Supported squat. Stand near sturdy support. Lower as if to sit, then stand with control.",false,whole_recording,shared,true,low_reassurance,critical_stop;critical_window;result_transition,false,true,5820,5670,9000,12000,15,true,,phase_4,ready_for_founder_review,,needs_human_review,
ex-squat-supported-next-v2,new_asset,,training,later_set_reminder,instruction,60,Later set for squat-supported.,Supported squat.,false,whole_recording,repeat,true,low_reassurance,critical_stop;critical_window;result_transition,false,true,1140,1120,4000,6000,2,true,,phase_4,ready_for_founder_review,,needs_human_review,
target-squat-supported-v2,new_composable_fragment,,training,target,instruction,60,Target for squat-supported.,Aim for ten reps.,true,target_fragment,shared,true,low_reassurance,critical_stop;critical_window;result_transition,false,true,1860,1820,2500,3500,4,true,,phase_4,ready_for_founder_review,,needs_human_review,
ex-standing-band-row-first-v2,new_asset,,training,exact_training_instruction,instruction,60,First exposure for standing-band-row.,"Standing band row. Face the anchored band with a stable stance. Pull elbows back, then return slowly.",false,whole_recording,shared,true,low_reassurance,critical_stop;critical_window;result_transition,false,true,6540,6370,12000,16000,17,true,,phase_4,ready_for_founder_review,,needs_human_review,
ex-standing-band-row-next-v2,new_asset,,training,later_set_reminder,instruction,60,Later set for standing-band-row.,Standing band row.,false,whole_recording,repeat,true,low_reassurance,critical_stop;critical_window;result_transition,false,true,1500,1470,4000,6000,3,true,,phase_4,ready_for_founder_review,,needs_human_review,
target-standing-band-row-v2,new_composable_fragment,,training,target,instruction,60,Target for standing-band-row.,Aim for ten reps.,true,target_fragment,shared,true,low_reassurance,critical_stop;critical_window;result_transition,false,true,1860,1820,2500,3500,4,true,,phase_4,ready_for_founder_review,,needs_human_review,
ex-step-up-first-v2,rewrite_existing_key,ex-step-up,training,exact_training_instruction,instruction,60,First exposure for step-up.,"Step-up. Use the approved leading foot. Step up, bring the other foot to meet it, then step down leading with the same foot.",false,whole_recording,shared,true,low_reassurance,critical_stop;critical_window;result_transition,false,true,9060,8820,12000,16000,24,true,,phase_4,blocked_by_decision,FD-005,needs_human_review,
ex-step-up-next-v2,new_asset,,training,later_set_reminder,instruction,60,Later set for step-up.,Step-up.,false,whole_recording,repeat,true,low_reassurance,critical_stop;critical_window;result_transition,false,true,1140,1120,4000,6000,2,true,,phase_4,blocked_by_decision,FD-005,needs_human_review,
target-step-up-v2,new_composable_fragment,,training,target,instruction,60,Target for step-up.,Aim for twelve reps.,true,target_fragment,shared,true,low_reassurance,critical_stop;critical_window;result_transition,false,true,1860,1820,2500,3500,4,true,,phase_4,blocked_by_decision,FD-005,needs_human_review,
ex-sts-cushion-first-v2,rewrite_existing_key,ex-sit-to-stand,training,exact_training_instruction,instruction,60,First exposure for sts-cushion.,"Cushion sit-to-stand. Sit tall on the cushion, feet flat. Stand fully, then sit with control.",false,whole_recording,shared,true,low_reassurance,critical_stop;critical_window;result_transition,false,true,6540,6370,9000,12000,17,true,,phase_4,ready_for_founder_review,,needs_human_review,
ex-sts-cushion-next-v2,new_asset,,training,later_set_reminder,instruction,60,Later set for sts-cushion.,Cushion sit-to-stand.,false,whole_recording,repeat,true,low_reassurance,critical_stop;critical_window;result_transition,false,true,1860,1820,4000,6000,4,true,,phase_4,ready_for_founder_review,,needs_human_review,
target-sts-cushion-v2,new_composable_fragment,,training,target,instruction,60,Target for sts-cushion.,Aim for eight reps.,true,target_fragment,shared,true,low_reassurance,critical_stop;critical_window;result_transition,false,true,1860,1820,2500,3500,4,true,,phase_4,ready_for_founder_review,,needs_human_review,
ex-sts-power-first-v2,rewrite_existing_key,ex-sit-to-stand,training,exact_training_instruction,instruction,60,First exposure for sts-power.,"Power sit-to-stand. Sit tall, drive up briskly to standing, then sit with control.",false,whole_recording,shared,true,low_reassurance,critical_stop;critical_window;result_transition,false,true,5820,5670,9000,12000,15,true,,phase_4,ready_for_founder_review,,needs_human_review,
ex-sts-power-next-v2,new_asset,,training,later_set_reminder,instruction,60,Later set for sts-power.,Power sit-to-stand.,false,whole_recording,repeat,true,low_reassurance,critical_stop;critical_window;result_transition,false,true,1860,1820,4000,6000,4,true,,phase_4,ready_for_founder_review,,needs_human_review,
target-sts-power-v2,new_composable_fragment,,training,target,instruction,60,Target for sts-power.,Aim for twelve reps.,true,target_fragment,shared,true,low_reassurance,critical_stop;critical_window;result_transition,false,true,1860,1820,2500,3500,4,true,,phase_4,ready_for_founder_review,,needs_human_review,
ex-sts-slow-eccentric-first-v2,rewrite_existing_key,ex-sit-to-stand,training,exact_training_instruction,instruction,60,First exposure for sts-slow-eccentric.,"Slow-lower sit-to-stand. Stand fully, then lower slowly and steadily before the next rep.",false,whole_recording,shared,true,low_reassurance,critical_stop;critical_window;result_transition,false,true,6180,6020,9000,12000,16,true,,phase_4,ready_for_founder_review,,needs_human_review,
ex-sts-slow-eccentric-next-v2,new_asset,,training,later_set_reminder,instruction,60,Later set for sts-slow-eccentric.,Slow-lower sit-to-stand.,false,whole_recording,repeat,true,low_reassurance,critical_stop;critical_window;result_transition,false,true,2220,2170,4000,6000,5,true,,phase_4,ready_for_founder_review,,needs_human_review,
target-sts-slow-eccentric-v2,new_composable_fragment,,training,target,instruction,60,Target for sts-slow-eccentric.,Aim for eight reps.,true,target_fragment,shared,true,low_reassurance,critical_stop;critical_window;result_transition,false,true,1860,1820,2500,3500,4,true,,phase_4,ready_for_founder_review,,needs_human_review,
ex-sts-standard-first-v2,rewrite_existing_key,ex-sit-to-stand,training,exact_training_instruction,instruction,60,First exposure for sts-standard.,"Sit-to-stand. Sit tall in the middle of the chair, feet flat. Stand fully, then sit with control.",false,whole_recording,shared,true,low_reassurance,critical_stop;critical_window;result_transition,false,true,7260,7070,9000,12000,19,true,,phase_4,ready_for_founder_review,,needs_human_review,
ex-sts-standard-next-v2,new_asset,,training,later_set_reminder,instruction,60,Later set for sts-standard.,Sit-to-stand.,false,whole_recording,repeat,true,low_reassurance,critical_stop;critical_window;result_transition,false,true,1500,1470,4000,6000,3,true,,phase_4,ready_for_founder_review,,needs_human_review,
target-sts-standard-v2,new_composable_fragment,,training,target,instruction,60,Target for sts-standard.,Aim for ten reps.,true,target_fragment,shared,true,low_reassurance,critical_stop;critical_window;result_transition,false,true,1860,1820,2500,3500,4,true,,phase_4,ready_for_founder_review,,needs_human_review,
ex-supported-hip-flexor-stretch-first-v2,new_asset,,training,exact_training_instruction,instruction,60,First exposure for supported-hip-flexor-stretch.,"Supported hip-flexor stretch. Use the approved stance side, fingertips near support. Shift forward gently and hold.",false,whole_recording,shared,true,low_reassurance,critical_stop;critical_window;result_transition,false,true,6540,6370,9000,12000,17,true,,phase_4,blocked_by_decision,FD-001,needs_human_review,
ex-supported-hip-flexor-stretch-next-v2,new_asset,,training,later_set_reminder,instruction,60,Later set for supported-hip-flexor-stretch.,Hip-flexor stretch.,false,whole_recording,repeat,true,low_reassurance,critical_stop;critical_window;result_transition,false,true,1500,1470,4000,6000,3,true,,phase_4,blocked_by_decision,FD-001,needs_human_review,
target-supported-hip-flexor-stretch-v2,new_composable_fragment,,training,target,instruction,60,Target for supported-hip-flexor-stretch.,Hold for thirty seconds.,true,target_fragment,shared,true,low_reassurance,critical_stop;critical_window;result_transition,false,true,1860,1820,2500,3500,4,true,,phase_4,blocked_by_decision,FD-001,needs_human_review,
ex-supported-side-step-first-v2,new_asset,,training,exact_training_instruction,instruction,60,First exposure for supported-side-step.,"Supported side step. Stand near a counter. Step to the side, bring the other foot in, and continue with control.",false,whole_recording,shared,true,low_reassurance,critical_stop;critical_window;result_transition,false,true,7620,7420,9000,12000,20,true,,phase_4,ready_for_founder_review,,needs_human_review,
ex-supported-side-step-next-v2,new_asset,,training,later_set_reminder,instruction,60,Later set for supported-side-step.,Supported side step.,false,whole_recording,repeat,true,low_reassurance,critical_stop;critical_window;result_transition,false,true,1500,1470,4000,6000,3,true,,phase_4,ready_for_founder_review,,needs_human_review,
target-supported-side-step-v2,new_composable_fragment,,training,target,instruction,60,Target for supported-side-step.,Move for thirty seconds.,true,target_fragment,shared,true,low_reassurance,critical_stop;critical_window;result_transition,false,true,1860,1820,2500,3500,4,true,,phase_4,ready_for_founder_review,,needs_human_review,
ex-thoracic-rotation-first-v2,new_asset,,training,exact_training_instruction,instruction,60,First exposure for thoracic-rotation.,"Thoracic rotation. Sit or stand tall with arms crossed. Rotate one way, return to center, then rotate the other way.",false,whole_recording,shared,true,low_reassurance,critical_stop;critical_window;result_transition,false,true,7620,7420,9000,12000,20,true,,phase_4,ready_for_founder_review,,needs_human_review,
ex-thoracic-rotation-next-v2,new_asset,,training,later_set_reminder,instruction,60,Later set for thoracic-rotation.,Thoracic rotation.,false,whole_recording,repeat,true,low_reassurance,critical_stop;critical_window;result_transition,false,true,1140,1120,4000,6000,2,true,,phase_4,ready_for_founder_review,,needs_human_review,
target-thoracic-rotation-v2,new_composable_fragment,,training,target,instruction,60,Target for thoracic-rotation.,Move for thirty seconds.,true,target_fragment,shared,true,low_reassurance,critical_stop;critical_window;result_transition,false,true,1860,1820,2500,3500,4,true,,phase_4,ready_for_founder_review,,needs_human_review,
ex-toe-raise-supported-first-v2,rewrite_existing_key,ex-heel-raise,training,exact_training_instruction,instruction,60,First exposure for toe-raise-supported.,"Supported toe raise. Keep heels down, lift the front of your feet, then lower slowly.",false,whole_recording,shared,true,low_reassurance,critical_stop;critical_window;result_transition,false,true,5820,5670,9000,12000,15,true,,phase_4,ready_for_founder_review,,needs_human_review,
ex-toe-raise-supported-next-v2,new_asset,,training,later_set_reminder,instruction,60,Later set for toe-raise-supported.,Supported toe raise.,false,whole_recording,repeat,true,low_reassurance,critical_stop;critical_window;result_transition,false,true,1500,1470,4000,6000,3,true,,phase_4,ready_for_founder_review,,needs_human_review,
target-toe-raise-supported-v2,new_composable_fragment,,training,target,instruction,60,Target for toe-raise-supported.,Move for thirty seconds.,true,target_fragment,shared,true,low_reassurance,critical_stop;critical_window;result_transition,false,true,1860,1820,2500,3500,4,true,,phase_4,ready_for_founder_review,,needs_human_review,
ex-wall-calf-stretch-first-v2,new_asset,,training,exact_training_instruction,instruction,60,First exposure for wall-calf-stretch.,"Wall calf stretch. Hands on the wall, approved leg back, heel down. Lean forward gently and hold.",false,whole_recording,shared,true,low_reassurance,critical_stop;critical_window;result_transition,false,true,6540,6370,9000,12000,17,true,,phase_4,blocked_by_decision,FD-001,needs_human_review,
ex-wall-calf-stretch-next-v2,new_asset,,training,later_set_reminder,instruction,60,Later set for wall-calf-stretch.,Calf stretch.,false,whole_recording,repeat,true,low_reassurance,critical_stop;critical_window;result_transition,false,true,1140,1120,4000,6000,2,true,,phase_4,blocked_by_decision,FD-001,needs_human_review,
target-wall-calf-stretch-v2,new_composable_fragment,,training,target,instruction,60,Target for wall-calf-stretch.,Hold for thirty seconds.,true,target_fragment,shared,true,low_reassurance,critical_stop;critical_window;result_transition,false,true,1860,1820,2500,3500,4,true,,phase_4,blocked_by_decision,FD-001,needs_human_review,
set-plan-2-v2,retire,,shared,retired,low_reassurance,20,Retired V1 proposed surface.,,false,retired,retired,false,,critical_stop;critical_window;result_transition;instruction;setup_recovery,true,true,0,0,0,0,0,false,V2 cue-count optimisation,phase_1,retired,,needs_human_review,Set count not spoken by default under FD-006 safe default.
set-plan-3-v2,retire,,shared,retired,low_reassurance,20,Retired V1 proposed surface.,,false,retired,retired,false,,critical_stop;critical_window;result_transition;instruction;setup_recovery,true,true,0,0,0,0,0,false,V2 cue-count optimisation,phase_1,retired,,needs_human_review,Set count not spoken by default under FD-006 safe default.
balance-semi-tandem-active-v2,retire,,shared,retired,low_reassurance,20,Retired V1 proposed surface.,,false,retired,retired,false,,critical_stop;critical_window;result_transition;instruction;setup_recovery,true,true,0,0,0,0,0,false,V2 cue-count optimisation,phase_1,retired,,needs_human_review,Semi-tandem is not in the default production balance ladder.
ten-seconds-left-v2,retire,,shared,retired,low_reassurance,20,Retired V1 proposed surface.,,false,retired,retired,false,,critical_stop;critical_window;result_transition;instruction;setup_recovery,true,true,0,0,0,0,0,false,V2 cue-count optimisation,phase_1,retired,,needs_human_review,V2 progress policy uses halfway and five-seconds-left only for 30s windows.
