newCueKey,action,oldCueKeys,flow,category,policyId,proposedNumericPriority,trigger,exactScript,isComposable,compositionRole,firstUseOrRepeat,blocksProgression,mayInterrupt,mayBeInterruptedBy,dropIfBusy,cancelOnStateExit,estimatedClaraMs,estimatedMarcusMs,targetMaxMs,hardMaxMs,wordCount,requiredForVoiceFirst,sourceContract,implementationPhase,humanReviewStatus,runtimeReadiness,implementationRequirementIds,legacyStatus,notes
training-intro-v21,rewrite_existing_key,training-intro,training,session_intro,instruction,60,,"Time to train. I will guide the setup, work, and rests. Follow my voice and pause whenever you need.",false,whole_recording,shared,true,low_reassurance,critical_stop;critical_window;result_transition,false,true,7260,7070,12000,16000,19,true,,v21_script_review,ready_for_human_review,ready_after_audio_generation,,active,
safe-session-start-v21,new_asset,,training,safety.universal,instruction,60,,"Clear the space around you. Stop for sharp pain, dizziness, or feeling unwell.",false,whole_recording,shared,true,low_reassurance,critical_stop;critical_window;result_transition,false,true,5100,4970,12000,16000,13,true,,v21_script_review,ready_for_human_review,ready_after_audio_generation,,active,
final-position-set-v21,new_asset,,shared,setup.final_position,setup_recovery,50,,You're set.,false,whole_recording,shared,false,low_reassurance,critical_stop;critical_window;result_transition;instruction,true,true,1140,1120,12000,16000,2,true,,v21_script_review,ready_for_human_review,ready_after_audio_generation,,active,
setup-enter-view-v21,rewrite_existing_key,step-into-frame,shared,setup.prompt,setup_recovery,50,,Step into view so your whole body is visible.,false,whole_recording,shared,false,low_reassurance,critical_stop;critical_window;result_transition;instruction,true,true,3660,3570,12000,16000,9,true,,v21_script_review,ready_for_human_review,ready_after_audio_generation,,active,
setup-clearer-view-v21,new_asset,,shared,setup.prompt,setup_recovery,50,,I need a clearer view. Make sure your whole body is visible.,false,whole_recording,shared,false,low_reassurance,critical_stop;critical_window;result_transition;instruction,true,true,4740,4620,12000,16000,12,true,,v21_script_review,ready_for_human_review,ready_after_audio_generation,,active,
setup-center-v21,rewrite_existing_key,center-yourself,shared,setup.prompt,setup_recovery,50,,Move to the centre of the view.,false,whole_recording,shared,false,low_reassurance,critical_stop;critical_window;result_transition;instruction,true,true,2940,2870,12000,16000,7,true,,v21_script_review,ready_for_human_review,ready_after_audio_generation,,active,
setup-back-v21,rewrite_existing_key,step-back,shared,setup.prompt,setup_recovery,50,,Move a little farther back.,false,whole_recording,shared,false,low_reassurance,critical_stop;critical_window;result_transition;instruction,true,true,2220,2170,12000,16000,5,true,,v21_script_review,ready_for_human_review,ready_after_audio_generation,,active,
setup-closer-v21,rewrite_existing_key,step-closer,shared,setup.prompt,setup_recovery,50,,Move a little closer.,false,whole_recording,shared,false,low_reassurance,critical_stop;critical_window;result_transition;instruction,true,true,1860,1820,12000,16000,4,true,,v21_script_review,ready_for_human_review,ready_after_audio_generation,,active,
setup-hold-still-v21,rewrite_existing_key,hold-still,shared,setup.prompt,setup_recovery,50,,Hold still for a moment.,false,whole_recording,shared,false,low_reassurance,critical_stop;critical_window;result_transition;instruction,true,true,2220,2170,12000,16000,5,true,,v21_script_review,ready_for_human_review,ready_after_audio_generation,,active,
setup-light-v21,rewrite_existing_key,turn-on-light,shared,setup.prompt,setup_recovery,50,,Please turn on the main light.,false,whole_recording,shared,false,low_reassurance,critical_stop;critical_window;result_transition;instruction,true,true,2580,2520,12000,16000,6,true,,v21_script_review,ready_for_human_review,ready_after_audio_generation,,active,
tracking-loss-v21,rewrite_existing_key,tracking_pause_and_reset,shared,tracking_loss,critical_stop,100,,Pause. Return to the setup position.,false,whole_recording,shared,true,all,none,false,true,2580,2520,12000,16000,6,true,,v21_script_review,ready_for_human_review,ready_after_audio_generation,,active,
tracking-recovered-v21,new_asset,,shared,tracking_recovery,setup_recovery,50,,You're back in position. We'll restart.,false,whole_recording,shared,false,low_reassurance,critical_stop;critical_window;result_transition;instruction,true,true,2580,2520,12000,16000,6,true,,v21_script_review,ready_for_human_review,ready_after_audio_generation,,active,
countdown-three,reuse_existing,countdown-three,shared,countdown,critical_window,90,,Three.,false,whole_recording,shared,true,instruction;setup_recovery;low_reassurance,critical_stop,false,true,900,900,12000,16000,1,true,,v21_script_review,ready_for_human_review,ready_after_audio_generation,,active,
countdown-two,reuse_existing,countdown-two,shared,countdown,critical_window,90,,Two.,false,whole_recording,shared,true,instruction;setup_recovery;low_reassurance,critical_stop,false,true,900,900,12000,16000,1,true,,v21_script_review,ready_for_human_review,ready_after_audio_generation,,active,
countdown-one,reuse_existing,countdown-one,shared,countdown,critical_window,90,,One.,false,whole_recording,shared,true,instruction;setup_recovery;low_reassurance,critical_stop,false,true,900,900,12000,16000,1,true,,v21_script_review,ready_for_human_review,ready_after_audio_generation,,active,
go,reuse_existing,go,shared,countdown,critical_window,90,,Go!,false,whole_recording,shared,true,instruction;setup_recovery;low_reassurance,critical_stop,false,true,900,900,12000,16000,1,true,,v21_script_review,ready_for_human_review,ready_after_audio_generation,,active,
times-up-v21,rewrite_existing_key,times-up,shared,active_stop,critical_stop,100,,Time.,false,whole_recording,shared,true,all,none,false,true,900,900,12000,16000,1,true,,v21_script_review,ready_for_human_review,ready_after_audio_generation,,active,
halfway-v21,new_composable_fragment,,shared,progress,low_reassurance,20,,Halfway.,false,whole_recording,shared,false,none,all_higher_priority,true,true,900,900,12000,16000,1,true,,v21_script_review,ready_for_human_review,ready_after_audio_generation,,active,
five-seconds-left-v21,new_composable_fragment,,shared,progress,low_reassurance,20,,Five seconds left.,false,whole_recording,shared,false,none,all_higher_priority,true,true,1500,1470,12000,16000,3,true,,v21_script_review,ready_for_human_review,ready_after_audio_generation,,active,
paused-v21,new_asset,,control,control_or_completion,result_transition,70,,Paused.,false,whole_recording,shared,true,setup_recovery;low_reassurance,critical_stop;critical_window,false,true,900,900,2000,3500,1,true,,v21_script_review,ready_for_human_review,ready_after_audio_generation,,active,
resuming-v21,new_asset,,control,control_or_completion,result_transition,70,,Resuming.,false,whole_recording,shared,true,setup_recovery;low_reassurance,critical_stop;critical_window,false,true,900,900,2000,3500,1,true,,v21_script_review,ready_for_human_review,ready_after_audio_generation,,active,
retry-v21,new_asset,,control,control_or_completion,result_transition,70,,Let's try that again.,false,whole_recording,shared,true,setup_recovery;low_reassurance,critical_stop;critical_window,false,true,1860,1820,2000,3500,4,true,,v21_script_review,ready_for_human_review,ready_after_audio_generation,,active,
training-skip-v21,rewrite_existing_key,exercise-skipped,control,control_or_completion,result_transition,70,,Skipped. Moving on.,false,whole_recording,shared,true,setup_recovery;low_reassurance,critical_stop;critical_window,false,true,1500,1470,2000,3500,3,true,,v21_script_review,ready_for_human_review,ready_after_audio_generation,,active,
checkup-skip-v21,rewrite_existing_key,exercise-skipped,control,control_or_completion,result_transition,70,,Skipped. Moving on.,false,whole_recording,shared,true,setup_recovery;low_reassurance,critical_stop;critical_window,false,true,1500,1470,2000,3500,3,true,,v21_script_review,ready_for_human_review,ready_after_audio_generation,,active,
micro-discard-v21,new_asset,,control,control_or_completion,result_transition,70,,Check discarded.,false,whole_recording,shared,true,setup_recovery;low_reassurance,critical_stop;critical_window,false,true,1140,1120,2000,3500,2,true,,v21_script_review,ready_for_human_review,ready_after_audio_generation,,active,
set-complete-v21,rewrite_existing_key,set-done,training,control_or_completion,result_transition,70,,Set complete.,false,whole_recording,shared,true,setup_recovery;low_reassurance,critical_stop;critical_window,false,true,1140,1120,2000,3500,2,true,,v21_script_review,ready_for_human_review,ready_after_audio_generation,,active,
rest-now-v21,rewrite_existing_key,rest-now,training,control_or_completion,result_transition,70,,Rest now.,false,whole_recording,shared,true,setup_recovery;low_reassurance,critical_stop;critical_window,false,true,1140,1120,2000,3500,2,true,,v21_script_review,ready_for_human_review,ready_after_audio_generation,,active,
last-set-v21,rewrite_existing_key,last-set,training,control_or_completion,result_transition,70,,Last set.,false,whole_recording,shared,true,setup_recovery;low_reassurance,critical_stop;critical_window,false,true,1140,1120,2000,3500,2,true,,v21_script_review,ready_for_human_review,ready_after_audio_generation,,active,
next-exercise-v21,rewrite_existing_key,next-up;next-exercise,training,control_or_completion,result_transition,70,,Next exercise.,false,whole_recording,shared,true,setup_recovery;low_reassurance,critical_stop;critical_window,false,true,1140,1120,2000,3500,2,true,,v21_script_review,ready_for_human_review,ready_after_audio_generation,,active,
session-complete-v21,rewrite_existing_key,session-complete,training,control_or_completion,result_transition,70,,Session complete.,false,whole_recording,shared,true,setup_recovery;low_reassurance,critical_stop;critical_window,false,true,1140,1120,2000,3500,2,true,,v21_script_review,ready_for_human_review,ready_after_audio_generation,,active,
checkup-complete-v21,rewrite_existing_key,checkup-complete,checkup,control_or_completion,result_transition,70,,Check-up complete. Your results are ready.,false,whole_recording,shared,true,setup_recovery;low_reassurance,critical_stop;critical_window,false,true,2940,2870,2000,3500,7,true,,v21_script_review,ready_for_human_review,ready_after_audio_generation,,active,
microcheck-complete-v21,rewrite_existing_key,microcheck-complete,micro_check,control_or_completion,result_transition,70,,Check complete.,false,whole_recording,shared,true,setup_recovery;low_reassurance,critical_stop;critical_window,false,true,1140,1120,2000,3500,2,true,,v21_script_review,ready_for_human_review,ready_after_audio_generation,,active,
item-complete-v21,rewrite_existing_key,item-complete,shared,control_or_completion,result_transition,70,,Complete.,false,whole_recording,shared,true,setup_recovery;low_reassurance,critical_stop;critical_window,false,true,900,900,2000,3500,1,true,,v21_script_review,ready_for_human_review,ready_after_audio_generation,,active,
equip-chair-stable-v21,new_asset,,training,safety.equipment_family,instruction,60,,Use a sturdy chair that will not slide.,false,whole_recording,shared,true,low_reassurance,critical_stop;critical_window;result_transition,false,true,3300,3220,12000,16000,8,true,,v21_script_review,ready_for_human_review,ready_after_audio_generation,,active,
equip-support-close-v21,new_asset,,training,safety.equipment_family,instruction,60,,Keep sturdy support within easy reach.,false,whole_recording,shared,true,low_reassurance,critical_stop;critical_window;result_transition,false,true,2580,2520,12000,16000,6,true,,v21_script_review,ready_for_human_review,ready_after_audio_generation,,active,
equip-balance-support-v21,rewrite_existing_key,balance_support_within_reach,training,safety.equipment_family,instruction,60,,Keep support within easy reach.,false,whole_recording,shared,true,low_reassurance,critical_stop;critical_window;result_transition,false,true,2220,2170,12000,16000,5,true,,v21_script_review,ready_for_human_review,ready_after_audio_generation,,active,
equip-step-stable-v21,rewrite_existing_key,step_use_low_stable_step;step_fixed_support_nearby,training,safety.equipment_family,instruction,60,,"Use the lowest stable step, with support nearby.",false,whole_recording,shared,true,low_reassurance,critical_stop;critical_window;result_transition,false,true,3300,3220,12000,16000,8,true,,v21_script_review,ready_for_human_review,ready_after_audio_generation,,active,
equip-long-band-v21,rewrite_existing_key,band_inspect_before_use;band_face_and_eyes_clear,training,safety.equipment_family,instruction,60,,Check the band first and keep it away from your face.,false,whole_recording,shared,true,low_reassurance,critical_stop;critical_window;result_transition,false,true,4380,4270,12000,16000,11,true,,v21_script_review,ready_for_human_review,ready_after_audio_generation,,active,
equip-door-anchor-v21,rewrite_existing_key,door_anchor_fully_closed;door_anchor_test_light_tension,training,safety.equipment_family,instruction,60,,Use a secure closed door anchor and test light tension first.,false,whole_recording,shared,true,low_reassurance,critical_stop;critical_window;result_transition,false,true,4380,4270,12000,16000,11,true,,v21_script_review,ready_for_human_review,ready_after_audio_generation,,active,
equip-floor-transition-v21,rewrite_existing_key,floor_slow_transition,training,safety.equipment_family,instruction,60,,Move down to the floor and settle into the start position.,false,whole_recording,shared,true,low_reassurance,critical_stop;critical_window;result_transition,false,true,4380,4270,12000,16000,11,true,,v21_script_review,ready_for_human_review,ready_after_audio_generation,,active,
floor-gate-question-v21,new_asset,,profile,safety.floor_gate,instruction,60,,Can you safely get down to the floor and back up without assistance?,false,whole_recording,shared,true,low_reassurance,critical_stop;critical_window;result_transition,false,true,5100,4970,12000,16000,13,true,,v21_script_review,ready_for_human_review,ready_after_audio_generation,,active,
switch-legs-v21,new_composable_fragment,,training,side_change,instruction,60,,Switch legs.,false,whole_recording,shared,true,low_reassurance,critical_stop;critical_window;result_transition,false,true,1140,1120,12000,16000,2,true,,v21_script_review,ready_for_human_review,ready_after_audio_generation,,active,
switch-foot-positions-v21,new_composable_fragment,,training,side_change,instruction,60,,Switch foot positions.,false,whole_recording,shared,true,low_reassurance,critical_stop;critical_window;result_transition,false,true,1500,1470,12000,16000,3,true,,v21_script_review,ready_for_human_review,ready_after_audio_generation,,active,
switch-sides-v21,new_composable_fragment,,training,side_change,instruction,60,,Switch sides.,false,whole_recording,shared,true,low_reassurance,critical_stop;critical_window;result_transition,false,true,1140,1120,12000,16000,2,true,,v21_script_review,ready_for_human_review,ready_after_audio_generation,,active,
ex-balance-feet-together-hold-first-v21,new_asset,,training,exact_training_instruction,instruction,60,,"Feet-together hold. Stand with feet together, fingertips near support, eyes open.",false,whole_recording,first_use,true,low_reassurance,critical_stop;critical_window;result_transition,false,true,4740,4620,12000,16000,12,true,balance-feet-together-hold,v21_script_review,ready_for_human_review,implementation_required_before_preview,IR-VOICE-SAFETY-SUBSUMPTION,active,
ex-balance-feet-together-hold-next-v21,new_asset,,training,later_set_reminder,instruction,60,,Feet-together hold.,false,whole_recording,later_set,true,low_reassurance,critical_stop;critical_window;result_transition,false,true,1500,1470,4000,6000,3,true,balance-feet-together-hold,v21_script_review,ready_for_human_review,implementation_required_before_preview,IR-VOICE-SAFETY-SUBSUMPTION,active,
target-balance-feet-together-hold-v21,new_composable_fragment,,training,target,instruction,60,,Hold for twenty seconds.,true,target_fragment,target,true,low_reassurance,critical_stop;critical_window;result_transition,false,true,1860,1820,4000,6000,4,true,balance-feet-together-hold,v21_script_review,ready_for_human_review,implementation_required_before_preview,IR-VOICE-SAFETY-SUBSUMPTION,active,
ex-balance-single-leg-hold-first-v21,new_asset,,training,exact_training_instruction,instruction,60,,Single-leg hold. Keep support close.,false,whole_recording,first_use,true,low_reassurance,critical_stop;critical_window;result_transition,false,true,2580,2520,12000,16000,6,true,balance-single-leg-hold,v21_script_review,ready_for_human_review,implementation_required_before_preview,IR-VOICE-ROUND-STATE;IR-VOICE-DOSE-CONVERSION;IR-VOICE-SAFETY-SUBSUMPTION,active,
ex-balance-single-leg-hold-next-v21,new_asset,,training,later_set_reminder,instruction,60,,Single-leg hold.,false,whole_recording,later_set,true,low_reassurance,critical_stop;critical_window;result_transition,false,true,1500,1470,4000,6000,3,true,balance-single-leg-hold,v21_script_review,ready_for_human_review,implementation_required_before_preview,IR-VOICE-ROUND-STATE;IR-VOICE-DOSE-CONVERSION;IR-VOICE-SAFETY-SUBSUMPTION,active,
target-balance-single-leg-hold-v21,new_composable_fragment,,training,target,instruction,60,,Hold for [duration].,true,target_fragment,target,true,low_reassurance,critical_stop;critical_window;result_transition,false,true,1500,1470,4000,6000,3,true,balance-single-leg-hold,v21_script_review,ready_for_human_review,implementation_required_before_preview,IR-VOICE-ROUND-STATE;IR-VOICE-DOSE-CONVERSION;IR-VOICE-SAFETY-SUBSUMPTION,active,
side-single-leg-left-v21,new_asset,,training,side_instruction,instruction,60,,Start on your left leg. Lift your right foot slightly.,false,whole_recording,shared,true,low_reassurance,critical_stop;critical_window;result_transition,false,true,4020,3920,12000,16000,10,true,balance-single-leg-hold,v21_script_review,ready_for_human_review,implementation_required_before_preview,IR-VOICE-ROUND-STATE,active,
side-single-leg-right-v21,new_asset,,training,side_instruction,instruction,60,,Start on your right leg. Lift your left foot slightly.,false,whole_recording,shared,true,low_reassurance,critical_stop;critical_window;result_transition,false,true,4020,3920,12000,16000,10,true,balance-single-leg-hold,v21_script_review,ready_for_human_review,implementation_required_before_preview,IR-VOICE-ROUND-STATE,active,
ex-balance-tandem-hold-first-v21,new_asset,,training,exact_training_instruction,instruction,60,,Tandem hold. Keep support close.,false,whole_recording,first_use,true,low_reassurance,critical_stop;critical_window;result_transition,false,true,2220,2170,12000,16000,5,true,balance-tandem-hold,v21_script_review,ready_for_human_review,implementation_required_before_preview,IR-VOICE-ROUND-STATE;IR-VOICE-DOSE-CONVERSION;IR-VOICE-SAFETY-SUBSUMPTION,active,
ex-balance-tandem-hold-next-v21,new_asset,,training,later_set_reminder,instruction,60,,Tandem hold.,false,whole_recording,later_set,true,low_reassurance,critical_stop;critical_window;result_transition,false,true,1140,1120,4000,6000,2,true,balance-tandem-hold,v21_script_review,ready_for_human_review,implementation_required_before_preview,IR-VOICE-ROUND-STATE;IR-VOICE-DOSE-CONVERSION;IR-VOICE-SAFETY-SUBSUMPTION,active,
target-balance-tandem-hold-v21,new_composable_fragment,,training,target,instruction,60,,Hold for [duration].,true,target_fragment,target,true,low_reassurance,critical_stop;critical_window;result_transition,false,true,1500,1470,4000,6000,3,true,balance-tandem-hold,v21_script_review,ready_for_human_review,implementation_required_before_preview,IR-VOICE-ROUND-STATE;IR-VOICE-DOSE-CONVERSION;IR-VOICE-SAFETY-SUBSUMPTION,active,
side-tandem-left-front-v21,new_asset,,training,side_instruction,instruction,60,,"Place your left foot in front, heel to toe.",false,whole_recording,shared,true,low_reassurance,critical_stop;critical_window;result_transition,false,true,3660,3570,12000,16000,9,true,balance-tandem-hold,v21_script_review,ready_for_human_review,implementation_required_before_preview,IR-VOICE-ROUND-STATE,active,
side-tandem-right-front-v21,new_asset,,training,side_instruction,instruction,60,,"Place your right foot in front, heel to toe.",false,whole_recording,shared,true,low_reassurance,critical_stop;critical_window;result_transition,false,true,3660,3570,12000,16000,9,true,balance-tandem-hold,v21_script_review,ready_for_human_review,implementation_required_before_preview,IR-VOICE-ROUND-STATE,active,
ex-band-pull-apart-first-v21,new_asset,,training,exact_training_instruction,instruction,60,,"Band pull-apart. Hold a light band at chest height. Pull your hands wide, then return slowly.",false,whole_recording,first_use,true,low_reassurance,critical_stop;critical_window;result_transition,false,true,6540,6370,12000,16000,17,true,band-pull-apart,v21_script_review,ready_for_human_review,implementation_required_before_preview,IR-VOICE-SAFETY-SUBSUMPTION,active,
ex-band-pull-apart-next-v21,new_asset,,training,later_set_reminder,instruction,60,,Band pull-apart.,false,whole_recording,later_set,true,low_reassurance,critical_stop;critical_window;result_transition,false,true,1500,1470,4000,6000,3,true,band-pull-apart,v21_script_review,ready_for_human_review,implementation_required_before_preview,IR-VOICE-SAFETY-SUBSUMPTION,active,
target-band-pull-apart-v21,new_composable_fragment,,training,target,instruction,60,,Move for thirty seconds.,true,target_fragment,target,true,low_reassurance,critical_stop;critical_window;result_transition,false,true,1860,1820,4000,6000,4,true,band-pull-apart,v21_script_review,ready_for_human_review,implementation_required_before_preview,IR-VOICE-SAFETY-SUBSUMPTION,active,
ex-chair-supported-split-squat-first-v21,new_asset,,training,exact_training_instruction,instruction,60,,Supported split squat. Keep fingertips near support.,false,whole_recording,first_use,true,low_reassurance,critical_stop;critical_window;result_transition,false,true,2940,2870,12000,16000,7,true,chair-supported-split-squat,v21_script_review,ready_for_human_review,implementation_required_before_preview,IR-VOICE-ROUND-STATE;IR-VOICE-DOSE-CONVERSION;IR-VOICE-SAFETY-SUBSUMPTION,active,
ex-chair-supported-split-squat-next-v21,new_asset,,training,later_set_reminder,instruction,60,,Supported split squat.,false,whole_recording,later_set,true,low_reassurance,critical_stop;critical_window;result_transition,false,true,1500,1470,4000,6000,3,true,chair-supported-split-squat,v21_script_review,ready_for_human_review,implementation_required_before_preview,IR-VOICE-ROUND-STATE;IR-VOICE-DOSE-CONVERSION;IR-VOICE-SAFETY-SUBSUMPTION,active,
target-chair-supported-split-squat-v21,new_composable_fragment,,training,target,instruction,60,,Aim for [reps] reps.,true,target_fragment,target,true,low_reassurance,critical_stop;critical_window;result_transition,false,true,1860,1820,4000,6000,4,true,chair-supported-split-squat,v21_script_review,ready_for_human_review,implementation_required_before_preview,IR-VOICE-ROUND-STATE;IR-VOICE-DOSE-CONVERSION;IR-VOICE-SAFETY-SUBSUMPTION,active,
side-split-squat-left-forward-v21,new_asset,,training,side_instruction,instruction,60,,"Left foot forward, small split stance.",false,whole_recording,shared,true,low_reassurance,critical_stop;critical_window;result_transition,false,true,2580,2520,12000,16000,6,true,chair-supported-split-squat,v21_script_review,ready_for_human_review,implementation_required_before_preview,IR-VOICE-ROUND-STATE,active,
side-split-squat-right-forward-v21,new_asset,,training,side_instruction,instruction,60,,"Right foot forward, small split stance.",false,whole_recording,shared,true,low_reassurance,critical_stop;critical_window;result_transition,false,true,2580,2520,12000,16000,6,true,chair-supported-split-squat,v21_script_review,ready_for_human_review,implementation_required_before_preview,IR-VOICE-ROUND-STATE,active,
ex-glute-bridge-hold-first-v21,new_asset,,training,exact_training_instruction,instruction,60,,"Bridge hold. Lie on your back, knees bent, feet flat. Lift your hips and hold.",false,whole_recording,first_use,true,low_reassurance,critical_stop;critical_window;result_transition,false,true,5820,5670,12000,16000,15,true,glute-bridge-hold,v21_script_review,ready_for_human_review,implementation_required_before_preview,IR-VOICE-FLOOR-GATE;IR-VOICE-FINAL-POSITION-READINESS;IR-VOICE-SAFETY-SUBSUMPTION,active,
ex-glute-bridge-hold-next-v21,new_asset,,training,later_set_reminder,instruction,60,,Bridge hold.,false,whole_recording,later_set,true,low_reassurance,critical_stop;critical_window;result_transition,false,true,1140,1120,4000,6000,2,true,glute-bridge-hold,v21_script_review,ready_for_human_review,implementation_required_before_preview,IR-VOICE-FLOOR-GATE;IR-VOICE-FINAL-POSITION-READINESS;IR-VOICE-SAFETY-SUBSUMPTION,active,
target-glute-bridge-hold-v21,new_composable_fragment,,training,target,instruction,60,,Hold for twenty seconds.,true,target_fragment,target,true,low_reassurance,critical_stop;critical_window;result_transition,false,true,1860,1820,4000,6000,4,true,glute-bridge-hold,v21_script_review,ready_for_human_review,implementation_required_before_preview,IR-VOICE-FLOOR-GATE;IR-VOICE-FINAL-POSITION-READINESS;IR-VOICE-SAFETY-SUBSUMPTION,active,
ex-glute-bridge-reps-first-v21,new_asset,,training,exact_training_instruction,instruction,60,,"Glute bridge. Lie on your back, knees bent, feet flat. Lift your hips, then lower with control.",false,whole_recording,first_use,true,low_reassurance,critical_stop;critical_window;result_transition,false,true,6540,6370,12000,16000,17,true,glute-bridge-reps,v21_script_review,ready_for_human_review,implementation_required_before_preview,IR-VOICE-FLOOR-GATE;IR-VOICE-FINAL-POSITION-READINESS;IR-VOICE-SAFETY-SUBSUMPTION,active,
ex-glute-bridge-reps-next-v21,new_asset,,training,later_set_reminder,instruction,60,,Glute bridge.,false,whole_recording,later_set,true,low_reassurance,critical_stop;critical_window;result_transition,false,true,1140,1120,4000,6000,2,true,glute-bridge-reps,v21_script_review,ready_for_human_review,implementation_required_before_preview,IR-VOICE-FLOOR-GATE;IR-VOICE-FINAL-POSITION-READINESS;IR-VOICE-SAFETY-SUBSUMPTION,active,
target-glute-bridge-reps-v21,new_composable_fragment,,training,target,instruction,60,,Aim for twelve reps.,true,target_fragment,target,true,low_reassurance,critical_stop;critical_window;result_transition,false,true,1860,1820,4000,6000,4,true,glute-bridge-reps,v21_script_review,ready_for_human_review,implementation_required_before_preview,IR-VOICE-FLOOR-GATE;IR-VOICE-FINAL-POSITION-READINESS;IR-VOICE-SAFETY-SUBSUMPTION,active,
ex-heel-raise-free-first-v21,new_asset,,training,exact_training_instruction,instruction,60,,"Heel raise. Stand tall. Rise onto the balls of your feet, then lower slowly.",false,whole_recording,first_use,true,low_reassurance,critical_stop;critical_window;result_transition,false,true,5460,5320,12000,16000,14,true,heel-raise-free,v21_script_review,ready_for_human_review,ready_after_audio_generation,,active,
ex-heel-raise-free-next-v21,new_asset,,training,later_set_reminder,instruction,60,,Heel raise.,false,whole_recording,later_set,true,low_reassurance,critical_stop;critical_window;result_transition,false,true,1140,1120,4000,6000,2,true,heel-raise-free,v21_script_review,ready_for_human_review,ready_after_audio_generation,,active,
target-heel-raise-free-v21,new_composable_fragment,,training,target,instruction,60,,Aim for eighteen reps.,true,target_fragment,target,true,low_reassurance,critical_stop;critical_window;result_transition,false,true,1860,1820,4000,6000,4,true,heel-raise-free,v21_script_review,ready_for_human_review,ready_after_audio_generation,,active,
ex-heel-raise-supported-first-v21,new_asset,,training,exact_training_instruction,instruction,60,,"Supported heel raise. Fingertips near support. Rise onto the balls of your feet, then lower slowly.",false,whole_recording,first_use,true,low_reassurance,critical_stop;critical_window;result_transition,false,true,6180,6020,12000,16000,16,true,heel-raise-supported,v21_script_review,ready_for_human_review,implementation_required_before_preview,IR-VOICE-SAFETY-SUBSUMPTION,active,
ex-heel-raise-supported-next-v21,new_asset,,training,later_set_reminder,instruction,60,,Supported heel raise.,false,whole_recording,later_set,true,low_reassurance,critical_stop;critical_window;result_transition,false,true,1500,1470,4000,6000,3,true,heel-raise-supported,v21_script_review,ready_for_human_review,implementation_required_before_preview,IR-VOICE-SAFETY-SUBSUMPTION,active,
target-heel-raise-supported-v21,new_composable_fragment,,training,target,instruction,60,,Aim for fifteen reps.,true,target_fragment,target,true,low_reassurance,critical_stop;critical_window;result_transition,false,true,1860,1820,4000,6000,4,true,heel-raise-supported,v21_script_review,ready_for_human_review,implementation_required_before_preview,IR-VOICE-SAFETY-SUBSUMPTION,active,
ex-hip-hinge-free-first-v21,new_asset,,training,exact_training_instruction,instruction,60,,"Hip hinge. Feet under hips. Send hips back with a long spine, then stand tall.",false,whole_recording,first_use,true,low_reassurance,critical_stop;critical_window;result_transition,false,true,5820,5670,12000,16000,15,true,hip-hinge-free,v21_script_review,ready_for_human_review,ready_after_audio_generation,,active,
ex-hip-hinge-free-next-v21,new_asset,,training,later_set_reminder,instruction,60,,Hip hinge.,false,whole_recording,later_set,true,low_reassurance,critical_stop;critical_window;result_transition,false,true,1140,1120,4000,6000,2,true,hip-hinge-free,v21_script_review,ready_for_human_review,ready_after_audio_generation,,active,
target-hip-hinge-free-v21,new_composable_fragment,,training,target,instruction,60,,Aim for twelve reps.,true,target_fragment,target,true,low_reassurance,critical_stop;critical_window;result_transition,false,true,1860,1820,4000,6000,4,true,hip-hinge-free,v21_script_review,ready_for_human_review,ready_after_audio_generation,,active,
ex-hip-hinge-wall-first-v21,new_asset,,training,exact_training_instruction,instruction,60,,"Wall-tap hinge. Stand a step from the wall. Send hips back to tap the wall, then stand tall.",false,whole_recording,first_use,true,low_reassurance,critical_stop;critical_window;result_transition,false,true,7260,7070,12000,16000,19,true,hip-hinge-wall,v21_script_review,ready_for_human_review,implementation_required_before_preview,IR-VOICE-SAFETY-SUBSUMPTION,active,
ex-hip-hinge-wall-next-v21,new_asset,,training,later_set_reminder,instruction,60,,Wall-tap hinge.,false,whole_recording,later_set,true,low_reassurance,critical_stop;critical_window;result_transition,false,true,1500,1470,4000,6000,3,true,hip-hinge-wall,v21_script_review,ready_for_human_review,implementation_required_before_preview,IR-VOICE-SAFETY-SUBSUMPTION,active,
target-hip-hinge-wall-v21,new_composable_fragment,,training,target,instruction,60,,Aim for ten reps.,true,target_fragment,target,true,low_reassurance,critical_stop;critical_window;result_transition,false,true,1860,1820,4000,6000,4,true,hip-hinge-wall,v21_script_review,ready_for_human_review,implementation_required_before_preview,IR-VOICE-SAFETY-SUBSUMPTION,active,
ex-loaded-march-first-v21,new_asset,,training,exact_training_instruction,instruction,60,,March in place. Stand tall near support and march with a steady rhythm.,false,whole_recording,first_use,true,low_reassurance,critical_stop;critical_window;result_transition,false,true,5100,4970,12000,16000,13,true,loaded-march,v21_script_review,ready_for_human_review,implementation_required_before_preview,IR-VOICE-SAFETY-SUBSUMPTION,active,
ex-loaded-march-next-v21,new_asset,,training,later_set_reminder,instruction,60,,March in place.,false,whole_recording,later_set,true,low_reassurance,critical_stop;critical_window;result_transition,false,true,1500,1470,4000,6000,3,true,loaded-march,v21_script_review,ready_for_human_review,implementation_required_before_preview,IR-VOICE-SAFETY-SUBSUMPTION,active,
target-loaded-march-v21,new_composable_fragment,,training,target,instruction,60,,Aim for sixteen reps.,true,target_fragment,target,true,low_reassurance,critical_stop;critical_window;result_transition,false,true,1860,1820,4000,6000,4,true,loaded-march,v21_script_review,ready_for_human_review,implementation_required_before_preview,IR-VOICE-SAFETY-SUBSUMPTION,active,
ex-loaded-sit-to-stand-first-v21,new_asset,,training,exact_training_instruction,instruction,60,,"Loaded sit-to-stand. Hold the load close to your chest. Stand fully, then sit with control.",false,whole_recording,first_use,true,low_reassurance,critical_stop;critical_window;result_transition,false,true,6540,6370,12000,16000,17,true,loaded-sit-to-stand,v21_script_review,ready_for_human_review,implementation_required_before_preview,IR-VOICE-SAFETY-SUBSUMPTION,active,
ex-loaded-sit-to-stand-next-v21,new_asset,,training,later_set_reminder,instruction,60,,Loaded sit-to-stand.,false,whole_recording,later_set,true,low_reassurance,critical_stop;critical_window;result_transition,false,true,1860,1820,4000,6000,4,true,loaded-sit-to-stand,v21_script_review,ready_for_human_review,implementation_required_before_preview,IR-VOICE-SAFETY-SUBSUMPTION,active,
target-loaded-sit-to-stand-v21,new_composable_fragment,,training,target,instruction,60,,Aim for eight reps.,true,target_fragment,target,true,low_reassurance,critical_stop;critical_window;result_transition,false,true,1860,1820,4000,6000,4,true,loaded-sit-to-stand,v21_script_review,ready_for_human_review,implementation_required_before_preview,IR-VOICE-SAFETY-SUBSUMPTION,active,
ex-mini-band-lateral-walk-first-v21,new_asset,,training,exact_training_instruction,instruction,60,,Mini-band lateral walk. Band above your knees. Take small controlled steps both directions.,false,whole_recording,first_use,true,low_reassurance,critical_stop;critical_window;result_transition,false,true,5460,5320,12000,16000,14,true,mini-band-lateral-walk,v21_script_review,ready_for_human_review,implementation_required_before_preview,IR-VOICE-SAFETY-SUBSUMPTION,active,
ex-mini-band-lateral-walk-next-v21,new_asset,,training,later_set_reminder,instruction,60,,Mini-band lateral walk.,false,whole_recording,later_set,true,low_reassurance,critical_stop;critical_window;result_transition,false,true,1860,1820,4000,6000,4,true,mini-band-lateral-walk,v21_script_review,ready_for_human_review,implementation_required_before_preview,IR-VOICE-SAFETY-SUBSUMPTION,active,
target-mini-band-lateral-walk-v21,new_composable_fragment,,training,target,instruction,60,,Move for thirty seconds.,true,target_fragment,target,true,low_reassurance,critical_stop;critical_window;result_transition,false,true,1860,1820,4000,6000,4,true,mini-band-lateral-walk,v21_script_review,ready_for_human_review,implementation_required_before_preview,IR-VOICE-SAFETY-SUBSUMPTION,active,
ex-neck-rotation-first-v21,new_asset,,training,exact_training_instruction,instruction,60,,"Neck rotations. Face the phone, sit or stand tall, and slowly look over one shoulder, then the other.",false,whole_recording,first_use,true,low_reassurance,critical_stop;critical_window;result_transition,false,true,6900,6720,12000,16000,18,true,neck-rotation,v21_script_review,ready_for_human_review,ready_after_audio_generation,,active,
ex-neck-rotation-next-v21,new_asset,,training,later_set_reminder,instruction,60,,Neck rotations.,false,whole_recording,later_set,true,low_reassurance,critical_stop;critical_window;result_transition,false,true,1140,1120,4000,6000,2,true,neck-rotation,v21_script_review,ready_for_human_review,ready_after_audio_generation,,active,
target-neck-rotation-v21,new_composable_fragment,,training,target,instruction,60,,Move slowly until I say stop.,true,target_fragment,target,true,low_reassurance,critical_stop;critical_window;result_transition,false,true,2580,2520,4000,6000,6,true,neck-rotation,v21_script_review,ready_for_human_review,ready_after_audio_generation,,active,
ex-overhead-press-band-first-v21,new_asset,,training,exact_training_instruction,instruction,60,,"Band overhead press. Stand tall with light band tension. Press overhead, then return slowly.",false,whole_recording,first_use,true,low_reassurance,critical_stop;critical_window;result_transition,false,true,5460,5320,12000,16000,14,true,overhead-press-band,v21_script_review,ready_for_human_review,implementation_required_before_preview,IR-VOICE-SAFETY-SUBSUMPTION,active,
ex-overhead-press-band-next-v21,new_asset,,training,later_set_reminder,instruction,60,,Band overhead press.,false,whole_recording,later_set,true,low_reassurance,critical_stop;critical_window;result_transition,false,true,1500,1470,4000,6000,3,true,overhead-press-band,v21_script_review,ready_for_human_review,implementation_required_before_preview,IR-VOICE-SAFETY-SUBSUMPTION,active,
target-overhead-press-band-v21,new_composable_fragment,,training,target,instruction,60,,Aim for twelve reps.,true,target_fragment,target,true,low_reassurance,critical_stop;critical_window;result_transition,false,true,1860,1820,4000,6000,4,true,overhead-press-band,v21_script_review,ready_for_human_review,implementation_required_before_preview,IR-VOICE-SAFETY-SUBSUMPTION,active,
ex-overhead-reach-first-v21,new_asset,,training,exact_training_instruction,instruction,60,,"Overhead reach. Stand tall. Reach both arms overhead as far as comfortable, then lower.",false,whole_recording,first_use,true,low_reassurance,critical_stop;critical_window;result_transition,false,true,5460,5320,12000,16000,14,true,overhead-reach,v21_script_review,ready_for_human_review,ready_after_audio_generation,,active,
ex-overhead-reach-next-v21,new_asset,,training,later_set_reminder,instruction,60,,Overhead reach.,false,whole_recording,later_set,true,low_reassurance,critical_stop;critical_window;result_transition,false,true,1140,1120,4000,6000,2,true,overhead-reach,v21_script_review,ready_for_human_review,ready_after_audio_generation,,active,
target-overhead-reach-v21,new_composable_fragment,,training,target,instruction,60,,Aim for twelve reps.,true,target_fragment,target,true,low_reassurance,critical_stop;critical_window;result_transition,false,true,1860,1820,4000,6000,4,true,overhead-reach,v21_script_review,ready_for_human_review,ready_after_audio_generation,,active,
ex-push-up-incline-first-v21,new_asset,,training,exact_training_instruction,instruction,60,,"Incline push-up. Hands on a stable counter or sturdy chair. Lower in with control, then press away.",false,whole_recording,first_use,true,low_reassurance,critical_stop;critical_window;result_transition,false,true,6900,6720,12000,16000,18,true,push-up-incline,v21_script_review,ready_for_human_review,implementation_required_before_preview,IR-VOICE-SAFETY-SUBSUMPTION,active,
ex-push-up-incline-next-v21,new_asset,,training,later_set_reminder,instruction,60,,Incline push-up.,false,whole_recording,later_set,true,low_reassurance,critical_stop;critical_window;result_transition,false,true,1500,1470,4000,6000,3,true,push-up-incline,v21_script_review,ready_for_human_review,implementation_required_before_preview,IR-VOICE-SAFETY-SUBSUMPTION,active,
target-push-up-incline-v21,new_composable_fragment,,training,target,instruction,60,,Aim for ten reps.,true,target_fragment,target,true,low_reassurance,critical_stop;critical_window;result_transition,false,true,1860,1820,4000,6000,4,true,push-up-incline,v21_script_review,ready_for_human_review,implementation_required_before_preview,IR-VOICE-SAFETY-SUBSUMPTION,active,
ex-push-up-standard-first-v21,new_asset,,training,exact_training_instruction,instruction,60,,"Push-up. Start from the floor position. Lower with control, then press up.",false,whole_recording,first_use,true,low_reassurance,critical_stop;critical_window;result_transition,false,true,5100,4970,12000,16000,13,true,push-up-standard,v21_script_review,ready_for_human_review,implementation_required_before_preview,IR-VOICE-FLOOR-GATE;IR-VOICE-FINAL-POSITION-READINESS;IR-VOICE-SAFETY-SUBSUMPTION,active,
ex-push-up-standard-next-v21,new_asset,,training,later_set_reminder,instruction,60,,Push-up.,false,whole_recording,later_set,true,low_reassurance,critical_stop;critical_window;result_transition,false,true,1140,1120,4000,6000,2,true,push-up-standard,v21_script_review,ready_for_human_review,implementation_required_before_preview,IR-VOICE-FLOOR-GATE;IR-VOICE-FINAL-POSITION-READINESS;IR-VOICE-SAFETY-SUBSUMPTION,active,
target-push-up-standard-v21,new_composable_fragment,,training,target,instruction,60,,Aim for eight reps.,true,target_fragment,target,true,low_reassurance,critical_stop;critical_window;result_transition,false,true,1860,1820,4000,6000,4,true,push-up-standard,v21_script_review,ready_for_human_review,implementation_required_before_preview,IR-VOICE-FLOOR-GATE;IR-VOICE-FINAL-POSITION-READINESS;IR-VOICE-SAFETY-SUBSUMPTION,active,
ex-push-up-wall-first-v21,new_asset,,training,exact_training_instruction,instruction,60,,"Wall push-up. Hands on the wall. Lower in with control, then press away.",false,whole_recording,first_use,true,low_reassurance,critical_stop;critical_window;result_transition,false,true,5460,5320,12000,16000,14,true,push-up-wall,v21_script_review,ready_for_human_review,implementation_required_before_preview,IR-VOICE-SAFETY-SUBSUMPTION,active,
ex-push-up-wall-next-v21,new_asset,,training,later_set_reminder,instruction,60,,Wall push-up.,false,whole_recording,later_set,true,low_reassurance,critical_stop;critical_window;result_transition,false,true,1500,1470,4000,6000,3,true,push-up-wall,v21_script_review,ready_for_human_review,implementation_required_before_preview,IR-VOICE-SAFETY-SUBSUMPTION,active,
target-push-up-wall-v21,new_composable_fragment,,training,target,instruction,60,,Aim for ten reps.,true,target_fragment,target,true,low_reassurance,critical_stop;critical_window;result_transition,false,true,1860,1820,4000,6000,4,true,push-up-wall,v21_script_review,ready_for_human_review,implementation_required_before_preview,IR-VOICE-SAFETY-SUBSUMPTION,active,
ex-seated-band-row-first-v21,new_asset,,training,exact_training_instruction,instruction,60,,"Seated band row. Sit tall with the band anchored under both feet. Pull elbows back, then return slowly.",false,whole_recording,first_use,true,low_reassurance,critical_stop;critical_window;result_transition,false,true,6900,6720,12000,16000,18,true,seated-band-row,v21_script_review,ready_for_human_review,implementation_required_before_preview,IR-VOICE-SAFETY-SUBSUMPTION,active,
ex-seated-band-row-next-v21,new_asset,,training,later_set_reminder,instruction,60,,Seated band row.,false,whole_recording,later_set,true,low_reassurance,critical_stop;critical_window;result_transition,false,true,1500,1470,4000,6000,3,true,seated-band-row,v21_script_review,ready_for_human_review,implementation_required_before_preview,IR-VOICE-SAFETY-SUBSUMPTION,active,
target-seated-band-row-v21,new_composable_fragment,,training,target,instruction,60,,Aim for ten reps.,true,target_fragment,target,true,low_reassurance,critical_stop;critical_window;result_transition,false,true,1860,1820,4000,6000,4,true,seated-band-row,v21_script_review,ready_for_human_review,implementation_required_before_preview,IR-VOICE-SAFETY-SUBSUMPTION,active,
ex-seated-hamstring-reach-first-v21,new_asset,,training,exact_training_instruction,instruction,60,,Seated hamstring reach. Sit tall at the chair edge.,false,whole_recording,first_use,true,low_reassurance,critical_stop;critical_window;result_transition,false,true,3660,3570,12000,16000,9,true,seated-hamstring-reach,v21_script_review,ready_for_human_review,implementation_required_before_preview,IR-VOICE-ROUND-STATE;IR-VOICE-DOSE-CONVERSION;IR-VOICE-SAFETY-SUBSUMPTION,active,
ex-seated-hamstring-reach-next-v21,new_asset,,training,later_set_reminder,instruction,60,,Seated hamstring reach.,false,whole_recording,later_set,true,low_reassurance,critical_stop;critical_window;result_transition,false,true,1500,1470,4000,6000,3,true,seated-hamstring-reach,v21_script_review,ready_for_human_review,implementation_required_before_preview,IR-VOICE-ROUND-STATE;IR-VOICE-DOSE-CONVERSION;IR-VOICE-SAFETY-SUBSUMPTION,active,
target-seated-hamstring-reach-v21,new_composable_fragment,,training,target,instruction,60,,Reach gently and hold until I say relax.,true,target_fragment,target,true,low_reassurance,critical_stop;critical_window;result_transition,false,true,3300,3220,4000,6000,8,true,seated-hamstring-reach,v21_script_review,ready_for_human_review,implementation_required_before_preview,IR-VOICE-ROUND-STATE;IR-VOICE-DOSE-CONVERSION;IR-VOICE-SAFETY-SUBSUMPTION,active,
side-hamstring-left-extended-v21,new_asset,,training,side_instruction,instruction,60,,"Extend your left leg, heel on the floor.",false,whole_recording,shared,true,low_reassurance,critical_stop;critical_window;result_transition,false,true,3300,3220,12000,16000,8,true,seated-hamstring-reach,v21_script_review,ready_for_human_review,implementation_required_before_preview,IR-VOICE-ROUND-STATE,active,
side-hamstring-right-extended-v21,new_asset,,training,side_instruction,instruction,60,,"Extend your right leg, heel on the floor.",false,whole_recording,shared,true,low_reassurance,critical_stop;critical_window;result_transition,false,true,3300,3220,12000,16000,8,true,seated-hamstring-reach,v21_script_review,ready_for_human_review,implementation_required_before_preview,IR-VOICE-ROUND-STATE,active,
ex-squat-free-first-v21,new_asset,,training,exact_training_instruction,instruction,60,,"Squat. Feet about hip width. Lower as if to sit, then stand with control.",false,whole_recording,first_use,true,low_reassurance,critical_stop;critical_window;result_transition,false,true,5460,5320,12000,16000,14,true,squat-free,v21_script_review,ready_for_human_review,ready_after_audio_generation,,active,
ex-squat-free-next-v21,new_asset,,training,later_set_reminder,instruction,60,,Squat.,false,whole_recording,later_set,true,low_reassurance,critical_stop;critical_window;result_transition,false,true,900,900,4000,6000,1,true,squat-free,v21_script_review,ready_for_human_review,ready_after_audio_generation,,active,
target-squat-free-v21,new_composable_fragment,,training,target,instruction,60,,Aim for twelve reps.,true,target_fragment,target,true,low_reassurance,critical_stop;critical_window;result_transition,false,true,1860,1820,4000,6000,4,true,squat-free,v21_script_review,ready_for_human_review,ready_after_audio_generation,,active,
ex-squat-loaded-first-v21,new_asset,,training,exact_training_instruction,instruction,60,,"Loaded squat. Hold the load close to your chest. Lower into a squat, then stand with control.",false,whole_recording,first_use,true,low_reassurance,critical_stop;critical_window;result_transition,false,true,6540,6370,12000,16000,17,true,squat-loaded,v21_script_review,ready_for_human_review,ready_after_audio_generation,,active,
ex-squat-loaded-next-v21,new_asset,,training,later_set_reminder,instruction,60,,Loaded squat.,false,whole_recording,later_set,true,low_reassurance,critical_stop;critical_window;result_transition,false,true,1140,1120,4000,6000,2,true,squat-loaded,v21_script_review,ready_for_human_review,ready_after_audio_generation,,active,
target-squat-loaded-v21,new_composable_fragment,,training,target,instruction,60,,Aim for eight reps.,true,target_fragment,target,true,low_reassurance,critical_stop;critical_window;result_transition,false,true,1860,1820,4000,6000,4,true,squat-loaded,v21_script_review,ready_for_human_review,ready_after_audio_generation,,active,
ex-squat-slow-eccentric-first-v21,new_asset,,training,exact_training_instruction,instruction,60,,"Slow-lower squat. Lower slowly, then stand with control.",false,whole_recording,first_use,true,low_reassurance,critical_stop;critical_window;result_transition,false,true,3660,3570,12000,16000,9,true,squat-slow-eccentric,v21_script_review,ready_for_human_review,ready_after_audio_generation,,active,
ex-squat-slow-eccentric-next-v21,new_asset,,training,later_set_reminder,instruction,60,,Slow-lower squat.,false,whole_recording,later_set,true,low_reassurance,critical_stop;critical_window;result_transition,false,true,1500,1470,4000,6000,3,true,squat-slow-eccentric,v21_script_review,ready_for_human_review,ready_after_audio_generation,,active,
target-squat-slow-eccentric-v21,new_composable_fragment,,training,target,instruction,60,,Aim for eight reps.,true,target_fragment,target,true,low_reassurance,critical_stop;critical_window;result_transition,false,true,1860,1820,4000,6000,4,true,squat-slow-eccentric,v21_script_review,ready_for_human_review,ready_after_audio_generation,,active,
ex-squat-supported-first-v21,new_asset,,training,exact_training_instruction,instruction,60,,"Supported squat. Stand near sturdy support. Lower as if to sit, then stand with control.",false,whole_recording,first_use,true,low_reassurance,critical_stop;critical_window;result_transition,false,true,5820,5670,12000,16000,15,true,squat-supported,v21_script_review,ready_for_human_review,implementation_required_before_preview,IR-VOICE-SAFETY-SUBSUMPTION,active,
ex-squat-supported-next-v21,new_asset,,training,later_set_reminder,instruction,60,,Supported squat.,false,whole_recording,later_set,true,low_reassurance,critical_stop;critical_window;result_transition,false,true,1140,1120,4000,6000,2,true,squat-supported,v21_script_review,ready_for_human_review,implementation_required_before_preview,IR-VOICE-SAFETY-SUBSUMPTION,active,
target-squat-supported-v21,new_composable_fragment,,training,target,instruction,60,,Aim for ten reps.,true,target_fragment,target,true,low_reassurance,critical_stop;critical_window;result_transition,false,true,1860,1820,4000,6000,4,true,squat-supported,v21_script_review,ready_for_human_review,implementation_required_before_preview,IR-VOICE-SAFETY-SUBSUMPTION,active,
ex-standing-band-row-first-v21,new_asset,,training,exact_training_instruction,instruction,60,,"Standing band row. Face the secure door anchor in a stable stance. Pull elbows back, then return slowly.",false,whole_recording,first_use,true,low_reassurance,critical_stop;critical_window;result_transition,false,true,6900,6720,12000,16000,18,true,standing-band-row,v21_script_review,ready_for_human_review,implementation_required_before_preview,IR-VOICE-SAFETY-SUBSUMPTION,active,
ex-standing-band-row-next-v21,new_asset,,training,later_set_reminder,instruction,60,,Standing band row.,false,whole_recording,later_set,true,low_reassurance,critical_stop;critical_window;result_transition,false,true,1500,1470,4000,6000,3,true,standing-band-row,v21_script_review,ready_for_human_review,implementation_required_before_preview,IR-VOICE-SAFETY-SUBSUMPTION,active,
target-standing-band-row-v21,new_composable_fragment,,training,target,instruction,60,,Aim for ten reps.,true,target_fragment,target,true,low_reassurance,critical_stop;critical_window;result_transition,false,true,1860,1820,4000,6000,4,true,standing-band-row,v21_script_review,ready_for_human_review,implementation_required_before_preview,IR-VOICE-SAFETY-SUBSUMPTION,active,
ex-step-up-first-v21,new_asset,,training,exact_training_instruction,instruction,60,,"Step-up. Use the lowest stable step with support nearby. Alternate the leading leg each rep, returning both feet to the floor.",false,whole_recording,first_use,true,low_reassurance,critical_stop;critical_window;result_transition,false,true,8340,8120,12000,16000,22,true,step-up,v21_script_review,ready_for_human_review,implementation_required_before_preview,IR-VOICE-STEP-ALTERNATION;IR-VOICE-SAFETY-SUBSUMPTION,active,
ex-step-up-next-v21,new_asset,,training,later_set_reminder,instruction,60,,Step-up. Alternate the leading leg each rep.,false,whole_recording,later_set,true,low_reassurance,critical_stop;critical_window;result_transition,false,true,3300,3220,4000,6000,8,true,step-up,v21_script_review,ready_for_human_review,implementation_required_before_preview,IR-VOICE-STEP-ALTERNATION;IR-VOICE-SAFETY-SUBSUMPTION,active,
target-step-up-v21,new_composable_fragment,,training,target,instruction,60,,Do twelve total reps.,true,target_fragment,target,true,low_reassurance,critical_stop;critical_window;result_transition,false,true,1860,1820,4000,6000,4,true,step-up,v21_script_review,ready_for_human_review,implementation_required_before_preview,IR-VOICE-STEP-ALTERNATION;IR-VOICE-SAFETY-SUBSUMPTION,active,
ex-sts-cushion-first-v21,new_asset,,training,exact_training_instruction,instruction,60,,"Cushion sit-to-stand. Sit tall on the cushion, feet flat. Stand fully, then sit with control.",false,whole_recording,first_use,true,low_reassurance,critical_stop;critical_window;result_transition,false,true,6540,6370,12000,16000,17,true,sts-cushion,v21_script_review,ready_for_human_review,implementation_required_before_preview,IR-VOICE-SAFETY-SUBSUMPTION,active,
ex-sts-cushion-next-v21,new_asset,,training,later_set_reminder,instruction,60,,Cushion sit-to-stand.,false,whole_recording,later_set,true,low_reassurance,critical_stop;critical_window;result_transition,false,true,1860,1820,4000,6000,4,true,sts-cushion,v21_script_review,ready_for_human_review,implementation_required_before_preview,IR-VOICE-SAFETY-SUBSUMPTION,active,
target-sts-cushion-v21,new_composable_fragment,,training,target,instruction,60,,Aim for eight reps.,true,target_fragment,target,true,low_reassurance,critical_stop;critical_window;result_transition,false,true,1860,1820,4000,6000,4,true,sts-cushion,v21_script_review,ready_for_human_review,implementation_required_before_preview,IR-VOICE-SAFETY-SUBSUMPTION,active,
ex-sts-power-first-v21,new_asset,,training,exact_training_instruction,instruction,60,,"Power sit-to-stand. Sit tall, drive up briskly to standing, then sit with control.",false,whole_recording,first_use,true,low_reassurance,critical_stop;critical_window;result_transition,false,true,5820,5670,12000,16000,15,true,sts-power,v21_script_review,ready_for_human_review,implementation_required_before_preview,IR-VOICE-SAFETY-SUBSUMPTION,active,
ex-sts-power-next-v21,new_asset,,training,later_set_reminder,instruction,60,,Power sit-to-stand.,false,whole_recording,later_set,true,low_reassurance,critical_stop;critical_window;result_transition,false,true,1860,1820,4000,6000,4,true,sts-power,v21_script_review,ready_for_human_review,implementation_required_before_preview,IR-VOICE-SAFETY-SUBSUMPTION,active,
target-sts-power-v21,new_composable_fragment,,training,target,instruction,60,,Aim for twelve reps.,true,target_fragment,target,true,low_reassurance,critical_stop;critical_window;result_transition,false,true,1860,1820,4000,6000,4,true,sts-power,v21_script_review,ready_for_human_review,implementation_required_before_preview,IR-VOICE-SAFETY-SUBSUMPTION,active,
ex-sts-slow-eccentric-first-v21,new_asset,,training,exact_training_instruction,instruction,60,,"Slow-lower sit-to-stand. Stand fully, then lower slowly and steadily before the next rep.",false,whole_recording,first_use,true,low_reassurance,critical_stop;critical_window;result_transition,false,true,6180,6020,12000,16000,16,true,sts-slow-eccentric,v21_script_review,ready_for_human_review,implementation_required_before_preview,IR-VOICE-SAFETY-SUBSUMPTION,active,
ex-sts-slow-eccentric-next-v21,new_asset,,training,later_set_reminder,instruction,60,,Slow-lower sit-to-stand.,false,whole_recording,later_set,true,low_reassurance,critical_stop;critical_window;result_transition,false,true,2220,2170,4000,6000,5,true,sts-slow-eccentric,v21_script_review,ready_for_human_review,implementation_required_before_preview,IR-VOICE-SAFETY-SUBSUMPTION,active,
target-sts-slow-eccentric-v21,new_composable_fragment,,training,target,instruction,60,,Aim for eight reps.,true,target_fragment,target,true,low_reassurance,critical_stop;critical_window;result_transition,false,true,1860,1820,4000,6000,4,true,sts-slow-eccentric,v21_script_review,ready_for_human_review,implementation_required_before_preview,IR-VOICE-SAFETY-SUBSUMPTION,active,
ex-sts-standard-first-v21,new_asset,,training,exact_training_instruction,instruction,60,,"Sit-to-stand. Sit tall in the middle of the chair, feet flat. Stand fully, then sit with control.",false,whole_recording,first_use,true,low_reassurance,critical_stop;critical_window;result_transition,false,true,7260,7070,12000,16000,19,true,sts-standard,v21_script_review,ready_for_human_review,implementation_required_before_preview,IR-VOICE-SAFETY-SUBSUMPTION,active,
ex-sts-standard-next-v21,new_asset,,training,later_set_reminder,instruction,60,,Sit-to-stand.,false,whole_recording,later_set,true,low_reassurance,critical_stop;critical_window;result_transition,false,true,1500,1470,4000,6000,3,true,sts-standard,v21_script_review,ready_for_human_review,implementation_required_before_preview,IR-VOICE-SAFETY-SUBSUMPTION,active,
target-sts-standard-v21,new_composable_fragment,,training,target,instruction,60,,Aim for ten reps.,true,target_fragment,target,true,low_reassurance,critical_stop;critical_window;result_transition,false,true,1860,1820,4000,6000,4,true,sts-standard,v21_script_review,ready_for_human_review,implementation_required_before_preview,IR-VOICE-SAFETY-SUBSUMPTION,active,
ex-supported-hip-flexor-stretch-first-v21,new_asset,,training,exact_training_instruction,instruction,60,,Supported hip-flexor stretch. Keep fingertips near support.,false,whole_recording,first_use,true,low_reassurance,critical_stop;critical_window;result_transition,false,true,3300,3220,12000,16000,8,true,supported-hip-flexor-stretch,v21_script_review,ready_for_human_review,implementation_required_before_preview,IR-VOICE-ROUND-STATE;IR-VOICE-DOSE-CONVERSION;IR-VOICE-SAFETY-SUBSUMPTION,active,
ex-supported-hip-flexor-stretch-next-v21,new_asset,,training,later_set_reminder,instruction,60,,Supported hip-flexor stretch.,false,whole_recording,later_set,true,low_reassurance,critical_stop;critical_window;result_transition,false,true,1860,1820,4000,6000,4,true,supported-hip-flexor-stretch,v21_script_review,ready_for_human_review,implementation_required_before_preview,IR-VOICE-ROUND-STATE;IR-VOICE-DOSE-CONVERSION;IR-VOICE-SAFETY-SUBSUMPTION,active,
target-supported-hip-flexor-stretch-v21,new_composable_fragment,,training,target,instruction,60,,Hold for [duration].,true,target_fragment,target,true,low_reassurance,critical_stop;critical_window;result_transition,false,true,1500,1470,4000,6000,3,true,supported-hip-flexor-stretch,v21_script_review,ready_for_human_review,implementation_required_before_preview,IR-VOICE-ROUND-STATE;IR-VOICE-DOSE-CONVERSION;IR-VOICE-SAFETY-SUBSUMPTION,active,
side-hip-flexor-left-forward-v21,new_asset,,training,side_instruction,instruction,60,,Step your left foot forward and shift gently into the stretch.,false,whole_recording,shared,true,low_reassurance,critical_stop;critical_window;result_transition,false,true,4380,4270,12000,16000,11,true,supported-hip-flexor-stretch,v21_script_review,ready_for_human_review,implementation_required_before_preview,IR-VOICE-ROUND-STATE,active,
side-hip-flexor-right-forward-v21,new_asset,,training,side_instruction,instruction,60,,Step your right foot forward and shift gently into the stretch.,false,whole_recording,shared,true,low_reassurance,critical_stop;critical_window;result_transition,false,true,4380,4270,12000,16000,11,true,supported-hip-flexor-stretch,v21_script_review,ready_for_human_review,implementation_required_before_preview,IR-VOICE-ROUND-STATE,active,
ex-supported-side-step-first-v21,new_asset,,training,exact_training_instruction,instruction,60,,"Supported side step. Stand near a counter. Step to the side, bring the other foot in, and continue with control.",false,whole_recording,first_use,true,low_reassurance,critical_stop;critical_window;result_transition,false,true,7620,7420,12000,16000,20,true,supported-side-step,v21_script_review,ready_for_human_review,implementation_required_before_preview,IR-VOICE-SAFETY-SUBSUMPTION,active,
ex-supported-side-step-next-v21,new_asset,,training,later_set_reminder,instruction,60,,Supported side step.,false,whole_recording,later_set,true,low_reassurance,critical_stop;critical_window;result_transition,false,true,1500,1470,4000,6000,3,true,supported-side-step,v21_script_review,ready_for_human_review,implementation_required_before_preview,IR-VOICE-SAFETY-SUBSUMPTION,active,
target-supported-side-step-v21,new_composable_fragment,,training,target,instruction,60,,Move for thirty seconds.,true,target_fragment,target,true,low_reassurance,critical_stop;critical_window;result_transition,false,true,1860,1820,4000,6000,4,true,supported-side-step,v21_script_review,ready_for_human_review,implementation_required_before_preview,IR-VOICE-SAFETY-SUBSUMPTION,active,
ex-thoracic-rotation-first-v21,new_asset,,training,exact_training_instruction,instruction,60,,"Thoracic rotation. Sit or stand tall with arms crossed. Rotate one way, return to center, then rotate the other way.",false,whole_recording,first_use,true,low_reassurance,critical_stop;critical_window;result_transition,false,true,7620,7420,12000,16000,20,true,thoracic-rotation,v21_script_review,ready_for_human_review,ready_after_audio_generation,,active,
ex-thoracic-rotation-next-v21,new_asset,,training,later_set_reminder,instruction,60,,Thoracic rotation.,false,whole_recording,later_set,true,low_reassurance,critical_stop;critical_window;result_transition,false,true,1140,1120,4000,6000,2,true,thoracic-rotation,v21_script_review,ready_for_human_review,ready_after_audio_generation,,active,
target-thoracic-rotation-v21,new_composable_fragment,,training,target,instruction,60,,Move for thirty seconds.,true,target_fragment,target,true,low_reassurance,critical_stop;critical_window;result_transition,false,true,1860,1820,4000,6000,4,true,thoracic-rotation,v21_script_review,ready_for_human_review,ready_after_audio_generation,,active,
ex-toe-raise-supported-first-v21,new_asset,,training,exact_training_instruction,instruction,60,,"Supported toe raise. Keep heels down, lift the front of your feet, then lower slowly.",false,whole_recording,first_use,true,low_reassurance,critical_stop;critical_window;result_transition,false,true,5820,5670,12000,16000,15,true,toe-raise-supported,v21_script_review,ready_for_human_review,implementation_required_before_preview,IR-VOICE-SAFETY-SUBSUMPTION,active,
ex-toe-raise-supported-next-v21,new_asset,,training,later_set_reminder,instruction,60,,Supported toe raise.,false,whole_recording,later_set,true,low_reassurance,critical_stop;critical_window;result_transition,false,true,1500,1470,4000,6000,3,true,toe-raise-supported,v21_script_review,ready_for_human_review,implementation_required_before_preview,IR-VOICE-SAFETY-SUBSUMPTION,active,
target-toe-raise-supported-v21,new_composable_fragment,,training,target,instruction,60,,Move for thirty seconds.,true,target_fragment,target,true,low_reassurance,critical_stop;critical_window;result_transition,false,true,1860,1820,4000,6000,4,true,toe-raise-supported,v21_script_review,ready_for_human_review,implementation_required_before_preview,IR-VOICE-SAFETY-SUBSUMPTION,active,
ex-wall-calf-stretch-first-v21,new_asset,,training,exact_training_instruction,instruction,60,,Wall calf stretch. Hands on the wall.,false,whole_recording,first_use,true,low_reassurance,critical_stop;critical_window;result_transition,false,true,2940,2870,12000,16000,7,true,wall-calf-stretch,v21_script_review,ready_for_human_review,implementation_required_before_preview,IR-VOICE-ROUND-STATE;IR-VOICE-DOSE-CONVERSION;IR-VOICE-SAFETY-SUBSUMPTION,active,
ex-wall-calf-stretch-next-v21,new_asset,,training,later_set_reminder,instruction,60,,Wall calf stretch.,false,whole_recording,later_set,true,low_reassurance,critical_stop;critical_window;result_transition,false,true,1500,1470,4000,6000,3,true,wall-calf-stretch,v21_script_review,ready_for_human_review,implementation_required_before_preview,IR-VOICE-ROUND-STATE;IR-VOICE-DOSE-CONVERSION;IR-VOICE-SAFETY-SUBSUMPTION,active,
target-wall-calf-stretch-v21,new_composable_fragment,,training,target,instruction,60,,Hold for [duration].,true,target_fragment,target,true,low_reassurance,critical_stop;critical_window;result_transition,false,true,1500,1470,4000,6000,3,true,wall-calf-stretch,v21_script_review,ready_for_human_review,implementation_required_before_preview,IR-VOICE-ROUND-STATE;IR-VOICE-DOSE-CONVERSION;IR-VOICE-SAFETY-SUBSUMPTION,active,
side-calf-left-back-v21,new_asset,,training,side_instruction,instruction,60,,"Step your left leg back, heel down.",false,whole_recording,shared,true,low_reassurance,critical_stop;critical_window;result_transition,false,true,2940,2870,12000,16000,7,true,wall-calf-stretch,v21_script_review,ready_for_human_review,implementation_required_before_preview,IR-VOICE-ROUND-STATE,active,
side-calf-right-back-v21,new_asset,,training,side_instruction,instruction,60,,"Step your right leg back, heel down.",false,whole_recording,shared,true,low_reassurance,critical_stop;critical_window;result_transition,false,true,2940,2870,12000,16000,7,true,wall-calf-stretch,v21_script_review,ready_for_human_review,implementation_required_before_preview,IR-VOICE-ROUND-STATE,active,
checkup-chair-stand-intro-v21,rewrite_existing_key,chair-stand-intro,checkup,assessment_instruction,instruction,60,,"Chair stand. Sit in the middle of a sturdy chair, side-on to the phone.",false,whole_recording,shared,true,low_reassurance,critical_stop;critical_window;result_transition,false,true,5820,5670,12000,16000,15,true,,v21_script_review,ready_for_human_review,implementation_required_before_preview,,active,
checkup-chair-stand-setup-v21,rewrite_existing_key,chair-stand-setup,checkup,assessment_instruction,instruction,60,,"Cross your arms. When I say go, stand fully and sit with control until I say time.",false,whole_recording,shared,true,low_reassurance,critical_stop;critical_window;result_transition,false,true,6540,6370,12000,16000,17,true,,v21_script_review,ready_for_human_review,implementation_required_before_preview,,active,
checkup-balance-intro-v21,rewrite_existing_key,balance-intro;balance-setup,checkup,assessment_instruction,instruction,60,,Balance check. Keep support within easy reach. I will guide each stance.,false,whole_recording,shared,true,low_reassurance,critical_stop;critical_window;result_transition,false,true,4740,4620,12000,16000,12,true,,v21_script_review,ready_for_human_review,implementation_required_before_preview,,active,
checkup-balance-feet-together-v21,rewrite_existing_key,balance-feet-together,checkup,assessment_stage,instruction,60,,Feet together. Eyes open. Keep support within reach.,false,whole_recording,shared,true,low_reassurance,critical_stop;critical_window;result_transition,false,true,3300,3220,12000,16000,8,true,,v21_script_review,ready_for_human_review,implementation_required_before_preview,IR-VOICE-BALANCE-PROTOCOL-V2,active,
checkup-balance-semi-tandem-v21,rewrite_existing_key,balance-semi-tandem,checkup,assessment_stage,instruction,60,,Semi-tandem. Slide one foot half a step forward. Eyes open.,false,whole_recording,shared,true,low_reassurance,critical_stop;critical_window;result_transition,false,true,4380,4270,12000,16000,11,true,,v21_script_review,ready_for_human_review,implementation_required_before_preview,IR-VOICE-BALANCE-PROTOCOL-V2,active,
checkup-balance-tandem-v21,rewrite_existing_key,balance-tandem,checkup,assessment_stage,instruction,60,,"Tandem. Place one foot directly in front, heel to toe. Eyes open.",false,whole_recording,shared,true,low_reassurance,critical_stop;critical_window;result_transition,false,true,4740,4620,12000,16000,12,true,,v21_script_review,ready_for_human_review,implementation_required_before_preview,IR-VOICE-BALANCE-PROTOCOL-V2,active,
checkup-balance-single-leg-v21,rewrite_existing_key,balance-single-leg,checkup,assessment_stage,instruction,60,,Single-leg. Stand on your selected leg and lift the other foot slightly.,false,whole_recording,shared,true,low_reassurance,critical_stop;critical_window;result_transition,false,true,5100,4970,12000,16000,13,true,,v21_script_review,ready_for_human_review,implementation_required_before_preview,IR-VOICE-BALANCE-PROTOCOL-V2,active,
checkup-shoulder-turn-left-v21,new_asset,,checkup,assessment_instruction,instruction,60,,Turn so your left side is nearest the phone.,false,whole_recording,shared,true,low_reassurance,critical_stop;critical_window;result_transition,false,true,3660,3570,12000,16000,9,true,,v21_script_review,ready_for_human_review,implementation_required_before_preview,,active,
checkup-shoulder-turn-right-v21,new_asset,,checkup,assessment_instruction,instruction,60,,Turn so your right side is nearest the phone.,false,whole_recording,shared,true,low_reassurance,critical_stop;critical_window;result_transition,false,true,3660,3570,12000,16000,9,true,,v21_script_review,ready_for_human_review,implementation_required_before_preview,,active,
checkup-shoulder-raise-left-v21,rewrite_existing_key,shoulder-setup,checkup,assessment_instruction,instruction,60,,Raise your left arm as high as comfortable. Hold there until I say relax.,false,whole_recording,shared,true,low_reassurance,critical_stop;critical_window;result_transition,false,true,5460,5320,12000,16000,14,true,,v21_script_review,ready_for_human_review,implementation_required_before_preview,,active,
checkup-shoulder-raise-right-v21,rewrite_existing_key,shoulder-setup,checkup,assessment_instruction,instruction,60,,Raise your right arm as high as comfortable. Hold there until I say relax.,false,whole_recording,shared,true,low_reassurance,critical_stop;critical_window;result_transition,false,true,5460,5320,12000,16000,14,true,,v21_script_review,ready_for_human_review,implementation_required_before_preview,,active,
checkup-hinge-setup-v21,rewrite_existing_key,hinge-setup,checkup,assessment_instruction,instruction,60,,Slowly fold from your hips and reach toward the floor. Hold there until I say stand tall.,false,whole_recording,shared,true,low_reassurance,critical_stop;critical_window;result_transition,false,true,6540,6370,12000,16000,17,true,,v21_script_review,ready_for_human_review,implementation_required_before_preview,,active,
relax-arm-v21,rewrite_existing_key,relax-arm,checkup,active_stop,critical_stop,100,,Relax your arm.,false,whole_recording,shared,true,all,none,false,true,1500,1470,12000,16000,3,true,,v21_script_review,ready_for_human_review,ready_after_audio_generation,,active,
stand-tall-v21,rewrite_existing_key,stand-tall,checkup,active_stop,critical_stop,100,,Stand tall.,false,whole_recording,shared,true,all,none,false,true,1140,1120,12000,16000,2,true,,v21_script_review,ready_for_human_review,ready_after_audio_generation,,active,
chair-result-zero-v21,rewrite_existing_key,no-reps,checkup,result,result_transition,70,,No stands measured this time.,false,whole_recording,shared,true,setup_recovery;low_reassurance,critical_stop;critical_window,false,true,2220,2170,12000,16000,5,true,,v21_script_review,ready_for_human_review,ready_after_audio_generation,,active,
chair-result-prefix-v21,reuse_existing,you-completed,checkup,result,result_transition,70,,You completed,false,whole_recording,shared,true,setup_recovery;low_reassurance,critical_stop;critical_window,false,true,1140,1120,12000,16000,2,true,,v21_script_review,ready_for_human_review,ready_after_audio_generation,,active,
chair-result-suffix-v21,rewrite_existing_key,stands-suffix,checkup,result,result_transition,70,,chair stands.,false,whole_recording,shared,true,setup_recovery;low_reassurance,critical_stop;critical_window,false,true,1140,1120,12000,16000,2,true,,v21_script_review,ready_for_human_review,ready_after_audio_generation,,active,
micro-chair-power-v21,rewrite_existing_key,microcheck-chair,micro_check,micro_check_instruction,instruction,60,,Five quick chair stands. Arms crossed. Stand and sit five times as quickly as safely comfortable.,false,whole_recording,shared,true,low_reassurance,critical_stop;critical_window;result_transition,false,true,6180,6020,7000,10000,16,true,,v21_script_review,ready_for_human_review,implementation_required_before_preview,IR-VOICE-SIDE-PERSISTENCE,active,
micro-single-leg-left-v21,rewrite_existing_key,microcheck-balance,micro_check,micro_check_instruction,instruction,60,,Quick balance check. Stand on your left leg with support nearby. Hold as long as comfortable.,false,whole_recording,shared,true,low_reassurance,critical_stop;critical_window;result_transition,false,true,6180,6020,7000,10000,16,true,,v21_script_review,ready_for_human_review,implementation_required_before_preview,IR-VOICE-SIDE-PERSISTENCE,active,
micro-single-leg-right-v21,rewrite_existing_key,microcheck-balance,micro_check,micro_check_instruction,instruction,60,,Quick balance check. Stand on your right leg with support nearby. Hold as long as comfortable.,false,whole_recording,shared,true,low_reassurance,critical_stop;critical_window;result_transition,false,true,6180,6020,7000,10000,16,true,,v21_script_review,ready_for_human_review,implementation_required_before_preview,IR-VOICE-SIDE-PERSISTENCE,active,
micro-mobility-left-v21,rewrite_existing_key,ex-hamstring-reach,micro_check,micro_check_instruction,instruction,60,,Quick mobility check. Extend your left leg and reach gently until I say relax.,false,whole_recording,shared,true,low_reassurance,critical_stop;critical_window;result_transition,false,true,5460,5320,7000,10000,14,true,,v21_script_review,ready_for_human_review,implementation_required_before_preview,IR-VOICE-SIDE-PERSISTENCE,active,
micro-mobility-right-v21,rewrite_existing_key,ex-hamstring-reach,micro_check,micro_check_instruction,instruction,60,,Quick mobility check. Extend your right leg and reach gently until I say relax.,false,whole_recording,shared,true,low_reassurance,critical_stop;critical_window;result_transition,false,true,5460,5320,7000,10000,14,true,,v21_script_review,ready_for_human_review,implementation_required_before_preview,IR-VOICE-SIDE-PERSISTENCE,active,
close-your-eyes,conditional_only,close-your-eyes,checkup,assessment_stage,instruction,60,,"Keep holding, and gently close your eyes.",false,whole_recording,shared,true,low_reassurance,critical_stop;critical_window;result_transition,false,true,2940,2870,12000,16000,7,false,,v21_script_review,conditional_legacy_only,conditional_legacy_only,,conditional_legacy_only,
open-your-eyes,conditional_only,open-your-eyes,checkup,assessment_stage,instruction,60,,You can open your eyes now.,false,whole_recording,shared,true,low_reassurance,critical_stop;critical_window;result_transition,false,true,2580,2520,12000,16000,6,false,,v21_script_review,conditional_legacy_only,conditional_legacy_only,,conditional_legacy_only,
tug-intro,conditional_only,tug-intro,checkup,assessment_instruction,instruction,60,,Up and go. Use the custom beta setup for this walking check.,false,whole_recording,shared,true,low_reassurance,critical_stop;critical_window;result_transition,false,true,4740,4620,12000,16000,12,false,,v21_script_review,conditional_legacy_only,conditional_legacy_only,,conditional_legacy_only,
tug-setup,conditional_only,tug-setup,checkup,assessment_instruction,instruction,60,,"When I say go, stand, walk the marked path, turn, walk back, and sit.",false,whole_recording,shared,true,low_reassurance,critical_stop;critical_window;result_transition,false,true,5460,5320,12000,16000,14,false,,v21_script_review,conditional_legacy_only,conditional_legacy_only,,conditional_legacy_only,
set-plan-one-set-v21,retire,set-plan-one-set,shared,retired,instruction,60,,,false,whole_recording,shared,true,low_reassurance,critical_stop;critical_window;result_transition,false,true,900,900,12000,16000,0,false,,v21_script_review,retired,retired,,retired,Total set count is not spoken during setup.
set-plan-two-sets-v21,retire,set-plan-two-sets,shared,retired,instruction,60,,,false,whole_recording,shared,true,low_reassurance,critical_stop;critical_window;result_transition,false,true,900,900,12000,16000,0,false,,v21_script_review,retired,retired,,retired,Total set count is not spoken during setup.
set-plan-three-sets-v21,retire,set-plan-three-sets,shared,retired,instruction,60,,,false,whole_recording,shared,true,low_reassurance,critical_stop;critical_window;result_transition,false,true,900,900,12000,16000,0,false,,v21_script_review,retired,retired,,retired,Total set count is not spoken during setup.
set-plan-generic-v21,retire,set-plan-generic,shared,retired,instruction,60,,,false,whole_recording,shared,true,low_reassurance,critical_stop;critical_window;result_transition,false,true,900,900,12000,16000,0,false,,v21_script_review,retired,retired,,retired,Total set count is not spoken during setup.
balance-eyes-closed-default-v21,retire,close-your-eyes,shared,retired,instruction,60,,,false,whole_recording,shared,true,low_reassurance,critical_stop;critical_window;result_transition,false,true,900,900,12000,16000,0,false,,v21_script_review,retired,retired,,retired,Eyes-closed balance is not in the V2.1 default home protocol.
band-general-door-duplicate-v21,retire,band_inspect_before_use,shared,retired,instruction,60,,,false,whole_recording,shared,true,low_reassurance,critical_stop;critical_window;result_transition,false,true,900,900,12000,16000,0,false,,v21_script_review,retired,retired,,retired,Door-anchor line subsumes general band line for that setup.
